Technical Analysis: WILLR__|,Technical Analysis: WILLR__|__WILLR
6/29/18,-63.9506
6/28/18,-60.7407
6/27/18,-71.7695
6/26/18,-72.5316
6/25/18,-89.3096
6/22/18,-86.3256
6/21/18,-81.3023
6/20/18,-71.6279
6/19/18,-79.1628
6/18/18,-67.7419
6/15/18,-66.5012
6/14/18,-42.1836
6/13/18,-43.4243
6/12/18,-22.7488
6/11/18,-35.1896
6/8/18,-29.6209
6/7/18,-8.7678
6/6/18,-1.2019
6/5/18,-7.7017
6/4/18,-19.1106
6/1/18,-0.3876
5/31/18,-64.3145
5/30/18,-54.4592
5/29/18,-46.8691
5/25/18,-26.6965
5/24/18,-33.1096
5/23/18,-16.4754
5/22/18,-20.1521
5/21/18,-16.5359
5/18/18,-16.1753
5/17/18,-11.8472
5/16/18,-7.3638
5/15/18,-13.2145
5/14/18,-7.4647
5/11/18,-5.9852
5/10/18,-1.1096
5/9/18,-1.1464
5/8/18,-5.9911
5/7/18,-9.2825
5/4/18,-1.7782
5/3/18,-11.1791
5/2/18,-12.9271
5/1/18,-53.7323
4/30/18,-74.7084
4/27/18,-90.7683
4/26/18,-83.0671
4/25/18,-86.2845
4/24/18,-90.292
4/23/18,-92.2541
4/20/18,-93.294
4/19/18,-42.4187
4/18/18,-7.5796
4/17/18,-4.8146
4/16/18,-3.157
4/13/18,-9.7625
4/12/18,-9.4569
4/11/18,-25.3745
4/10/18,-17.7903
4/9/18,-54.7445
4/6/18,-69.9231
4/5/18,-43.1399
4/4/18,-54.7242
4/3/18,-75.5763
4/2/18,-88.3868
3/29/18,-84.6983
3/28/18,-91.7026
3/27/18,-81.681
3/26/18,-57.8125
3/23/18,-100
3/22/18,-98.3221
3/21/18,-99.9183
3/20/18,-74.7511
3/19/18,-74.2081
3/16/18,-49.5928
3/15/18,-43.8914
3/14/18,-45.7919
3/13/18,-29.9406
3/12/18,-5.8875
3/9/18,-6.6111
3/8/18,-38.2613
3/7/18,-48.0844
3/6/18,-22.2441
3/5/18,-20.0105
3/2/18,-19.0651
3/1/18,-18.4856
2/28/18,-8.214
2/27/18,-6.9114
2/26/18,-1.4408
2/23/18,-0.5903
2/22/18,-9.4386
2/21/18,-15.2563
2/20/18,-12.083
2/16/18,-9.7234
2/15/18,-0.4376
2/14/18,-21.2776
2/13/18,-42.9381
2/12/18,-53.9172
2/9/18,-78.8699
2/8/18,-95.4796
2/7/18,-78.3425
2/6/18,-65.4023
2/5/18,-97.9668
2/2/18,-98
2/1/18,-80
1/31/18,-82.2727
1/30/18,-85.2597
1/29/18,-93.1696
1/26/18,-85.5578
1/25/18,-93.9394
1/24/18,-73.3167
1/23/18,-37.5921
1/22/18,-28.5978
1/19/18,-15.0735
1/18/18,-7.7206
1/17/18,-2.8515
1/16/18,-31.4651
1/12/18,-3.317
1/11/18,-10.8824
1/10/18,-25.4412
1/9/18,-24.8529
1/8/18,-35.7143
1/5/18,-27.5689
1/4/18,-52.2556
1/3/18,-62.2807
1/2/18,-61.9048
12/29/17,-94.7681
12/28/17,-72.7705
12/27/17,-78.478
12/26/17,-61.7318
12/22/17,-20.3911
12/21/17,-20.3911
12/20/17,-26.5363
12/19/17,-24.7672
12/18/17,-7.2626
12/15/17,-10.7015
12/14/17,-33.1787
12/13/17,-35.7301
12/12/17,-42.0354
12/11/17,-31.3053
12/8/17,-67.8097
12/7/17,-68.3628
12/6/17,-71.792
12/5/17,-70.2638
12/4/17,-68.3453
12/1/17,-53.3573
11/30/17,-43.765
11/29/17,-74.0347
11/28/17,-40.3308
11/27/17,-27.3537
11/24/17,-16.1578
11/22/17,-16.285
11/21/17,-28.2847
11/20/17,-57.1168
11/17/17,-55.5657
11/16/17,-41.0543
11/15/17,-40.821
11/14/17,-25.1799
11/13/17,-10.825
11/10/17,-7.4869
11/9/17,-1.7167
11/8/17,0
11/7/17,-2.175
11/6/17,-3.7056
11/3/17,-9.1476
11/2/17,-12.2654
11/1/17,-20.4424
10/31/17,-4.1689
10/30/17,-10.3448
10/27/17,-6.4103
10/26/17,-59.1453
10/25/17,-70.6815
10/24/17,-55.2786
10/23/17,-55.8859
10/20/17,-54.9346
10/19/17,-58.1451
10/18/17,-12.5141
10/17/17,-4.5096
10/16/17,-1.5
10/13/17,-16.0063
10/12/17,-22.6244
10/11/17,-16.4027
10/10/17,-23.7557
10/9/17,-26.5934
10/6/17,-42.1301
10/5/17,-45.0617
10/4/17,-63.4208
10/3/17,-54.9534
10/2/17,-60.6266
9/29/17,-66.4865
9/28/17,-72.1622
9/27/17,-65.7432
9/26/17,-73.1081
9/25/17,-90.6081
9/22/17,-90.2849
9/21/17,-94.7498
9/20/17,-79.838
9/19/17,-88.3357
9/18/17,-89.1892
9/15/17,-71.9772
9/14/17,-94.7368
9/13/17,-75.2489
9/12/17,-63.6505
9/11/17,-49.711
9/8/17,-64.1919
9/7/17,-37.4368
9/6/17,-30.8243
9/5/17,-29.0949
9/1/17,-9.054
8/31/17,-5.5261
8/30/17,-6.1504
8/29/17,-2.4735
8/28/17,-13.198
8/25/17,-33.6294
8/24/17,-41.1168
8/23/17,-32.1066
8/22/17,-34.6447
8/21/17,-67.2589
8/18/17,-35.5319
8/17/17,-32.3366
8/16/17,-10.8484
8/15/17,-3.9946
8/14/17,-13.627
8/11/17,-29.9381
8/10/17,-44.8039
8/9/17,-5.2994
8/8/17,-12.044
8/7/17,-7.5502
8/4/17,-26.988
8/3/17,-33.5743
8/2/17,-20.9639
8/1/17,-46.0819
7/31/17,-57.361
7/28/17,-46.7222
7/27/17,-32.2976
7/26/17,-4.2611
7/25/17,-9.6238
7/24/17,-3.4895
7/21/17,-15.7556
7/20/17,-15.0054
7/19/17,-4.3764
7/18/17,-9.5128
7/17/17,-15.5452
7/14/17,-4.1135
7/13/17,-11.5942
7/12/17,-42.3333
7/11/17,-45.8333
7/10/17,-53.6667
7/7/17,-68.3333
7/6/17,-91.2829
7/5/17,-68.9145
7/3/17,-78.6184
6/30/17,-70.0658
6/29/17,-75.6579
6/28/17,-72.0554
6/27/17,-88.5307
6/26/17,-73.73
6/23/17,-70.3919
6/22/17,-75.1089
6/21/17,-73.3672
6/20/17,-79.6081
6/19/17,-69.9565
6/16/17,-99.492
6/15/17,-84.8947
6/14/17,-80.3267
6/13/17,-69.7105
6/12/17,-78.3964
6/9/17,-70.2811
6/8/17,-26.3298
6/7/17,-12.5773
6/6/17,-22.2951
6/5/17,-33.5433
6/2/17,-17.2911
6/1/17,-50
5/31/17,-56.0519
5/30/17,-42.9395
5/26/17,-43.804
5/25/17,-36.4829
5/24/17,-33.4681
5/23/17,-26.2915
5/22/17,-21.4863
5/19/17,-28.9984
5/18/17,-33.1987
5/17/17,-47.8326
5/16/17,-8.8191
5/15/17,-7.1001
5/12/17,-2.4335
5/11/17,-7.9487
5/10/17,-12.4328
5/9/17,-6.4869
5/8/17,-5.2075
5/5/17,-0.2345
5/4/17,-20.4188
5/3/17,-13.4817
5/2/17,-7.5916
5/1/17,-8.6835
4/28/17,-25.8264
4/27/17,-22.9339
4/26/17,-25.2066
4/25/17,-17.2222
4/24/17,-33.7037
4/21/17,-59.0741
4/20/17,-55.9259
4/19/17,-88.5185
4/18/17,-78.8889
4/17/17,-67.2222
4/13/17,-64.4737
4/12/17,-53.5088
4/11/17,-55.9942
4/10/17,-33.4795
4/7/17,-30.9942
4/6/17,-26.3158
4/5/17,-21.0526
4/4/17,-1.9139
4/3/17,-13.6054
3/31/17,-14.2857
3/30/17,-9.6939
3/29/17,-6.3032
3/28/17,-3.4335
3/27/17,-33.3913
3/24/17,-37.5652
3/23/17,-32.6957
3/22/17,-24
3/21/17,-51.4783
3/20/17,-0.8989
3/17/17,-23.8426
3/16/17,-6.962
3/15/17,-5.3034
3/14/17,-25.7792
3/13/17,-21.578
3/10/17,-22.7784
3/9/17,-30.8693
3/8/17,-23.5089
3/7/17,-13.4061
3/6/17,-13.354
3/3/17,-6.6227
3/2/17,-16.0246
3/1/17,-3.9867
2/28/17,-7.7044
2/27/17,-7.8236
2/24/17,-9.5571
2/23/17,-10.1931
2/22/17,-0.1071
2/21/17,-0.5133
2/17/17,-3.5144
2/16/17,-5.9105
2/15/17,-4.8562
2/14/17,-0.4838
2/13/17,-3.9143
2/10/17,-6.1012
2/9/17,-0.1931
2/8/17,-1.4151
2/7/17,-4.4025
2/6/17,-1.8868
2/3/17,-11.4914
2/2/17,-15.9739
2/1/17,-14.1694
1/31/17,-25.7683
1/30/17,-19.1489
1/27/17,-10.8889
1/26/17,-8.3752
1/25/17,-3.4976
1/24/17,-16.6008
1/23/17,-12.0661
1/20/17,-8.7108
1/19/17,-12.5436
1/18/17,-8.885
1/17/17,-4.3796
1/13/17,-17.2147
1/12/17,-13.1528
1/11/17,-3.4816
1/10/17,-6.8522
1/9/17,-9.4218
1/6/17,-7.3529
1/5/17,-43.1923
1/4/17,-61.3093
1/3/17,-43.7491
12/30/16,-39.746
12/29/16,-22.5458
12/28/16,-16.9431
12/27/16,-6.25
12/23/16,-11.7506
12/22/16,-13.0811
12/21/16,-4.7568
12/20/16,-5.9459
12/19/16,-8.1051
12/16/16,-8.9623
12/15/16,-10.7311
12/14/16,-12.7044
12/13/16,-9.5176
12/12/16,-25.1852
12/9/16,-11.6279
12/8/16,-8.1851
12/7/16,-34.0451
12/6/16,-42.8815
12/5/16,-53.2058
12/2/16,-30.5903
12/1/16,-35.48
11/30/16,-23.1962
11/29/16,-11.9857
11/28/16,-10.6738
11/25/16,-7.554
11/23/16,-14.2686
11/22/16,-7.4341
11/21/16,-7.497
11/18/16,-38.2869
11/17/16,-42.1675
11/16/16,-46.9003
11/15/16,-74.2784
11/14/16,-86.163
11/11/16,-79.2498
11/10/16,-84.3575
11/9/16,-72.5509
11/8/16,-71.2195
11/7/16,-77.561
11/4/16,-92.878
11/3/16,-96.8218
11/2/16,-86.4623
11/1/16,-87.7395
10/31/16,-93.4109
10/28/16,-92.3792
10/27/16,-78.2528
10/26/16,-57.6208
10/25/16,-7.9137
10/24/16,-17.3333
10/21/16,-34.4884
10/20/16,-25.429
10/19/16,-22.7866
10/18/16,-17.7068
10/17/16,-16.5457
10/14/16,-15.3846
10/13/16,-23.9496
10/12/16,-18.9076
10/11/16,-33.4734
10/10/16,-13.4615
10/7/16,-25.9587
10/6/16,-49.46
10/5/16,-67.6026
10/4/16,-68.6825
10/3/16,-48.285
9/30/16,-35.0112
9/29/16,-29.304
9/28/16,-16.337
9/27/16,-22.6374
9/26/16,-24.1758
9/23/16,-25.4212
9/22/16,-11.4286
9/21/16,-19.2674
9/20/16,-19.1209
9/19/16,-19.0476
9/16/16,-8.8971
9/15/16,-1.2121
9/14/16,-12
9/13/16,-13.4185
9/12/16,-57.1429
9/9/16,-100
9/8/16,-93.7079
9/7/16,-31.7422
9/6/16,-47.494
9/2/16,-52.8541
9/1/16,-73.9958
8/31/16,-87.315
8/30/16,-89.4292
8/29/16,-86.5482
8/26/16,-83.9286
8/25/16,-74.9296
8/24/16,-54.321
8/23/16,-27.8788
8/22/16,-31.5018
8/19/16,-13.9647
8/18/16,-18.4591
8/17/16,-15.4198
8/16/16,-11.471
8/15/16,-0.8837
8/12/16,-6.0703
8/11/16,-8.0671
8/10/16,-7.508
8/9/16,-1.0383
8/8/16,0
8/5/16,-1.5138
8/4/16,-2.8777
8/3/16,-3.6999
8/2/16,-17.1634
8/1/16,-1.0277
7/29/16,-4.182
7/28/16,-1.3699
7/27/16,-16.8675
7/26/16,-80.4833
7/25/16,-55.2036
7/22/16,-35.2941
7/21/16,-23.6802
7/20/16,-8.1169
7/19/16,-4
7/18/16,-3.7547
7/15/16,-6.6667
7/14/16,-2.6702
7/13/16,-13.3871
7/12/16,-4.5161
7/11/16,-10.8943
7/8/16,-3.8961
7/7/16,-17.6252
7/6/16,-35.52
7/5/16,-49.4935
7/1/16,-37.0609
6/30/16,-46.1942
6/29/16,-63.0371
6/28/16,-75.3828
6/27/16,-93.6396
6/24/16,-89.782
6/23/16,-80.2606
6/22/16,-87.8847
6/21/16,-82.8944
6/20/16,-98.9796
6/17/16,-99.5448
6/16/16,-74.5704
6/15/16,-90.3042
6/14/16,-84.2205
6/13/16,-86.5019
6/10/16,-49.1961
6/9/16,-30.3935
6/8/16,-35.4567
6/7/16,-34.375
6/6/16,-36.7117
6/3/16,-30.9471
6/2/16,-28.0522
6/1/16,-20.1599
5/31/16,-7.7265
5/27/16,-3.3748
5/26/16,-2.8419
5/25/16,-1.1685
5/24/16,-2.2042
5/23/16,-9.8446
5/20/16,-10.5754
5/19/16,-26.4386
5/18/16,-20.8398
5/17/16,-52.1998
5/16/16,-52.2727
5/13/16,-93.367
5/12/16,-94.623
5/11/16,-95.4887
5/10/16,-89.5889
5/9/16,-94.2118
5/6/16,-94.6429
5/5/16,-94.9245
5/4/16,-91.005
5/3/16,-86.093
5/2/16,-93.7969
4/29/16,-93.8129
4/28/16,-96.8026
4/27/16,-87.1933
4/26/16,-94.8113
4/25/16,-92.7665
4/22/16,-86.3578
4/21/16,-93.4498
4/20/16,-83.0964
4/19/16,-88.961
4/18/16,-90.0917
4/15/16,-33.8216
4/14/16,-3.8615
4/13/16,-4.0214
4/12/16,-23.9398
4/11/16,-43.3653
4/8/16,-48.29
4/7/16,-49.9316
4/6/16,-16.8263
4/5/16,-31.3158
4/4/16,-12.8297
4/1/16,-4.9769
3/31/16,-16.0314
3/30/16,-8.3739
3/29/16,-1.4398
3/28/16,-32.8
3/24/16,-26.4
3/23/16,-20.2667
3/22/16,-12.4
3/21/16,-21.7228
3/18/16,-6.3877
3/17/16,-6.8228
3/16/16,-3.4943
3/15/16,-6.0423
3/14/16,-11.7929
3/11/16,-14.2857
3/10/16,-24.7363
3/9/16,-25.2157
3/8/16,-26.0786
3/7/16,-18.0249
3/4/16,-7.0949
3/3/16,-2.4127
3/2/16,-1.6867
3/1/16,-2.934
2/29/16,-34.9206
2/26/16,-31.4286
2/25/16,-33.8095
2/24/16,-44.2857
2/23/16,-66.6667
2/22/16,-31.9048
2/19/16,-45.2381
2/18/16,-41.746
2/17/16,-1.5464
2/16/16,-14.1414
2/12/16,-81.1543
2/11/16,-85.6674
2/10/16,-79.4311
2/9/16,-71.5536
2/8/16,-71.3348
2/5/16,-82.1663
2/4/16,-53.9387
2/3/16,-56.674
2/2/16,-77.1335
2/1/16,-55.7987
1/29/16,-45.8425
1/28/16,-81.4004
1/27/16,-99.0232
1/26/16,-26.5922
1/25/16,-51.5688
1/22/16,-35.6396
1/21/16,-78.8391
1/20/16,-77.945
1/19/16,-90.7605
1/15/16,-87.42
1/14/16,-72.3886
1/13/16,-92.6154
1/12/16,-72.8462
1/11/16,-83.8462
1/8/16,-95.9511
1/7/16,-99.8736
1/6/16,-93.2956
1/5/16,-93.4259
1/4/16,-68.9815
12/31/15,-95.8373
12/30/15,-84.6086
12/29/15,-73.8449
12/28/15,-90.4068
12/24/15,-82.7852
12/23/15,-78.7264
12/22/15,-88.3835
12/21/15,-87.6837
12/18/15,-98.4342
12/17/15,-98.3725
12/16/15,-77.0344
12/15/15,-93.0487
12/14/15,-73.287
12/11/15,-95.306
12/10/15,-65.7895
12/9/15,-75.4386
12/8/15,-29.6491
12/7/15,-24.8485
12/4/15,-9.9776
12/3/15,-52.9148
12/2/15,-40.8072
12/1/15,-28.9238
11/30/15,-18.1614
11/27/15,-37.0028
11/25/15,-34.9676
11/24/15,-32.592
11/23/15,-47.3479
11/20/15,-35.2574
11/19/15,-39.3136
11/18/15,-50.936
11/17/15,-79.0172
11/16/15,-75.234
11/13/15,-99.3939
11/12/15,-82.4008
11/11/15,-78.4334
11/10/15,-71.7192
11/9/15,-32.1146
11/6/15,-21.2308
11/5/15,-21.1524
11/4/15,-13.275
11/3/15,-6.8759
11/2/15,-1.5254
10/30/15,-14.7513
10/29/15,-1.4376
10/28/15,-0.3058
10/27/15,-42.4578
10/26/15,-35.8323
10/23/15,-1.3433
10/22/15,-1.0855
10/21/15,-22.665
10/20/15,-5.8309
10/19/15,-18.75
10/16/15,-39.8387
10/15/15,-37.3278
10/14/15,-69.0832
10/13/15,-52.2388
10/12/15,-54.2644
10/9/15,-48.7207
10/8/15,-76.6525
10/7/15,-63.0064
10/6/15,-57.3561
10/5/15,-63.0064
10/2/15,-67.2708
10/1/15,-76.3048
9/30/15,-72.979
9/29/15,-86.711
9/28/15,-62.5
9/25/15,-30.618
9/24/15,-22.5537
9/23/15,-30.6683
9/22/15,-41.6468
9/21/15,-17.6285
9/18/15,-36.0965
9/17/15,-31.1647
9/16/15,-5.0367
9/15/15,-5.152
9/14/15,-11.7999
9/11/15,-1.4203
9/10/15,-8.6995
9/9/15,-19.4407
9/8/15,-17.1697
9/4/15,-32.1148
9/3/15,-28.3821
9/2/15,-20.7018
9/1/15,-38.7135
8/31/15,-19.0643
8/28/15,-18.6784
8/27/15,-25.259
8/26/15,-36.7989
8/25/15,-58.0564
8/24/15,-60.2715
8/21/15,-99.1983
8/20/15,-76.6615
8/19/15,-58.6551
8/18/15,-47.2046
8/17/15,-45.7102
8/14/15,-55.6723
8/13/15,-61.3445
8/12/15,-65.1769
8/11/15,-90.7272
8/10/15,-49.1661
8/7/15,-83.5735
8/6/15,-85.4816
8/5/15,-84.1878
8/4/15,-92.9513
8/3/15,-94.0453
7/31/15,-96.7662
7/30/15,-94.1385
7/29/15,-84.8639
7/28/15,-69.7455
7/27/15,-74.1818
7/24/15,-61.6
7/23/15,-56.8
7/22/15,-56.3636
7/21/15,-16.1455
7/20/15,-6.5455
7/17/15,0
7/16/15,-0.6417
7/15/15,-23.8477
7/14/15,-39.603
7/13/15,-39.1304
7/10/15,-61.6257
7/9/15,-91.966
7/8/15,-99.5868
7/7/15,-68.1592
7/6/15,-71.4286
7/2/15,-63.1579
7/1/15,-60.1504
6/30/15,-83.4211
6/29/15,-99.1228
6/26/15,-75.2193
6/25/15,-58.7719
6/24/15,-45.3947
6/23/15,-71.5726
6/22/15,-62.594
6/19/15,-81.5789
6/18/15,-60.8319
6/17/15,-71.1835
6/16/15,-68.7204
6/15/15,-80.4217
6/12/15,-78.738
6/11/15,-59.5918
6/10/15,-55.6463
6/9/15,-75.5102
6/8/15,-84.202
6/5/15,-93.7093
6/4/15,-75.8403
6/3/15,-49.0534
6/2/15,-42.3944
6/1/15,-29.8773
5/29/15,-33.0061
5/28/15,-14.6012
5/27/15,-10.3352
5/26/15,-34.8595
5/22/15,-4.4745
5/21/15,-2.9021
5/20/15,-12.0735
5/19/15,-10.7713
5/18/15,-17.0109
5/15/15,-51.61
5/14/15,-50
5/13/15,-76.297
5/12/15,-77.5939
5/11/15,-73.5242
5/8/15,-61.8962
5/7/15,-83.0054
5/6/15,-85.2415
5/5/15,-86.7063
5/4/15,-57.9365
5/1/15,-55.4563
4/30/15,-93.1548
4/29/15,-58.5317
4/28/15,-39.4841
4/27/15,-5.5363
4/24/15,-5.6726
4/23/15,-12.3153
4/22/15,-5.3419
4/21/15,-30.3473
4/20/15,-17.7331
4/17/15,-69.8355
4/16/15,-42.4028
4/15/15,-29.9832
4/14/15,-38.0235
4/13/15,-28.8107
4/10/15,-18.5048
4/9/15,-31.7241
4/8/15,-54.854
4/7/15,-48.684
4/6/15,-28.5188
4/2/15,-59.0676
4/1/15,-74.9441
3/31/15,-63.2309
3/30/15,-37.7552
3/27/15,-78.7265
3/26/15,-67.1285
3/25/15,-77.9597
3/24/15,-36.272
3/23/15,-29.7229
3/20/15,-46.2217
3/19/15,-32.1965
3/18/15,-23.4899
3/17/15,-41.4502
3/16/15,-66.7001
3/13/15,-83.6257
3/12/15,-76.4411
3/11/15,-98.8686
3/10/15,-92.7551
3/9/15,-75.644
3/6/15,-89.2857
3/5/15,-90.4403
3/4/15,-63.0137
3/3/15,-38.1982
3/2/15,-33.5565
2/27/15,-33.8827
2/26/15,-20.9954
2/25/15,-31.7073
2/24/15,-9.3519
2/23/15,0
2/20/15,-0.0373
2/19/15,-4.4788
2/18/15,-1.2387
2/17/15,-7.7377
2/13/15,-2.168
2/12/15,-5.5285
2/11/15,-0.2517
2/10/15,-0.9909
2/9/15,-6.4542
2/6/15,-11.2777
2/5/15,-3.7231
2/4/15,-6.2051
2/3/15,-9.1216
2/2/15,-9.2568
1/30/15,-19.1892
1/29/15,-2.0729
1/28/15,-21.7492
1/27/15,-56.9991
1/26/15,-12.9729
1/23/15,-8.443
1/22/15,-9.8608
1/21/15,-42.9234
1/20/15,-55.9742
1/16/15,-86.5878
1/15/15,-78.4024
1/14/15,-49.0138
1/13/15,-44.8718
1/12/15,-54.4379
1/9/15,-27.2189
1/8/15,-28.4024
1/7/15,-69.2308
1/6/15,-83.925
1/5/15,-91.0256
1/2/15,-63.9248
12/31/14,-51.5864
12/30/14,-27.1246
12/29/14,-10.943
12/26/14,-10.0116
12/24/14,-41.446
12/23/14,-42.596
12/22/14,-38.9397
12/19/14,-49.543
12/18/14,-50.8083
12/17/14,-76.0274
12/16/14,-96.309
12/15/14,-86.0075
12/12/14,-96.3462
12/11/14,-78.1731
12/10/14,-75
12/9/14,-54.1346
12/8/14,-86.6745
12/5/14,-56.0142
12/4/14,-50.2358
12/3/14,-45.0472
12/2/14,-49.3256
12/1/14,-41.2335
11/28/14,-7.2247
11/26/14,-6.6079
11/25/14,-17.9916
11/24/14,-1.3218
11/21/14,-11.1675
11/20/14,-10.1464
11/19/14,-25.9186
11/18/14,-15.9051
11/17/14,-28.9104
11/14/14,-0.1131
11/13/14,-7.2
11/12/14,-2.6087
11/11/14,-8.9955
11/10/14,-19.0909
11/7/14,-14.2857
11/6/14,-13.245
11/5/14,-10.6746
11/4/14,-11.4171
11/3/14,-5.9524
10/31/14,-0.311
10/30/14,-3.1993
10/29/14,-0.2461
10/28/14,0
10/27/14,-3.6857
10/24/14,-2.6188
10/23/14,-2.2389
10/22/14,-12.542
10/21/14,-7.0153
10/20/14,-36.3889
10/17/14,-65.4167
10/16/14,-85
10/15/14,-67.2222
10/14/14,-77.897
10/13/14,-59.2593
10/10/14,-42.3372
10/9/14,-36.7816
10/8/14,-40.9962
10/7/14,-80.2682
10/6/14,-63.6015
10/3/14,-63.6015
10/2/14,-59.0994
10/1/14,-72.6079
9/30/14,-43.152
9/29/14,-55.1595
9/26/14,-33.5735
9/25/14,-75.072
9/24/14,-19.1643
9/23/14,-6.3401
9/22/14,-30.3116
9/19/14,-36.5789
9/18/14,-25.6579
9/17/14,-28.4211
9/16/14,-37.8947
9/15/14,-27.7632
9/12/14,-27.3684
9/11/14,-30.3947
9/10/14,-36.0526
9/9/14,-75.6579
9/8/14,-90.4202
9/5/14,-80.1681
9/4/14,-81.686
9/3/14,-69.1643
9/2/14,-5.7143
8/29/14,-5.487
8/28/14,-6.6713
8/27/14,-4.7363
8/26/14,-14.4094
8/25/14,-7.0866
8/22/14,-1.8315
8/21/14,-6.5301
8/20/14,-6.6581
8/19/14,-2.027
8/18/14,-3.4483
8/15/14,-23.7013
8/14/14,-31.4935
8/13/14,-35.7143
8/12/14,-56.3312
8/11/14,-56.0065
8/8/14,-76.2987
8/7/14,-86.7133
8/6/14,-69.7819
8/5/14,-62.8821
8/4/14,-56.0408
8/1/14,-48.1805
7/31/14,-55.8952
7/30/14,-18.7773
7/29/14,-15.4294
7/28/14,-3.2984
7/25/14,-3.936
7/24/14,-16.0075
7/23/14,-12.9944
7/22/14,-52.5386
7/21/14,-69.7792
7/18/14,-53.2934
7/17/14,-63.3507
7/16/14,-31.7808
7/15/14,-21.6851
7/14/14,-6.0773
7/11/14,-22.0979
7/10/14,-24.6853
7/9/14,-19.7203
7/8/14,-20.2797
7/7/14,-0.347
7/3/14,-1.573
7/2/14,-13.3484
7/1/14,-13.4228
6/30/14,-35.8121
6/27/14,-56.8519
6/26/14,-76.8519
6/25/14,-99.8736
6/24/14,-99.984
6/23/14,-99.959
6/20/14,-99.9946
6/19/14,-99.8251
6/18/14,-99.768
6/17/14,-99.7859
6/16/14,-99.7644
6/13/14,-99.9286
6/12/14,-99.9035
6/11/14,-99.6229
6/10/14,-99.5532
6/9/14,-99.6515
6/6/14,-10.5507
6/5/14,-3.1576
6/4/14,-4.9128
6/3/14,-11.2813
6/2/14,-26.408
5/30/14,-19.0063
5/29/14,-2.6353
5/28/14,-11.7576
5/27/14,-0.5052
5/23/14,-1.7422
5/22/14,-8.7398
5/21/14,-3.7778
5/20/14,-9.7037
5/19/14,-10.1481
5/16/14,-28.6542
5/15/14,-48.9327
5/14/14,-26.0567
5/13/14,-24.3817
5/12/14,-14.4821
5/9/14,-23.5961
5/8/14,-20.4101
5/7/14,-14.1766
5/6/14,-11.0772
5/5/14,-0.0446
5/2/14,-7.7753
5/1/14,-9.0238
4/30/14,-10.6016
4/29/14,-4.3119
4/28/14,-1.9664
4/25/14,-0.0824
4/24/14,-3.8009
4/23/14,-56.9458
4/22/14,-36.6439
4/21/14,-38.2893
4/17/14,-57.6672
4/16/14,-76.112
4/15/14,-79.3782
4/14/14,-85.7502
4/11/14,-92.2473
4/10/14,-84.2247
4/9/14,-61.6504
4/8/14,-84.3567
4/7/14,-94.1719
4/4/14,-72.1852
4/3/14,-42.8993
4/2/14,-24.8077
4/1/14,-28.2692
3/31/14,-47.1538
3/28/14,-46.6923
3/27/14,-44.3846
3/26/14,-35.4615
3/25/14,-3.3407
3/24/14,-7.4857
3/21/14,-40.7563
3/20/14,-65.0445
3/19/14,-47.8905
3/18/14,-34.9852
3/17/14,-53.6991
3/14/14,-62.2195
3/13/14,-37.448
3/12/14,-9.2048
3/11/14,-11.452
3/10/14,-51.0387
3/7/14,-58.3029
3/6/14,-57.4319
3/5/14,-52.9081
3/4/14,-56.0551
3/3/14,-65.8331
2/28/14,-70.104
2/27/14,-66.086
2/26/14,-78.0083
2/25/14,-64.8225
2/24/14,-48.8127
2/21/14,-49.9904
2/20/14,-34.7675
2/19/14,-23.9764
2/18/14,-9.0215
2/14/14,-3.7954
2/13/14,-16.9306
2/12/14,-31.7384
2/11/14,-32.6291
2/10/14,-44.3991
2/7/14,-59.0053
2/6/14,-70.2542
2/5/14,-70.1286
2/4/14,-77.1343
2/3/14,-88.027
1/31/14,-89.4224
1/30/14,-95.1465
1/29/14,-96.5411
1/28/14,-92.3792
1/27/14,-31.9921
1/24/14,-46.6029
1/23/14,-13.2586
1/22/14,-28.6609
1/21/14,-38.8854
1/17/14,-65.6369
1/16/14,-29.4237
1/15/14,-30.6411
1/14/14,-60.6905
1/13/14,-86.0714
1/10/14,-95.5114
1/9/14,-92.3746
1/8/14,-74.2424
1/7/14,-83.1831
1/6/14,-73.0146
1/3/14,-93.4099
1/2/14,-56.6808
12/31/13,-32.8295
12/30/13,-52.4788
12/27/13,-35.6409
12/26/13,-24.1233
12/24/13,-20.5467
12/23/13,-13.8866
12/20/13,-71.8735
12/19/13,-84.4231
12/18/13,-67.0573
12/17/13,-48.2698
12/16/13,-34.4882
12/13/13,-38.2479
12/12/13,-25.785
12/11/13,-22.4121
12/10/13,-15.5953
12/9/13,-14.1636
12/6/13,-24.5922
12/5/13,-11.7704
12/4/13,-7.5468
12/3/13,-0.11
12/2/13,-25.8585
11/29/13,-5.0605
11/27/13,-0.1197
11/26/13,-11.532
11/25/13,-32.7811
11/22/13,-56.0947
11/21/13,-48.1893
11/20/13,-84.497
11/19/13,-57.574
11/18/13,-63.0237
11/15/13,-53.0666
11/14/13,-41.2728
11/13/13,-69.2817
11/12/13,-71.604
11/11/13,-75.1842
11/8/13,-59.8655
11/7/13,-85.7079
11/6/13,-54.6512
11/5/13,-34.8774
11/4/13,-31.2344
11/1/13,-43.9515
10/31/13,-33.1623
10/30/13,-26.5373
10/29/13,-41.7304
10/28/13,-6.1037
10/25/13,-13.2338
10/24/13,-1.0334
10/23/13,-6.9556
10/22/13,-17.1062
10/21/13,-6.3842
10/18/13,-1.1943
10/17/13,-0.922
10/16/13,-5.0357
10/15/13,-12.0338
10/14/13,-6.6468
10/11/13,-12.6217
10/10/13,-32.3214
10/9/13,-33.3937
10/8/13,-51.6661
10/7/13,-25.269
10/4/13,-28.0915
10/3/13,-27.1684
10/2/13,-14.7917
10/1/13,-18.0117
9/30/13,-40.5715
9/27/13,-41.0095
9/26/13,-35.7496
9/25/13,-43.4761
9/24/13,-31.0049
9/23/13,-28.4679
9/20/13,-66.7381
9/19/13,-58.682
9/18/13,-71.2356
9/17/13,-86.6557
9/16/13,-95.2224
9/13/13,-99.5604
9/12/13,-82.6393
9/11/13,-93.6109
9/10/13,-64.2975
9/9/13,-17.908
9/6/13,-55.9481
9/5/13,-66.5826
9/4/13,-54.2502
9/3/13,-90.6994
8/30/13,-58.0521
8/29/13,-38.5922
8/28/13,-38.0163
8/27/13,-41.8539
8/26/13,-17.9231
8/23/13,-21.1682
8/22/13,-17.9398
8/21/13,-18.9383
8/20/13,-20.9491
8/19/13,-9.3298
8/16/13,-3.4896
8/15/13,-9.8985
8/14/13,-8.2249
8/13/13,-8.4383
8/12/13,-12.0639
8/9/13,-32.7943
8/8/13,-20.4588
8/7/13,-12.9936
8/6/13,-12.4859
8/5/13,-2.348
8/2/13,-0.7023
8/1/13,-1.7252
7/31/13,-12.4571
7/30/13,-9.9636
7/29/13,-6.9313
7/26/13,-10.5232
7/25/13,-17.8018
7/24/13,-11.9263
7/23/13,-64.8428
7/22/13,-33.7008
7/19/13,-29.4799
7/18/13,-6.7652
7/17/13,-4.406
7/16/13,-2.9702
7/15/13,-9.4388
7/12/13,-8.0156
7/11/13,-2.4429
7/10/13,-14.1471
7/9/13,-21.7574
7/8/13,-43.124
7/5/13,-39.0348
7/3/13,-32.6655
7/2/13,-38.6368
7/1/13,-61.1493
6/28/13,-85.7858
6/27/13,-99.5679
6/26/13,-95.4885
6/25/13,-91.0247
6/24/13,-91.4752
6/21/13,-88.3447
6/20/13,-95.7514
6/19/13,-100
6/18/13,-88.5664
6/17/13,-87.7622
6/14/13,-94.5804
6/13/13,-74.5503
6/12/13,-97.3047
6/11/13,-80.148
6/10/13,-74.8459
6/7/13,-56.6259
6/6/13,-69.037
6/5/13,-31.3874
6/4/13,-20.3927
6/3/13,-16.7016
5/31/13,-20.9359
5/30/13,-19.9216
5/29/13,-40.9297
5/28/13,-51.4977
5/24/13,-43.9701
5/23/13,-50.3949
5/22/13,-52.0726
5/21/13,-55.6884
5/20/13,-48.7086
5/17/13,-69.349
5/16/13,-66.5358
5/15/13,-64.1739
5/14/13,-37.2596
5/13/13,-15.0307
5/10/13,-17.4471
5/9/13,-12.0577
5/8/13,-2.3683
5/7/13,-8.7936
5/6/13,-1.9326
5/3/13,-4.7703
5/2/13,-4.8354
5/1/13,-9.9086
4/30/13,-4.1064
4/29/13,-14.8799
4/26/13,-39.2985
4/25/13,-55.9841
4/24/13,-61.5012
4/23/13,-60.2382
4/22/13,-74.343
4/19/13,-89.7624
4/18/13,-95.7224
4/17/13,-91.2678
4/16/13,-82.0403
4/15/13,-99.3519
4/12/13,-79.8687
4/11/13,-70.8574
4/10/13,-68.152
4/9/13,-85.4784
4/8/13,-87.0101
4/5/13,-92.9978
4/4/13,-94.4743
4/3/13,-87.1642
4/2/13,-90.0606
4/1/13,-92.0386
3/28/13,-60.9016
3/27/13,-39.8795
3/26/13,-18.0282
3/25/13,-13.0292
3/22/13,-0.4595
3/21/13,-19.6331
3/20/13,-21.1818
3/19/13,-15.4396
3/18/13,-4.5242
3/15/13,-26.256
3/14/13,-62.6246
3/13/13,-74.1141
3/12/13,-73.8926
3/11/13,-51.2277
3/8/13,-70.9124
3/7/13,-77.3612
3/6/13,-87.3442
3/5/13,-77.7745
3/4/13,-98.3433
3/1/13,-99.1084
2/28/13,-92.0897
2/27/13,-85.3849
2/26/13,-76.0787
2/25/13,-98.6423
2/22/13,-79.483
2/21/13,-90.5449
2/20/13,-84.0475
2/19/13,-58.1043
2/15/13,-57.7084
2/14/13,-37.3879
2/13/13,-35.9031
2/12/13,-34.1209
2/11/13,-43.8305
2/8/13,-50.0188
2/7/13,-58.4698
2/6/13,-72.059
2/5/13,-71.4414
2/4/13,-90.8539
2/1/13,-76.7221
1/31/13,-77.314
1/30/13,-76.7072
1/29/13,-75.1707
1/28/13,-84.694
1/25/13,-94.9634
1/24/13,-99.7171
1/23/13,-53.8015
1/22/13,-70.134
1/18/13,-76.7942
1/17/13,-73.0522
1/16/13,-68.291
1/15/13,-96.4535
1/14/13,-94.2645
1/11/13,-68.9313
1/10/13,-62.5546
1/9/13,-75.288
1/8/13,-58.9789
1/7/13,-57.8389
1/4/13,-52.0736
1/3/13,-23.9987
1/2/13,-11.1028
12/31/12,-35.9758
12/28/12,-82.7039
12/27/12,-74.3747
12/26/12,-78.1925
12/24/12,-72.1582
12/21/12,-77.5351
12/20/12,-78.0418
12/19/12,-73.1362
12/18/12,-65.0064
12/17/12,-81.1482
12/14/12,-95.2657
12/13/12,-85.4397
12/12/12,-73.1833
12/11/12,-70.0395
12/10/12,-85.2674
12/7/12,-80.753
12/6/12,-53.2931
12/5/12,-62.807
12/4/12,-21.0993
12/3/12,-9.4552
11/30/12,-10.1356
11/29/12,-5.5254
11/28/12,-8.8343
11/27/12,-6.6612
11/26/12,-1.4237
11/23/12,-22.638
11/21/12,-38.6514
11/20/12,-43.2768
11/19/12,-38.3239
11/16/12,-79.7433
11/15/12,-96.9813
11/14/12,-96.5959
11/13/12,-90.8385
11/12/12,-91.0388
11/9/12,-86.8778
11/8/12,-97.696
11/7/12,-97.6794
11/6/12,-89.6213
11/5/12,-87.3512
11/2/12,-97.3731
11/1/12,-86.419
10/31/12,-88.2931
10/26/12,-78.961
10/25/12,-91.558
10/24/12,-87.2118
10/23/12,-94.2203
10/22/12,-62.2312
10/19/12,-99.6596
10/18/12,-82.9135
10/17/12,-63.4058
10/16/12,-55.2329
10/15/12,-80.8768
10/12/12,-91.0963
10/11/12,-93.6426
10/10/12,-78.7046
10/9/12,-84.9117
10/8/12,-97.0128
10/5/12,-96.4351
10/4/12,-70.3234
10/3/12,-61.7788
10/2/12,-80.4116
10/1/12,-93.0915
9/28/12,-77.3691
9/27/12,-48.4002
9/26/12,-81.292
9/25/12,-64.2551
9/24/12,-29.1013
9/21/12,-10.1386
9/20/12,-11.0231
9/19/12,-3.9383
9/18/12,-0.9065
9/17/12,-0.0434
9/14/12,-13.9092
9/13/12,-8.414
9/12/12,-48.6662
9/11/12,-64.5253
9/10/12,-58.4139
9/7/12,-5.9354
9/6/12,-10.9368
9/5/12,-21.1237
9/4/12,-11.1069
8/31/12,-29.4239
8/30/12,-29.5071
8/29/12,-11.9093
8/28/12,-9.6242
8/27/12,-8.1386
8/24/12,-20.1765
8/23/12,-20.5468
8/22/12,-9.4915
8/21/12,-25.2151
8/20/12,0
8/17/12,-0.1669
8/16/12,-4.4694
8/15/12,-11.6085
8/14/12,-10.1392
8/13/12,0
8/10/12,-6
8/9/12,-7.7636
8/8/12,-9.3455
8/7/12,-7.4291
8/6/12,-4.2247
8/3/12,-4.752
8/2/12,-18.556
8/1/12,-20.6681
7/31/12,-10.1213
7/30/12,-44.8071
7/27/12,-69.601
7/26/12,-90.2146
7/25/12,-90.0341
7/24/12,-58.9241
7/23/12,-49.8756
7/20/12,-42.928
7/19/12,-12.1657
7/18/12,-25.0829
7/17/12,-23.8297
7/16/12,-23.885
7/13/12,-27.4604
7/12/12,-38.6473
7/11/12,-28.4556
7/10/12,-21.4891
7/9/12,-0.9235
7/6/12,-17.361
7/5/12,-9.0293
7/3/12,-1.7156
7/2/12,-3.4099
6/29/12,-24.6002
6/28/12,-85.8959
6/27/12,-66.5236
6/26/12,-77.1459
6/25/12,-78.5102
6/22/12,-24.9447
6/21/12,-29.7108
6/20/12,-10.2627
6/19/12,-6.241
6/18/12,-6.8
6/15/12,-35.925
6/14/12,-42.425
6/13/12,-40.85
6/12/12,-30.85
6/11/12,-43.325
6/8/12,-2.4868
6/7/12,-16.4869
6/6/12,-16.9252
6/5/12,-31.4734
6/4/12,-29.0121
6/1/12,-34.5752
5/31/12,-6.3554
5/30/12,-1.4184
5/29/12,-7.7872
5/25/12,-26.1598
5/24/12,-20.5817
5/23/12,-13.8839
5/22/12,-49.74
5/21/12,-43.5134
5/18/12,-89.0051
5/17/12,-100
5/16/12,-92.2705
5/15/12,-97.7439
5/14/12,-98.9735
5/11/12,-81.4127
5/10/12,-75.3651
5/9/12,-77.4921
5/8/12,-79.0794
5/7/12,-77.8084
5/4/12,-84.2912
5/3/12,-58.8966
5/2/12,-55.5524
5/1/12,-64.457
4/30/12,-64.6024
4/27/12,-46.0674
4/26/12,-40.7865
4/25/12,-38.2022
4/24/12,-94.0674
4/23/12,-82.742
4/20/12,-96.5208
4/19/12,-78.4575
4/18/12,-49.4659
4/17/12,-47.5794
4/16/12,-97.1407
4/13/12,-79.5445
4/12/12,-42.8033
4/11/12,-35.8878
4/10/12,-31.3716
4/9/12,-6.2414
4/5/12,-1.861
4/4/12,-14.573
4/3/12,-5.3311
4/2/12,-6.1238
3/30/12,-33.3333
3/29/12,-15.5675
3/28/12,-4.8889
3/27/12,-2.1388
3/26/12,-3.0921
3/23/12,-14.5565
3/22/12,-11.0351
3/21/12,-7.6529
3/20/12,-1.0366
3/19/12,-0.7832
3/16/12,-17.2338
3/15/12,-17.2457
3/14/12,-6.5479
3/13/12,-0.1363
3/12/12,0
3/9/12,-6.895
3/8/12,-12.9827
3/7/12,-28.4508
3/6/12,-29.1491
3/5/12,-24.4398
3/2/12,-4.9204
3/1/12,-6.0734
2/29/12,-7.7107
2/28/12,0
2/27/12,-4.2867
2/24/12,-5.6984
2/23/12,-13.9969
2/22/12,-18.3239
2/21/12,-15.8208
2/17/12,-33.0101
2/16/12,-29.7651
2/15/12,-34.6825
2/14/12,-0.1506
2/13/12,-2.0267
2/10/12,-5.3798
2/9/12,-4.6373
2/8/12,-0.1922
2/7/12,-1.8327
2/6/12,-2.2232
2/3/12,-0.7911
2/2/12,-9.5958
2/1/12,-6.9427
1/31/12,-4.4467
1/30/12,-4.0235
1/27/12,-20.0335
1/26/12,-27.4378
1/25/12,-18.6453
1/24/12,-49.6129
1/23/12,-17.7031
1/20/12,-39.7037
1/19/12,-11.7275
1/18/12,-1.2431
1/17/12,-11.1968
1/13/12,-28.1012
1/12/12,-20.0948
1/11/12,-14.5495
1/10/12,-11.1386
1/9/12,-12.7354
1/6/12,-0.8106
1/5/12,-1.2922
1/4/12,-3.3514
1/3/12,-3.6473
12/30/11,-13.0213
12/29/11,-12.6393
12/28/11,-20.5349
12/27/11,-8.1503
12/23/11,-1.0035
12/22/11,-2.704
12/21/11,-4.3578
12/20/11,-2.456
12/19/11,-75.8142
12/16/11,-58.718
12/15/11,-66.6539
12/14/11,-49.0178
12/13/11,-22.9677
12/12/11,-13.8108
12/9/11,-8.4316
12/8/11,-17.3769
12/7/11,-22.1215
12/6/11,-16.5005
12/5/11,-10.275
12/2/11,-12.9657
12/1/11,-11.5385
11/30/11,-44.2904
11/29/11,-73.7024
11/28/11,-71.3518
11/25/11,-99.4405
11/23/11,-97.4341
11/22/11,-74.8159
11/21/11,-92.6348
11/18/11,-99.8188
11/17/11,-94.3541
11/16/11,-78.895
11/15/11,-65.8529
11/14/11,-96.5949
11/11/11,-85.0017
11/10/11,-88.7049
11/9/11,-75.6189
11/8/11,-16.6846
11/7/11,-51.6685
11/4/11,-72.1347
11/3/11,-65.7302
11/2/11,-81.4743
11/1/11,-83.9777
10/31/11,-60.9736
10/28/11,-60.5007
10/27/11,-45.3908
10/26/11,-44.8369
10/25/11,-49.6985
10/24/11,-31.5211
10/21/11,-46.6878
10/20/11,-43.3205
10/19/11,-38.7524
10/18/11,-6.1551
10/17/11,-9.2603
10/14/11,0
10/13/11,-1.4906
10/12/11,-12.834
10/11/11,-17.1465
10/10/11,-48.6711
10/7/11,-77.3244
10/6/11,-66.2926
10/5/11,-65.0102
10/4/11,-73.3897
10/3/11,-97.1241
9/30/11,-97.4889
9/29/11,-63.3634
9/28/11,-50.7261
9/27/11,-46.3108
9/26/11,-38.6381
9/23/11,-32.9195
9/22/11,-37.3182
9/21/11,-19.0138
9/20/11,-16.6903
9/19/11,-3.4225
9/16/11,-0.0088
9/15/11,-2.5754
9/14/11,-10.6946
9/13/11,-27.548
9/12/11,-34.6066
9/9/11,-39.4701
9/8/11,-21.4653
9/7/11,-22.033
9/6/11,-33.3604
9/2/11,-48.7429
9/1/11,-29.8729
8/31/11,-19.5999
8/30/11,-5.034
8/29/11,-4.2021
8/26/11,-4.638
8/25/11,-35.2113
8/24/11,-27.5117
8/23/11,-46.2663
8/22/11,-91.5618
8/19/11,-93.2932
8/18/11,-71.9664
8/17/11,-41.0069
8/16/11,-40.9208
8/15/11,-38.7545
8/12/11,-53.4382
8/11/11,-59.8291
8/10/11,-79.2735
8/9/11,-59.2269
8/8/11,-99.6309
8/5/11,-73.6466
8/4/11,-69.1739
8/3/11,-26.3181
8/2/11,-32.3713
8/1/11,-16.0922
7/29/11,-25.0895
7/28/11,-22.6915
7/27/11,-21.3135
7/26/11,-1.9506
7/25/11,-2.8148
7/22/11,-5.5235
7/21/11,-14.4675
7/20/11,-14.7722
7/19/11,-3.8486
7/18/11,-1.9874
7/15/11,-0.2119
7/14/11,-10.5148
7/13/11,-4.7278
7/12/11,-14.9236
7/11/11,-13.3929
7/8/11,-0.5859
7/7/11,-1.6842
7/6/11,-5.367
7/5/11,-1.017
7/1/11,-0.7273
6/30/11,-3.9313
6/29/11,-10.1527
6/28/11,-5.4962
6/27/11,-11.358
6/24/11,-42.8211
6/23/11,-43.2832
6/22/11,-66.8673
6/21/11,-60.5123
6/20/11,-88.4224
6/17/11,-94.2903
6/16/11,-79.7941
6/15/11,-93.1381
6/14/11,-72.7662
6/13/11,-94.3463
6/10/11,-98.535
6/9/11,-90.8859
6/8/11,-87.5837
6/7/11,-88.4642
6/6/11,-62.0465
6/3/11,-38.2705
6/2/11,-26.5498
6/1/11,-29.1564
5/31/11,-10.5442
5/27/11,-61.1759
5/26/11,-72.8863
5/25/11,-64.2371
5/24/11,-87.1342
5/23/11,-77.7778
5/20/11,-78.7204
5/19/11,-53.5545
5/18/11,-60.6374
5/17/11,-76.7011
5/16/11,-96.7213
5/13/11,-98.9754
5/12/11,-66.195
5/11/11,-79.8787
5/10/11,-41.6728
5/9/11,-32.152
5/6/11,-24.2208
5/5/11,-23.9634
5/4/11,-15.8993
5/3/11,-19.817
5/2/11,-25.3074
4/29/11,-14.298
4/28/11,-23.9634
4/27/11,-14.2408
4/26/11,-13.4687
4/25/11,-6.0652
4/21/11,-12.6794
4/20/11,-29.2015
4/19/11,-43.6794
4/18/11,-62.8029
4/15/11,-97.3373
4/14/11,-90.1235
4/13/11,-74.856
4/12/11,-90.2058
4/11/11,-96.7901
4/8/11,-94.5508
4/7/11,-85.2046
4/6/11,-66.9408
4/5/11,-63.4457
4/4/11,-46.7926
4/1/11,-34.7826
3/31/11,-26.3923
3/30/11,-25.987
3/29/11,-18.2779
3/28/11,-19.9984
3/25/11,-18.8182
3/24/11,-47.1618
3/23/11,-63.4849
3/22/11,-57.8085
3/21/11,-63.1742
3/18/11,-87.5459
3/17/11,-76.3344
3/16/11,-89.4098
3/15/11,-69.6996
3/14/11,-34.8069
3/11/11,-40.4175
3/10/11,-62.6305
3/9/11,-38.4134
3/8/11,-33.6277
3/7/11,-35.0993
3/4/11,-18.028
3/3/11,-19.6468
3/2/11,-47.0199
3/1/11,-57.3584
2/28/11,-43.0096
2/25/11,-61.5894
2/24/11,-81.0155
2/23/11,-81.972
2/22/11,-96.7255
2/18/11,-54.4213
2/17/11,-21.5686
2/16/11,-5.642
2/15/11,-0.3778
2/14/11,-3.0976
2/11/11,-11.8994
2/10/11,-16.4062
2/9/11,-2.595
2/8/11,-1.1076
2/7/11,-5.1465
2/4/11,-9.292
2/3/11,-22.8319
2/2/11,-18.9381
2/1/11,-15.7965
1/31/11,-41.0619
1/28/11,-55.3097
1/27/11,-23.8496
1/26/11,-21.0177
1/25/11,-31.8584
1/24/11,-49.3363
1/21/11,-92.074
1/20/11,-58.3364
1/19/11,-35.764
1/18/11,-28.8185
1/14/11,0
1/13/11,-3.79
1/12/11,-2.2833
1/11/11,-14.0381
1/10/11,-3.5356
1/7/11,-1.2693
1/6/11,-8.9307
1/5/11,-2.1105
1/4/11,-8.4793
1/3/11,-5.7357
12/31/10,-48.6358
12/30/10,-35.5872
12/29/10,-16.2515
12/28/10,-12.4607
12/27/10,-12.079
12/23/10,-24.6225
12/22/10,-5.9701
12/21/10,-8.4071
12/20/10,-28.0236
12/17/10,-31.3601
12/16/10,-26.8499
12/15/10,-33.1219
12/14/10,-33.6152
12/13/10,-18.3243
12/10/10,-18.9294
12/9/10,-22.5733
12/8/10,-15.4404
12/7/10,-22.0358
12/6/10,-8.8726
12/3/10,-7.3446
12/2/10,-4.0019
12/1/10,-9.6899
11/30/10,-36.2684
11/29/10,-18.819
11/26/10,-26.763
11/24/10,-27.6338
11/23/10,-53.3985
11/22/10,-33.7298
11/19/10,-61.8946
11/18/10,-54.6729
11/17/10,-88.3602
11/16/10,-89.6724
11/15/10,-69.8238
11/12/10,-64.9535
11/11/10,-22.7362
11/10/10,-16.0059
11/9/10,-25.5507
11/8/10,-8.0787
11/5/10,-15.129
11/4/10,-9.4742
11/3/10,-32.666
11/2/10,-50.7903
11/1/10,-77.1875
10/29/10,-67.9743
10/28/10,-51.9049
10/27/10,-38.5172
10/26/10,-34.1228
10/25/10,-30.1126
10/22/10,-31.0113
10/21/10,-22.993
10/20/10,-20.5433
10/19/10,-23.0657
10/18/10,-2.4254
10/15/10,-0.65
10/14/10,-0.5825
10/13/10,-6.7507
10/12/10,-3.9184
10/11/10,-8.4532
10/8/10,-3.3452
10/7/10,-27.927
10/6/10,-26.3183
10/5/10,-22.9489
10/4/10,-59.8364
10/1/10,-41.8008
9/30/10,-37.5899
9/29/10,-22.0822
9/28/10,-23.6124
9/27/10,-10.0084
9/24/10,-3.2457
9/23/10,-10.0366
9/22/10,-0.5836
9/21/10,-8.7168
9/20/10,-1.2664
9/17/10,-6.8865
9/16/10,-0.2432
9/15/10,-0.4595
9/14/10,-3.3026
9/13/10,-3.7897
9/10/10,-10.0452
9/9/10,-11.1434
9/8/10,-5.0985
9/7/10,-7.1756
9/3/10,-0.0431
9/2/10,-13.0822
9/1/10,-22.7106
8/31/10,-60.5442
8/30/10,-65.5241
8/27/10,-75.6529
8/26/10,-87.6553
8/25/10,-77.1944
8/24/10,-94.7819
8/23/10,-97.1098
8/20/10,-80.6167
8/19/10,-79.2952
8/18/10,-61.7291
8/17/10,-67.7863
8/16/10,-92.3503
8/13/10,-85.0025
8/12/10,-71.4645
8/11/10,-97.6514
8/10/10,-59.3327
8/9/10,-35.3628
8/6/10,-22.7059
8/5/10,-16.2562
8/4/10,-11.4058
8/3/10,-15.3846
8/2/10,-15.6878
7/30/10,-33.1186
7/29/10,-29.8598
7/28/10,-19.0603
7/27/10,-4.1879
7/26/10,-22.9746
7/23/10,-20.3914
7/22/10,-23.9765
7/21/10,-42.7006
7/20/10,-47.2532
7/19/10,-75.8774
7/16/10,-74.7646
7/15/10,-69.5235
7/14/10,-68.238
7/13/10,-72.6701
7/12/10,-57.0186
7/9/10,-54.1469
7/8/10,-58.4194
7/7/10,-56.8137
7/6/10,-84.8366
7/2/10,-89.556
7/1/10,-85.3032
6/30/10,-86.8521
6/29/10,-62.0484
6/28/10,-29.0954
6/25/10,-33.442
6/24/10,-27.1937
6/23/10,-21.8419
6/22/10,-14.0179
6/21/10,-24.0152
6/18/10,-2.8232
6/17/10,-3.355
6/16/10,-1.9569
6/15/10,-26.3269
6/14/10,-40.5142
6/11/10,-43.1897
6/10/10,-44.6083
6/9/10,-65.7415
6/8/10,-48.0197
6/7/10,-43.3651
6/4/10,-28.8378
6/3/10,-8.1526
6/2/10,-5.7531
6/1/10,-14.7731
5/28/10,-24.1308
5/27/10,-34.6211
5/26/10,-52.5031
5/25/10,-49.711
5/24/10,-45.8407
5/21/10,-56.9992
5/20/10,-70.5882
5/19/10,-49.0079
5/18/10,-40.1455
5/17/10,-36.045
5/14/10,-36.9268
5/13/10,-29.8413
5/12/10,-21.9471
5/11/10,-33.7354
5/10/10,-39.0899
5/7/10,-77.4603
5/6/10,-53.7309
5/5/10,-53.682
5/4/10,-44.9006
5/3/10,-19.9088
4/30/10,-36.2679
4/29/10,-12.185
4/28/10,-33.9375
4/27/10,-30.2731
4/26/10,-8.5997
4/23/10,-3.8374
4/22/10,-0.8771
4/21/10,-3.7455
4/20/10,-35.6172
4/19/10,-22.1316
4/16/10,-19.1598
4/15/10,-0.5371
4/14/10,-0.6135
4/13/10,-3.805
4/12/10,-4.1118
4/9/10,-0.5972
4/8/10,-9.0492
4/7/10,-6.0634
4/6/10,-3.4843
4/5/10,-1.2917
4/1/10,-14.8547
3/31/10,-14.3104
3/30/10,-9.4345
3/29/10,-10.7865
3/26/10,-7.468
3/25/10,-33.0275
3/24/10,-5.3308
3/23/10,-2.0844
3/22/10,-15.0581
3/19/10,-27.4142
3/18/10,-13.8241
3/17/10,-14.0303
3/16/10,-10.6355
3/15/10,-12.6135
3/12/10,-3.529
3/11/10,0
3/10/10,-2.1498
3/9/10,-6.76
3/8/10,-4.1427
3/5/10,-3.1263
3/4/10,-1.3619
3/3/10,-8.9445
3/2/10,-11.8068
3/1/10,-3.3031
2/26/10,-4.9239
2/25/10,-17.162
2/24/10,-27.1471
2/23/10,-53.8707
2/22/10,-28.9302
2/19/10,-19.6137
2/18/10,-9.8293
2/17/10,-19.3443
2/16/10,-35.3173
2/12/10,-56.8201
2/11/10,-64.1091
2/10/10,-79.2583
2/9/10,-74.6803
2/8/10,-84.7036
2/5/10,-79.4071
2/4/10,-92.8854
2/3/10,-64.5059
2/2/10,-77.8261
2/1/10,-82.2925
1/29/10,-92.834
1/28/10,-88.4176
1/27/10,-41.6857
1/26/10,-52.2567
1/25/10,-67.9056
1/22/10,-96.7987
1/21/10,-65.4308
1/20/10,-33.6379
1/19/10,-4.7868
1/15/10,-84.0731
1/14/10,-50.3268
1/13/10,-33.4235
1/12/10,-46.4855
1/11/10,-27.51
1/8/10,-15.7025
1/7/10,-20.3741
1/6/10,-18.7881
1/5/10,-4.9207
1/4/10,-2.0851
12/31/09,-14.0218
12/30/09,-10.0654
12/29/09,-20.5161
12/28/09,-9.2673
12/24/09,-1.4998
12/23/09,-2.0438
12/22/09,-4.0263
12/21/09,-25.0392
12/18/09,-52.0937
12/17/09,-77.4308
12/16/09,-55.5322
12/15/09,-67.6488
12/14/09,-51.7442
12/11/09,-65.4157
12/10/09,-55.254
12/9/09,-47.3441
12/8/09,-93.5044
12/7/09,-98.5608
12/4/09,-82.8442
12/3/09,-94.0408
12/2/09,-96.0816
12/1/09,-98.7466
11/30/09,-79.0039
11/27/09,-63.1175
11/25/09,-24.4231
11/24/09,-22.0025
11/23/09,-11.9302
11/20/09,-36.5942
11/19/09,-33.3928
11/18/09,-9.095
11/17/09,-4.4583
11/16/09,-6.1079
11/13/09,-2.8307
11/12/09,-22.474
11/11/09,-16.525
11/10/09,-21.8582
11/9/09,-31.3307
11/6/09,-62.1001
11/5/09,-63.3846
11/4/09,-77.2883
11/3/09,-86.183
11/2/09,-83.765
10/30/09,-87.2625
10/29/09,-53.3677
10/28/09,-70.423
10/27/09,-48.9635
10/26/09,-26.8995
10/23/09,-20.5955
10/22/09,-14.3614
10/21/09,-13.852
10/20/09,-14.2043
10/19/09,-21.1704
10/16/09,-36.747
10/15/09,-15.1463
10/14/09,-8.864
10/13/09,-13.7835
10/12/09,-6.4755
10/9/09,-9.1163
10/8/09,-20.2791
10/7/09,-3.0457
10/6/09,0
10/5/09,-26.098
10/2/09,-26.1267
10/1/09,-43.1105
9/30/09,-19.0349
9/29/09,-18.874
9/28/09,-14.313
9/25/09,-34.0104
9/24/09,-23.2921
9/23/09,-14.2259
9/22/09,-10.1852
9/21/09,-12.2134
9/18/09,-7.8042
9/17/09,-9.8765
9/16/09,-4.721
9/15/09,-4.2461
9/14/09,-7.2394
9/11/09,-22.2973
9/10/09,-18.4363
9/9/09,-32.1429
9/8/09,-1.9645
9/4/09,-19.6751
9/3/09,-45.4476
9/2/09,-55.9296
9/1/09,-55.0268
8/31/09,-32.7467
8/28/09,-18.6687
8/27/09,-12.934
8/26/09,-30.6424
8/25/09,-13.3681
8/24/09,-14.6147
8/21/09,-1.5075
8/20/09,-25.2973
8/19/09,-44
8/18/09,-50.4865
8/17/09,-87.1401
8/14/09,-17.0732
8/13/09,-2.1911
8/12/09,-19.1001
8/11/09,-38.5461
8/10/09,-22.5697
8/7/09,-10.6576
8/6/09,-19.7279
8/5/09,-12.1535
8/4/09,-5.1732
8/3/09,-0.9409
7/31/09,-6.7536
7/30/09,-7.0982
7/29/09,-3.4609
7/28/09,-3.5271
7/27/09,-2.9478
7/24/09,-0.0547
7/23/09,-3.7433
7/22/09,-8.1859
7/21/09,-17.1032
7/20/09,-10.3172
7/17/09,-1.5341
7/16/09,-3.6765
7/15/09,-0.9539
7/14/09,-23.3398
7/13/09,-19.6944
7/10/09,-52.1222
7/9/09,-70.4584
7/8/09,-63.1579
7/7/09,-78.6078
7/6/09,-51.3582
7/2/09,-39.3888
7/1/09,-15.5348
6/30/09,-13.7308
6/29/09,-17.8862
6/26/09,-18.1507
6/25/09,-40.2397
6/24/09,-75.2959
6/23/09,-91.642
6/22/09,-76.0741
6/19/09,-58.2982
6/18/09,-88.6268
6/17/09,-86.2151
6/16/09,-69.9374
6/15/09,-66.5591
6/12/09,-43.1579
6/11/09,-26.1663
6/10/09,-24.9493
6/9/09,-14.929
6/8/09,-10.3448
6/5/09,-6.9674
6/4/09,-1.946
6/3/09,-1.8022
6/2/09,-8.4244
6/1/09,-3.1053
5/29/09,-0.5448
5/28/09,-1.9988
5/27/09,-12.3718
5/26/09,-19.2635
5/22/09,-77.9037
5/21/09,-66.0057
5/20/09,-54.0368
5/19/09,-42.847
5/18/09,-48.5127
5/15/09,-78.4703
5/14/09,-74.7167
5/13/09,-99.221
5/12/09,-83.7638
5/11/09,-31.9512
5/8/09,-28.9262
5/7/09,-29.7987
5/6/09,-6.7114
5/5/09,-1.0519
5/4/09,-1.0916
5/1/09,-5.8244
4/30/09,-11.9755
4/29/09,-18.007
4/28/09,-26.1331
4/27/09,-18.9854
4/24/09,-23.7069
4/23/09,-12.931
4/22/09,-24.6628
4/21/09,-12.2299
4/20/09,-18.4185
4/17/09,-3.8355
4/16/09,-8.2765
4/15/09,-18.1818
4/14/09,-14.5346
4/13/09,-4.1372
4/9/09,-2.3562
4/8/09,-13.3663
4/7/09,-20.2703
4/6/09,-1.5765
4/3/09,-0.6648
4/2/09,-9.9174
4/1/09,-8.1646
3/31/09,-27.03
3/30/09,-26.9118
3/27/09,-12.217
3/26/09,-0.4013
3/25/09,-10.8816
3/24/09,-9.6274
3/23/09,-1.9357
3/20/09,-8.9362
3/19/09,-8.7943
3/18/09,-9.2671
3/17/09,-0.1728
3/16/09,-13.081
3/13/09,-8.5407
3/12/09,-1.614
3/11/09,-11.8399
3/10/09,-47.1686
3/9/09,-94.2308
3/6/09,-79.8097
3/5/09,-82.6508
3/4/09,-65.3016
3/3/09,-86.1504
3/2/09,-91.0625
2/27/09,-83.02
2/26/09,-83.7477
2/25/09,-71.8011
2/24/09,-77.3196
2/23/09,-97.3317
2/20/09,-83.6879
2/19/09,-87.6596
2/18/09,-61.2057
2/17/09,-60.0709
2/13/09,-27.234
2/12/09,-25.3741
2/11/09,-37.4545
2/10/09,-30.0931
2/9/09,-2.0684
2/6/09,-1.2844
2/5/09,-4.147
2/4/09,-14.9584
2/3/09,-12.0238
2/2/09,-20.7738
1/30/09,-28.9881
1/29/09,-11.9048
1/28/09,-4.7619
1/27/09,-17.4572
1/26/09,-39.6943
1/23/09,-46.4418
1/22/09,-46.4418
1/21/09,-75.593
1/20/09,-100
1/16/09,-86.6822
1/15/09,-80.5491
1/14/09,-93.8193
1/13/09,-74.9604
1/12/09,-67.4326
1/9/09,-52.2187
1/8/09,-35.42
1/7/09,-48.8114
1/6/09,-32.8843
1/5/09,-15.9262
1/2/09,-57.0934
12/31/08,-95.2067
12/30/08,-89.5746
12/29/08,-89.1864
12/26/08,-93.3858
12/24/08,-97.4278
12/23/08,-91.0629
12/22/08,-94.4474
12/19/08,-79.5322
12/18/08,-82.8655
12/17/08,-84.4444
12/16/08,-47.7778
12/15/08,-51.7544
12/12/08,-28.4115
12/11/08,-35.1594
12/10/08,-22.036
12/9/08,-14.4726
12/8/08,-4.9861
12/5/08,-13.0486
12/4/08,-28.2036
12/3/08,-3.1214
12/2/08,-22.948
12/1/08,-45.7016
11/28/08,-36.3594
11/26/08,-25.3998
11/25/08,-50.6768
11/24/08,-54.8398
11/21/08,-89.464
11/20/08,-98.4586
11/19/08,-98.9523
11/18/08,-85.1357
11/17/08,-91.8991
11/14/08,-83.8747
11/13/08,-60.1834
11/12/08,-99.5041
11/11/08,-78.8949
11/10/08,-73.8678
11/7/08,-63.1793
11/6/08,-59.2844
11/5/08,-33.7959
11/4/08,-4.5619
11/3/08,-19.8822
10/31/08,-28.871
10/30/08,-17.5651
10/29/08,-37.7389
10/28/08,-52.5159
10/27/08,-77.4204
10/24/08,-63.758
10/23/08,-57.8662
10/22/08,-62.1975
10/21/08,-79.3312
10/20/08,-57.1975
10/17/08,-60.5096
10/16/08,-51.2976
10/15/08,-71.0938
10/14/08,-61.6791
10/13/08,-49.2669
10/10/08,-76.7717
10/9/08,-94.3925
10/8/08,-92.9768
10/7/08,-97.1408
10/6/08,-81.2919
10/3/08,-95.116
10/2/08,-99.7903
10/1/08,-83.0485
9/30/08,-75.0573
9/29/08,-91.4154
9/26/08,-80.7536
9/25/08,-74.5533
9/24/08,-81.8367
9/23/08,-86.9581
9/22/08,-78.3958
9/19/08,-61.7001
9/18/08,-74.6119
9/17/08,-100
9/16/08,-82.4717
9/15/08,-100
9/12/08,-90.281
9/11/08,-78.8889
9/10/08,-90.2091
9/9/08,-93.1794
9/8/08,-75.1877
9/5/08,-87.4504
9/4/08,-97.8353
9/3/08,-82.0061
9/2/08,-92.2977
8/29/08,-95.7064
8/28/08,-62.2449
8/27/08,-34.6108
8/26/08,-35.9367
8/25/08,-35.1893
8/22/08,-14.2801
8/21/08,-22.3675
8/20/08,-16.7393
8/19/08,-25.1271
8/18/08,-18.3733
8/15/08,-17.1024
8/14/08,-4.1031
8/13/08,-2.584
8/12/08,-9.7043
8/11/08,-12.4629
8/8/08,-0.4325
8/7/08,-21.978
8/6/08,-23.6159
8/5/08,-50.4042
8/4/08,-76.4499
8/1/08,-64.3937
7/31/08,-62.0995
7/30/08,-59.2615
7/29/08,-67.8059
7/28/08,-77.1088
7/25/08,-54.6539
7/24/08,-63.6417
7/23/08,-42.612
7/22/08,-54.9447
7/21/08,-73.8757
7/18/08,-93.1993
7/17/08,-53.8143
7/16/08,-47.9007
7/15/08,-66.647
7/14/08,-41.573
7/11/08,-49.2608
7/10/08,-25.7059
7/9/08,-44.1112
7/8/08,-15.2126
7/7/08,-39.1494
7/3/08,-66.6303
7/2/08,-77.2083
7/1/08,-42.5806
6/30/08,-84.9428
6/27/08,-73.7517
6/26/08,-86.2599
6/25/08,-50.974
6/24/08,-67.776
6/23/08,-68.1412
6/20/08,-59.5779
6/19/08,-36.7289
6/18/08,-45.4545
6/17/08,-34.5779
6/16/08,-53.2062
6/13/08,-71.3474
6/12/08,-89.0133
6/11/08,-50.9192
6/10/08,-24.0111
6/9/08,-46.4624
6/6/08,-24.0111
6/5/08,-4.7541
6/4/08,-27.9235
6/3/08,-33.9427
6/2/08,-30.336
5/30/08,-17.2431
5/29/08,-27.4209
5/28/08,-25.8399
5/27/08,-28.7055
5/23/08,-54.6937
5/22/08,-75.0494
5/21/08,-87.8674
5/20/08,-36.4787
5/19/08,-44.7205
5/16/08,-21.0091
5/15/08,-10.8611
5/14/08,-23.1603
5/13/08,-4.6193
5/12/08,-2.3925
5/9/08,-15.7755
5/8/08,-10.4284
5/7/08,-18.6317
5/6/08,-1.3622
5/5/08,-1.672
5/2/08,-2.7072
5/1/08,0
4/30/08,-17.0615
4/29/08,-1.9602
4/28/08,-5.1695
4/25/08,-5.1581
4/24/08,-4.0881
4/23/08,-23.414
4/22/08,-34.6411
4/21/08,-1.419
4/18/08,-6.5416
4/17/08,-30.2854
4/16/08,-33.1122
4/15/08,-57.4112
4/14/08,-60.4569
4/11/08,-56.127
4/10/08,-19.7313
4/9/08,-27.0403
4/8/08,-22.4517
4/7/08,-12.2502
4/4/08,-5.0832
4/3/08,-6.4994
4/2/08,-12.9494
4/1/08,-0.4792
3/31/08,-9.4356
3/28/08,-10.3527
3/27/08,-20.5695
3/26/08,-2.5478
3/25/08,-8.815
3/24/08,-6.055
3/20/08,-6.2615
3/19/08,-28.361
3/18/08,-1.2099
3/17/08,-38.5211
3/14/08,-33.3532
3/13/08,-25.4177
3/12/08,-36.8138
3/11/08,-28.9374
3/10/08,-74.642
3/7/08,-59.3675
3/6/08,-67.2434
3/5/08,-46.003
3/4/08,-45.2267
3/3/08,-62.4702
2/29/08,-42.8401
2/28/08,-13.6635
2/27/08,-51.671
2/26/08,-77.4879
2/25/08,-78.6542
2/22/08,-82.0769
2/21/08,-77.8986
2/20/08,-66.2023
2/19/08,-74.6646
2/15/08,-62.0227
2/14/08,-47.42
2/13/08,-44.4088
2/12/08,-67.6056
2/11/08,-48.0154
2/8/08,-80.7773
2/7/08,-91.8111
2/6/08,-99.477
2/5/08,-92.4889
2/4/08,-89.6194
2/1/08,-85.717
1/31/08,-82.6952
1/30/08,-88.9902
1/29/08,-90.1568
1/28/08,-93.1286
1/25/08,-93.2649
1/24/08,-85.851
1/23/08,-81.8498
1/22/08,-82.2337
1/18/08,-89.3607
1/17/08,-90.6598
1/16/08,-93.6446
1/15/08,-88.564
1/14/08,-69.7634
1/11/08,-87.3341
1/10/08,-71.9561
1/9/08,-67.9746
1/8/08,-96.8836
1/7/08,-77.3602
1/4/08,-94.0476
1/3/08,-32.9639
1/2/08,-33.3333
12/31/07,-20.0328
12/28/07,-12.8489
12/27/07,-18.0213
12/26/07,-8.9893
12/24/07,-5.6075
12/21/07,-26.4668
12/20/07,-55.5845
12/19/07,-73.3594
12/18/07,-73.9678
12/17/07,-63.286
12/14/07,-32.044
12/13/07,-18.6428
12/12/07,-22.0458
12/11/07,-25.7761
12/10/07,-4.5129
12/7/07,-2.0979
12/6/07,-0.4784
12/5/07,-7.7547
12/4/07,-27.8111
12/3/07,-26.046
11/30/07,-14.7828
11/29/07,-2.5478
11/28/07,-18.4174
11/27/07,-42.497
11/26/07,-47.8908
11/23/07,-50.2735
11/21/07,-57.5981
11/20/07,-56.6706
11/19/07,-68.3234
11/16/07,-62.5208
11/15/07,-67.4911
11/14/07,-63.1867
11/13/07,-54.0309
11/12/07,-92.5565
11/9/07,-99.4175
11/8/07,-69.1036
11/7/07,-28.0815
11/6/07,-0.9528
11/5/07,-18.8157
11/2/07,-9.0108
11/1/07,-10.0676
10/31/07,-0.6003
10/30/07,-6.5615
10/29/07,-9.9293
10/26/07,-11.0325
10/25/07,-16.4639
10/24/07,-7.553
10/23/07,-6.9024
10/22/07,-2.4942
10/19/07,-19.6913
10/18/07,-3.2455
10/17/07,-1.4293
10/16/07,-8.1426
10/15/07,-20.7956
10/12/07,-15.8761
10/11/07,-36.3042
10/10/07,-14.026
10/9/07,-10.2233
10/8/07,0
10/5/07,-0.5478
10/4/07,-13.6237
10/3/07,-5.4826
10/2/07,-0.6253
10/1/07,-4.9446
9/28/07,-7.2
9/27/07,-2.3529
9/26/07,-8.92
9/25/07,-0.1723
9/24/07,-7.9093
9/21/07,-10.6692
9/20/07,-34.9116
9/19/07,-32.0082
9/18/07,-30.184
9/17/07,-38.6778
9/14/07,-36.5955
9/13/07,-44.9766
9/12/07,-46.7985
9/11/07,-53.8782
9/10/07,-36.7552
9/7/07,-55.5249
9/6/07,-41.6218
9/5/07,-26.5342
9/4/07,-4.6028
8/31/07,-4.1741
8/30/07,-7.5103
8/29/07,-5.4316
8/28/07,-36
8/27/07,-18.2647
8/24/07,-7.5722
8/23/07,-24.0827
8/22/07,-18.4621
8/21/07,-37.744
8/20/07,-58.6261
8/17/07,-67.2316
8/16/07,-83.9492
8/15/07,-99.1459
8/14/07,-86.9672
8/13/07,-73.8295
8/10/07,-83.5779
8/9/07,-94.5447
8/8/07,-70.4965
8/7/07,-65.6733
8/6/07,-64.6336
8/3/07,-80.7097
8/2/07,-58.7707
8/1/07,-65.8156
7/31/07,-98.6207
7/30/07,-42.5327
7/27/07,-25.2113
7/26/07,-12.6968
7/25/07,-48.507
7/24/07,-62.493
7/23/07,-6.4081
7/20/07,-1.7283
7/19/07,-3.7657
7/18/07,-8.9942
7/17/07,-5.1646
7/16/07,-8.8429
7/13/07,-0.6273
7/12/07,-2.7256
7/11/07,-13.3714
7/10/07,-13.6248
7/9/07,-20.5876
7/6/07,-7.1135
7/5/07,-1.5439
7/3/07,-2.0947
7/2/07,-40.0818
6/29/07,-32.1063
6/28/07,-52
6/27/07,-39.6279
6/26/07,-65.1925
6/25/07,-43.1613
6/22/07,-37.7559
6/21/07,-30.3849
6/20/07,-49.6314
6/19/07,-32.3505
6/18/07,-17.8977
6/15/07,-47.6542
6/14/07,-54.9969
6/13/07,-58.6427
6/12/07,-41.9374
6/11/07,-43.0394
6/8/07,-17.7677
6/7/07,-19.8487
6/6/07,-2.426
6/5/07,-0.1038
6/4/07,-4.48
6/1/07,-20.1067
5/31/07,-5.2213
5/30/07,-0.7115
5/29/07,-5.6131
5/25/07,-11.9171
5/24/07,-30.8077
5/23/07,-14.5517
5/22/07,-1.5284
5/21/07,-3.621
5/18/07,-5.1282
5/17/07,-6.5236
5/16/07,-22.8617
5/15/07,-21.4229
5/14/07,-3.9506
5/11/07,-2.1873
5/10/07,-8.5519
5/9/07,-0.4875
5/8/07,-0.5875
5/7/07,-2.9153
5/4/07,-13.1008
5/3/07,-16.2791
5/2/07,-16.3566
5/1/07,-23.4884
4/30/07,-20.9302
4/27/07,-20
4/26/07,-28.3721
4/25/07,-15.3461
4/24/07,-46.3918
4/23/07,-31.4035
4/20/07,-75.9649
4/19/07,-88.2456
4/18/07,-85.9649
4/17/07,-88.5965
4/16/07,-79.7625
4/13/07,-97.3398
4/12/07,-75.9411
4/11/07,-92.1739
4/10/07,-49.8069
4/9/07,-55.1127
4/5/07,-29.6961
4/4/07,-34.0879
4/3/07,-30.984
4/2/07,-35.6902
3/30/07,-43.9955
3/29/07,-34.5679
3/28/07,-38.07
3/27/07,-14.5281
3/26/07,-0.5882
3/23/07,-12.069
3/22/07,-4.6512
3/21/07,-1.479
3/20/07,-4.4499
3/19/07,-4.9123
3/16/07,-13.2895
3/15/07,-13.5526
3/14/07,-7.8947
3/13/07,-30.8579
3/12/07,-12.0359
3/9/07,-36.3636
3/8/07,-35.9795
3/7/07,-39.5647
3/6/07,-33.5467
3/5/07,-57.4917
3/2/07,-69.1421
3/1/07,-48.0154
2/28/07,-79.3854
2/27/07,-90.5263
2/26/07,-27.1698
2/23/07,-21.8868
2/22/07,-16.3522
2/21/07,-4.3741
2/20/07,-16.7123
2/16/07,-46.0274
2/15/07,-37.9947
2/14/07,-45.898
2/13/07,-67.3759
2/12/07,-64.1844
2/9/07,-92.7305
2/8/07,-47.3016
2/7/07,-51.5464
2/6/07,-86.0541
2/5/07,-98.2734
2/2/07,-92.446
2/1/07,-97.0566
1/31/07,-89.5849
1/30/07,-95.6284
1/29/07,-92.5839
1/26/07,-96.9555
1/25/07,-86.194
1/24/07,-79.3991
1/23/07,-76.1006
1/22/07,-69.2453
1/19/07,-51.2397
1/18/07,-41.5121
1/17/07,-13.5521
1/16/07,-3.3286
1/12/07,-15.1213
1/11/07,-9.5102
1/10/07,-3.8041
1/9/07,-2.5293
1/8/07,-30.1205
1/5/07,-37.415
1/4/07,-32.8042
1/3/07,-46.8632
12/29/06,-39.0023
12/28/06,-69.0098
12/27/06,-65.4042
12/26/06,-94.0952
12/22/06,-94.4082
12/21/06,-93.0898
12/20/06,-86.9116
12/19/06,-70.3091
12/18/06,-89.7196
12/15/06,-71.2598
12/14/06,-60.4142
12/13/06,-53.8603
12/12/06,-92.0042
12/11/06,-70.4426
12/8/06,-61.553
12/7/06,-74.9969
12/6/06,-38.9858
12/5/06,-20.6245
12/4/06,-22.0218
12/1/06,-17.4827
11/30/06,-14.0632
11/29/06,-12.3109
11/28/06,-10.1666
11/27/06,-27.2741
11/24/06,-9.8976
11/22/06,-3.3951
11/21/06,0
11/20/06,-5.7546
11/17/06,-5.2879
11/16/06,-8.1081
11/15/06,-22.8113
11/14/06,0
11/13/06,-4.9275
11/10/06,-22.7536
11/9/06,-19.5652
11/8/06,-4.898
11/7/06,-43.4511
11/6/06,-33.2566
11/3/06,-49.5972
11/2/06,-41.6571
11/1/06,-39.5857
10/31/06,-16.8889
10/30/06,-21.8
10/27/06,-21.9
10/26/06,-4.1
10/25/06,-3.4043
10/24/06,-9.1398
10/23/06,-4.7312
10/20/06,-0.5413
10/19/06,-13.0612
10/18/06,-67.7796
10/17/06,-65.6504
10/16/06,-43.0894
10/13/06,-53.2819
10/12/06,-48.6486
10/11/06,-87.5
10/10/06,-76.3462
10/9/06,-60.5769
10/6/06,-68.4615
10/5/06,-56.7308
10/4/06,-46.1538
10/3/06,-71.3462
10/2/06,-53.2847
9/29/06,-12.6382
9/28/06,-12.1069
9/27/06,-21.5409
9/26/06,-2.2576
9/25/06,-4.8742
9/22/06,-40.7457
9/21/06,-17.1117
9/20/06,-4.6563
9/19/06,-14.5433
9/18/06,-11.0548
9/15/06,-8.9249
9/14/06,-5.2356
9/13/06,-1.3043
9/12/06,-12.7758
9/11/06,-14.2857
9/8/06,-12.426
9/7/06,-8.134
9/6/06,-25.2664
9/5/06,-0.3135
9/1/06,-15.7647
8/31/06,-22.0183
8/30/06,-32.3029
8/29/06,-39.7218
8/28/06,-31.9938
8/25/06,-4.6368
8/24/06,-25.4986
8/23/06,-32.6211
8/22/06,-32.0755
8/21/06,-46.3612
8/18/06,-28.1671
8/17/06,-32.4798
8/16/06,-27.2237
8/15/06,-47.8437
8/14/06,-72.8365
8/11/06,-68.872
8/10/06,-61.9645
8/9/06,-61.8726
8/8/06,-50.3861
8/7/06,-15.8163
8/4/06,-9.3664
8/3/06,-2.2343
8/2/06,-2.8078
8/1/06,-7.8506
7/31/06,-3.6275
7/28/06,-0.5799
7/27/06,-10.9017
7/26/06,-5.3177
7/25/06,-1.4405
7/24/06,-5.6951
7/21/06,-7.6115
7/20/06,-9.5363
7/19/06,-55.8791
7/18/06,-69.3169
7/17/06,-75.6071
7/14/06,-94.3709
7/13/06,-90.411
7/12/06,-99.4154
7/11/06,-79.7178
7/10/06,-91.1817
7/7/06,-86.7273
7/6/06,-92.437
7/5/06,-66.5651
7/3/06,-46.6387
6/30/06,-60.9244
6/29/06,-25.2101
6/28/06,-90.0813
6/27/06,-84.8049
6/26/06,-52.7721
6/23/06,-56.0575
6/22/06,-40.6571
6/21/06,-81.7473
6/20/06,-87.8315
6/19/06,-92.0437
6/16/06,-86.8381
6/15/06,-65.8196
6/14/06,-88.31
6/13/06,-81.9737
6/12/06,-99.514
6/9/06,-70.5224
6/8/06,-55.0995
6/7/06,-97.2819
6/6/06,-86.354
6/5/06,-86.2971
6/2/06,-69.3498
6/1/06,-65.2
5/31/06,-91.1111
5/30/06,-99.9871
5/26/06,-81.9182
5/25/06,-77.3693
5/24/06,-85.4575
5/23/06,-96.5549
5/22/06,-94.4696
5/19/06,-84.6084
5/18/06,-99.4382
5/17/06,-87.7698
5/16/06,-97.4586
5/15/06,-81.2162
5/12/06,-74.0291
5/11/06,-68.0723
5/10/06,-38.5542
5/9/06,-33.3735
5/8/06,-22.9292
5/5/06,-12.3457
5/4/06,-20.6089
5/3/06,-11.0092
5/2/06,-4.7182
5/1/06,-26.9819
4/28/06,-13.0935
4/27/06,-26.9679
4/26/06,-50.6494
4/25/06,-74.4304
4/24/06,-57.2727
4/21/06,-45.5455
4/20/06,-40.1818
4/19/06,-58.1818
4/18/06,-40.5424
4/17/06,-50.3408
4/13/06,-38.8108
4/12/06,-37.1349
4/11/06,-28.2337
4/10/06,-23.5049
4/7/06,-15.7163
4/6/06,-5.6328
4/5/06,0
4/4/06,-62.0802
4/3/06,-51.9769
3/31/06,-51.3018
3/30/06,-51.0125
3/29/06,-55.0627
3/28/06,-95.3013
3/27/06,-94.6726
3/24/06,-89.6781
3/23/06,-93.4757
3/22/06,-95.3704
3/21/06,-95.1163
3/20/06,-79.5756
3/17/06,-77.7889
3/16/06,-81.3065
3/15/06,-63.7931
3/14/06,-53.8389
3/13/06,-69.3839
3/10/06,-92.9858
3/9/06,-98.6942
3/8/06,-91.067
3/7/06,-83.0025
3/6/06,-93.3002
3/3/06,-63.1579
3/2/06,-33.5644
3/1/06,-38.6139
2/28/06,-44.6535
2/27/06,-19.901
2/24/06,-15.2475
2/23/06,-12.3762
2/22/06,-32.4238
2/21/06,-54.4248
2/17/06,-45.5015
2/16/06,-44.0146
2/15/06,-53.8686
2/14/06,-65.365
2/13/06,-87.6027
2/10/06,-73.3051
2/9/06,-97.2056
2/8/06,-79.9858
2/7/06,-93.8585
2/6/06,-96.7649
2/3/06,-93.7008
2/2/06,-92.0696
2/1/06,-70.7019
1/31/06,-70.1223
1/30/06,-73.4063
1/27/06,-93.9216
1/26/06,-97.2357
1/25/06,-92.7757
1/24/06,-81.8972
1/23/06,-61.6961
1/20/06,-64.203
1/19/06,-45.8593
1/18/06,-24.3456
1/17/06,-10.5224
1/13/06,-5.0442
1/12/06,-13.132
1/11/06,-6.2241
1/10/06,-8.9177
1/9/06,-16.7638
1/6/06,-6.2893
1/5/06,-28.3688
1/4/06,-17.6883
1/3/06,-13.6802
12/30/05,-68.7861
12/29/05,-77.264
12/28/05,-36.4162
12/27/05,-23.6994
12/23/05,-40.6551
12/22/05,-27.7457
12/21/05,-37.7649
12/20/05,-50.3759
12/19/05,-51.3854
12/16/05,-53.6375
12/15/05,-40.4439
12/14/05,-42.5401
12/13/05,-5.4732
12/12/05,-4.0628
12/9/05,-4.4959
12/8/05,-6.7507
12/7/05,-7.9208
12/6/05,-6.644
12/5/05,-8.156
12/2/05,-0.9298
12/1/05,-1.2006
11/30/05,-26.9486
11/29/05,-24.6269
11/28/05,-11.6915
11/25/05,-1.8993
11/23/05,-9.699
11/22/05,-3.0968
11/21/05,-11.1111
11/18/05,-14.6504
11/17/05,-12.2192
11/16/05,-1.0101
11/15/05,-8.9787
11/14/05,-10.6748
11/11/05,-9.5706
11/10/05,-13.9877
11/9/05,-27.1166
11/8/05,-29.6933
11/7/05,-18.8119
11/4/05,-10.5311
11/3/05,-4.2313
11/2/05,-0.5688
11/1/05,-7.2153
10/31/05,-3.8576
10/28/05,-31.8885
10/27/05,-22.1878
10/26/05,-5.4696
10/25/05,-9.6597
10/24/05,-2.0856
10/21/05,-14.4896
10/20/05,-4.1715
10/19/05,-5.4813
10/18/05,-41.9786
10/17/05,-25.5348
10/14/05,-18.0481
10/13/05,-21.5241
10/12/05,-81.5508
10/11/05,-74.1617
10/10/05,-98.2249
10/7/05,-84.375
10/6/05,-76.6807
10/5/05,-47.5907
10/4/05,-26.5781
10/3/05,-2.2945
9/30/05,-18.1644
9/29/05,-42.4474
9/28/05,-66.5392
9/27/05,-20.6642
9/26/05,-10.8434
9/23/05,-8.4022
9/22/05,-24.8375
9/21/05,-22.0207
9/20/05,-8.0311
9/19/05,-3.5868
9/16/05,-6.5934
9/15/05,-27.6295
9/14/05,-31.7111
9/13/05,-12.7159
9/12/05,-3.6107
9/9/05,-0.6568
9/8/05,-6.9959
9/7/05,-17.3913
9/6/05,-2.2099
9/2/05,-57.1429
9/1/05,-67.4267
8/31/05,-28.9738
8/30/05,-34.6457
8/29/05,-49.0157
8/26/05,-47.786
8/25/05,-39.6853
8/24/05,-40.5705
8/23/05,-41.046
8/22/05,-38.9857
8/19/05,-39.6197
8/18/05,-32.1712
8/17/05,-18.7005
8/16/05,-32.9635
8/15/05,-10.3011
8/12/05,-2.8571
8/11/05,-16.4557
8/10/05,-42.616
8/9/05,-23.7288
8/8/05,-73.3051
8/5/05,-41.994
8/4/05,-50.4532
8/3/05,-29.5918
8/2/05,-28.6747
8/1/05,-25.1543
7/29/05,-26.6975
7/28/05,-7.3846
7/27/05,-4.2584
7/26/05,-8.6898
7/25/05,-6.2834
7/22/05,-0.5305
7/21/05,-9.6774
7/20/05,-2.2636
7/19/05,-0.5626
7/18/05,-10.2007
7/15/05,-7.8098
7/14/05,-21.3922
7/13/05,-39.071
7/12/05,-42.0765
7/11/05,-45.9016
7/8/05,-41.8033
7/7/05,-58.7432
7/6/05,-65.3005
7/5/05,-49.1803
7/1/05,-81.3896
6/30/05,-73.6973
6/29/05,-80.0469
6/28/05,-57.9812
6/27/05,-62.9108
6/24/05,-47.4178
6/23/05,-20.892
6/22/05,-2.5723
6/21/05,-51.25
6/20/05,-60.1145
6/17/05,-46.7557
6/16/05,-53.3207
6/15/05,-70.2952
6/14/05,-91.1439
6/13/05,-92.9889
6/10/05,-94.6494
6/9/05,-73.2739
6/8/05,-77.907
6/7/05,-73.9496
6/6/05,-47.1875
6/3/05,-42.1217
6/2/05,-13.1004
6/1/05,-9.2219
5/31/05,-15.0792
5/27/05,-4.8531
5/26/05,-2.5543
5/25/05,-3.0523
5/24/05,-4.2151
5/23/05,-2.0619
5/20/05,-2.8446
5/19/05,-2.8446
5/18/05,-38.6517
5/17/05,-48.1567
5/16/05,-43.7788
5/13/05,-62.2727
5/12/05,-76.8182
5/11/05,-43.1818
5/10/05,-41.7625
5/9/05,-27.1127
5/6/05,-17.6056
5/5/05,-28.3422
5/4/05,-15.7754
5/3/05,-63.0435
5/2/05,-72.97
4/29/05,-77.5843
4/28/05,-84.9756
4/27/05,-81.3397
4/26/05,-79.0431
4/25/05,-71.4833
4/22/05,-85.6459
4/21/05,-69.9522
4/20/05,-85.5502
4/19/05,-70.4306
4/18/05,-84.4976
4/15/05,-99.2366
4/14/05,-94.4809
4/13/05,-79.4872
4/12/05,-41.7249
4/11/05,-58.9744
4/8/05,-16.5501
4/7/05,-10.7612
4/6/05,-43.0446
4/5/05,-54.5932
4/4/05,-75.5906
4/1/05,-69.2135
3/31/05,-51.6854
3/30/05,-24.0246
3/29/05,-43.1907
3/28/05,-28.0156
3/24/05,-28.5992
3/23/05,-27.6265
3/22/05,-28.3154
3/21/05,-19.637
3/18/05,-34.2357
3/17/05,-45.8003
3/16/05,-95.3994
3/15/05,-95.8301
3/14/05,-97.083
3/11/05,-97.1809
3/10/05,-98.0423
3/9/05,-99.001
3/8/05,-99.1532
3/7/05,-96.919
3/4/05,-96.7982
3/3/05,-98.8522
3/2/05,-99.6569
3/1/05,-98.8491
2/28/05,-98.0818
2/25/05,-13.2911
2/24/05,-13.7131
2/23/05,-18.6357
2/22/05,-39.3108
2/18/05,-28.4615
2/17/05,-18.7538
2/16/05,-0.3941
2/15/05,-3.822
2/14/05,-1.1791
2/11/05,-7.0588
2/10/05,-31.7308
2/9/05,-27.1059
2/8/05,-4.0302
2/7/05,-9.2912
2/4/05,-10
2/3/05,-19.5896
2/2/05,-2.6119
2/1/05,-2.4674
1/31/05,-6.7855
1/28/05,-3.9568
1/27/05,-16.0072
1/26/05,-19.5144
1/25/05,-21.3129
1/24/05,-31.9651
1/21/05,-33.2487
1/20/05,-33.5025
1/19/05,-38.4095
1/18/05,-31.8951
1/14/05,-34.1148
1/13/05,-37.3484
1/12/05,-60.578
1/11/05,-70.9827
1/10/05,-19.1209
1/7/05,-4.7323
1/6/05,-45.7721
1/5/05,-50.8475
1/4/05,-60.339
1/3/05,-71.3559
12/31/04,-52.5424
12/30/04,-45.7627
12/29/04,-51.8644
12/28/04,-56.2712
12/27/04,-73.5593
12/23/04,-59.1525
12/22/04,-63.5593
12/21/04,-64.5763
12/20/04,-84.3548
12/17/04,-53.9773
12/16/04,-38.0307
12/15/04,-55.1151
12/14/04,-53.3666
12/13/04,-54.6948
12/10/04,-37.8749
12/9/04,-37.0272
12/8/04,-41.1649
12/7/04,-43.5179
12/6/04,-24.6906
12/3/04,-44.886
12/2/04,-28.4039
12/1/04,-11.5961
11/30/04,-16.092
11/29/04,-6.9796
11/26/04,-9.7738
11/24/04,-8.7386
11/23/04,-22.8261
11/22/04,-22.1572
11/19/04,-35.729
11/18/04,-17.6904
11/17/04,-28.0742
11/16/04,-17.7761
11/15/04,-10.9572
11/12/04,-6.674
11/11/04,-8.8621
11/10/04,-14.8796
11/9/04,-22.5383
11/8/04,-18.2875
11/5/04,-14.6934
11/4/04,-14.5486
11/3/04,-6.7114
11/2/04,-5.0304
11/1/04,-5.5785
10/29/04,-5.1447
10/28/04,-0.2059
10/27/04,-2.4672
10/26/04,-3.5514
10/25/04,-7.4766
10/22/04,-8.785
10/21/04,-3.8318
10/20/04,-8.2243
10/19/04,-8.6916
10/18/04,0
10/15/04,-3.012
10/14/04,-8.6323
10/13/04,-28.7805
10/12/04,-64.3902
10/11/04,-56.7961
10/8/04,-45.3883
10/7/04,-31.7961
10/6/04,-2.7523
10/5/04,-6.5359
10/4/04,-10.7383
10/1/04,-13.363
9/30/04,-11.5813
9/29/04,-4.6455
9/28/04,-20.2934
9/27/04,-32.7628
9/24/04,-38.6308
9/23/04,-39.1198
9/22/04,-47.6773
9/21/04,-18.3761
9/20/04,-6.7839
9/17/04,-7.0175
9/16/04,-14.6429
9/15/04,-35.7702
9/14/04,-22.314
9/13/04,-18.2156
9/10/04,-11.7253
9/9/04,-14.3092
9/8/04,-3.5427
9/7/04,-7.3756
9/3/04,-13.4752
9/2/04,-5.8511
9/1/04,-2.305
8/31/04,-14.0816
8/30/04,-21.5447
8/27/04,-16.8699
8/26/04,-9.6834
8/25/04,-2.8986
8/24/04,-13.4615
8/23/04,-46.9231
8/20/04,-57.6923
8/19/04,-61.1538
8/18/04,-38.1818
8/17/04,-64.5455
8/16/04,-67.2727
8/13/04,-65.4545
8/12/04,-79.697
8/11/04,-60.303
8/10/04,-44.8485
8/9/04,-81.8182
8/6/04,-97.5758
8/5/04,-63.8889
8/4/04,-48.0159
8/3/04,-74.2857
8/2/04,-41.9223
7/30/04,-26.3804
7/29/04,-20.2454
7/28/04,-27.8119
7/27/04,-24.5399
7/26/04,-48.4663
7/23/04,-59.9182
7/22/04,-39.8773
7/21/04,-41.1043
7/20/04,-29.2434
7/19/04,-33.9468
7/16/04,-36.5138
7/15/04,-23.1193
7/14/04,-84.5872
7/13/04,-94.4867
7/12/04,-96.0076
7/9/04,-93.2735
7/8/04,-90.8072
7/7/04,-85.2018
7/6/04,-72.6457
7/2/04,-69.7309
7/1/04,-40.2985
6/30/04,-35.1812
6/29/04,-36.0341
6/28/04,-36.2473
6/25/04,-2.5896
6/24/04,-12.218
6/23/04,-2.3466
6/22/04,-8.7719
6/21/04,-19.8642
6/18/04,-8.6049
6/17/04,-8.9317
6/16/04,-10.1576
6/15/04,-11.6883
6/14/04,-22.0207
6/10/04,-5.4245
6/9/04,-12.0283
6/8/04,-2.2388
6/7/04,-4.7753
6/4/04,-16.263
6/3/04,-27.4021
6/2/04,-8.8968
6/1/04,-28.3465
5/28/04,-28.3465
5/27/04,-21.4789
5/26/04,-9.507
5/25/04,-3.8314
5/24/04,-28
5/21/04,-27.4775
5/20/04,-45.4955
5/19/04,-56.0538
5/18/04,-29.5964
5/17/04,-48.4305
5/14/04,-29.5964
5/13/04,-23.7668
5/12/04,-27.8884
5/11/04,-38.6617
5/10/04,-70.632
5/7/04,-59.589
5/6/04,-66.5644
5/5/04,-69.6335
5/4/04,-84.1076
5/3/04,-85.8191
4/30/04,-92.9095
4/29/04,-78.0556
4/28/04,-95.7187
4/27/04,-80.7339
4/26/04,-74.9235
4/23/04,-57.4924
4/22/04,-55.0459
4/21/04,-56.5749
4/20/04,-56.5749
4/19/04,-37.6147
4/16/04,-12.2324
4/15/04,-8.5627
4/14/04,-69.7581
4/13/04,-46.4516
4/12/04,-10.4762
4/8/04,-26.6667
4/7/04,-33.6508
4/6/04,-17.1429
4/5/04,-1.5873
4/2/04,-17.6895
4/1/04,-31.769
3/31/04,-34.296
3/30/04,-4.2553
3/29/04,-7.8767
3/26/04,-37.6712
3/25/04,-43.4932
3/24/04,-81.4815
3/23/04,-67.3759
3/22/04,-50.2203
3/19/04,-50.2203
3/18/04,-54.4053
3/17/04,-37.5723
3/16/04,-43.4457
3/15/04,-28.4992
3/12/04,-9.4463
3/11/04,-15.8397
3/10/04,-7.3599
3/9/04,-6.9642
3/8/04,-26.6067
3/5/04,-13.3926
3/4/04,-1.8017
3/3/04,-15.767
3/2/04,-20.3311
3/1/04,-11.6178
2/27/04,-8.1444
2/26/04,-47.9616
2/25/04,-56.3319
2/24/04,-72.5
2/23/04,-79.5833
2/20/04,-70.8333
2/19/04,-67.9167
2/18/04,-35
2/17/04,-39.1667
2/13/04,-45.8333
2/12/04,-11.3537
2/11/04,-3.2258
2/10/04,-23.8095
2/9/04,-42.4405
2/6/04,-39.881
2/5/04,-57.1429
2/4/04,-94.7059
2/3/04,-89.7638
2/2/04,-91.3043
1/30/04,-85.7143
1/29/04,-81.203
1/28/04,-87.218
1/27/04,-60.8247
1/26/04,-58.4665
1/23/04,-66.6667
1/22/04,-72.6776
1/21/04,-60.929
1/20/04,-57.1816
1/16/04,-53.2663
1/15/04,-44.2222
1/14/04,-12.3314
1/13/04,-13.7405
1/12/04,-8.1967
1/9/04,-23.1557
1/8/04,-8.2589
1/7/04,-6.7039
1/6/04,-10.4101
1/5/04,-7.0064
1/2/04,-18.8
12/31/03,-7.0175
12/30/03,-9.7778
12/29/03,-15.1786
12/26/03,-31.6964
12/24/03,-48.2143
12/23/03,-75
12/22/03,-76.834
12/19/03,-96.4912
12/18/03,-88.1517
12/17/03,-95.7346
12/16/03,-91.7526
12/15/03,-89.1753
12/12/03,-52.0619
12/11/03,-33.6585
12/10/03,-74.1463
12/9/03,-70.7317
12/8/03,-41.4634
12/5/03,-51.2195
12/4/03,-52.8986
12/3/03,-57.2464
12/2/03,-41.115
12/1/03,-35.1916
11/28/03,-63.0662
11/26/03,-74.3363
11/25/03,-75.5162
11/24/03,-61.6519
11/21/03,-87.3156
11/20/03,-91.4063
11/19/03,-94.8252
11/18/03,-98.3562
11/17/03,-94.0984
11/14/03,-93.3824
11/13/03,-62.6984
11/12/03,-66.2698
11/11/03,-97.619
11/10/03,-97.2222
11/7/03,-84.7458
11/6/03,-49.7175
11/5/03,-54.8023
11/4/03,-61.5819
11/3/03,-66.9184
10/31/03,-76.2675
10/30/03,-69.0759
10/29/03,-47.5009
10/28/03,-46.4222
10/27/03,-86.6954
10/24/03,-77.7491
10/23/03,-58.9041
10/22/03,-54.4904
10/21/03,-38.7022
10/20/03,-37.15
10/17/03,-46.899
10/16/03,-36.5277
10/15/03,-3.9284
10/14/03,-4.1385
10/13/03,-1.4081
10/10/03,-3.5509
10/9/03,-6.2482
10/8/03,-14.1551
10/7/03,-5.8264
10/6/03,-26.1979
10/3/03,-46.8804
10/2/03,-85.4878
10/1/03,-78.569
9/30/03,-80.9094
9/29/03,-61.5179
9/26/03,-81.9124
9/25/03,-93.7716
9/24/03,-88.5084
9/23/03,-58.7814
9/22/03,-84.6416
9/19/03,-50.5119
9/18/03,-30.0341
9/17/03,-60.3015
9/16/03,-36.0902
9/15/03,-37.3737
9/12/03,-7.4074
9/11/03,-25.5892
9/10/03,-38.3838
9/9/03,-29.8742
9/8/03,-17.4699
9/5/03,-22.7778
9/4/03,-13.388
9/3/03,-10.1093
9/2/03,-1.506
8/29/03,-7.0796
8/28/03,-1.087
8/27/03,-20.4724
8/26/03,-36.8217
8/25/03,-44.186
8/22/03,-43.4109
8/21/03,-1.1806
8/20/03,-23.5577
8/19/03,-56.7308
8/18/03,-55.7692
8/15/03,-86.0577
8/14/03,-73.6211
8/13/03,-64.6512
8/12/03,-86.9767
8/11/03,-88.8372
8/8/03,-89.7674
8/7/03,-76.2791
8/6/03,-93.7198
8/5/03,-80.9524
8/4/03,-16.4384
8/1/03,-38.3562
7/31/03,-22.3744
7/30/03,-58.9041
7/29/03,-38.6364
7/28/03,-26.3636
7/25/03,-1.3636
7/24/03,-41.7722
7/23/03,-17.7273
7/22/03,-17.2727
7/21/03,-21.3483
7/18/03,-12.0225
7/17/03,-2.0243
7/16/03,-31.1881
7/15/03,-44.0594
7/14/03,-29.703
7/11/03,-32.1782
7/10/03,-45.5446
7/9/03,-30.198
7/8/03,-4.5641
7/7/03,-14.1553
7/3/03,-25
7/2/03,-16.4063
7/1/03,-23.4375
6/30/03,-21.9054
6/27/03,-32.6531
6/26/03,-13.0719
6/25/03,-19.6078
6/24/03,-29.7386
6/23/03,-20.5882
6/20/03,-13.7584
6/19/03,-15.7718
6/18/03,-12.6316
6/17/03,-16.5775
6/16/03,-19.0123
6/13/03,-65.1982
6/12/03,-49.7797
6/11/03,-63.8767
6/10/03,-75.7709
6/9/03,-92.9515
6/6/03,-93.0851
6/5/03,-68.6869
6/4/03,-70.7071
6/3/03,-85.3535
6/2/03,-89.5954
5/30/03,-71.4286
5/29/03,-64.2857
5/28/03,-42.328
5/27/03,-6.3492
5/23/03,-23.5131
5/22/03,-17.8824
5/21/03,-24.6781
5/20/03,-24.2
5/19/03,-17.4757
5/16/03,-3.69
5/15/03,-4.3321
5/14/03,-7.3171
5/13/03,-5.0251
5/12/03,-3.1359
5/9/03,-1.8519
5/8/03,-4.5627
5/7/03,-10.6884
5/6/03,-7.722
5/5/03,-18.9904
5/2/03,-7.4866
5/1/03,-4.6512
4/30/03,-12.7907
4/29/03,-29.4737
4/28/03,-40.9326
4/25/03,-71.7489
4/24/03,-67.713
4/23/03,-61.435
4/22/03,-64.574
4/21/03,-81.1659
4/17/03,-82.0628
4/16/03,-84.2365
4/15/03,-77.2277
4/14/03,-67.8218
4/11/03,-86.6337
4/10/03,-63.7363
4/9/03,-86.4865
4/8/03,-63.0631
4/7/03,-59.4595
4/4/03,-66.6667
4/3/03,-62.1622
4/2/03,-49.5495
4/1/03,-89.1892
3/31/03,-90.991
3/28/03,-53.211
3/27/03,-60.5505
3/26/03,-67.8899
3/25/03,-55.0459
3/24/03,-71.5596
3/21/03,-13.7615
3/20/03,-22.7273
3/19/03,-19.0909
3/18/03,-14.5455
3/17/03,-13.6364
3/14/03,-34.5455
3/13/03,-32.3529
3/12/03,-69.1176
3/11/03,-68.3824
3/10/03,-58.0882
3/7/03,-51.3333
3/6/03,-49.3333
3/5/03,-45.3333
3/4/03,-49.3333
3/3/03,-43.3333
2/28/03,-19.3333
2/27/03,-29.3333
2/26/03,-53.3333
2/25/03,-18.6667
2/24/03,-37.3333
2/21/03,-24.1935
2/20/03,-42.4
2/19/03,-36
2/18/03,-2.4
2/14/03,-39.2157
2/13/03,-37.3239
2/12/03,-45.0331
2/11/03,-47.6821
2/10/03,-47.6821
2/7/03,-60.9272
2/6/03,-42.3841
2/5/03,-41.0596
2/4/03,-31.1258
2/3/03,-27.1523
1/31/03,-47.0199
1/30/03,-49.6689
1/29/03,-25
1/28/03,-25
1/27/03,-60.4167
1/24/03,-86.8132
1/23/03,-76.5823
1/22/03,-94.9367
1/21/03,-95.1049
1/17/03,-83.1169
1/16/03,-49.3506
1/15/03,-61.6883
1/14/03,-50
1/13/03,-48.7013
1/10/03,-41.25
1/9/03,-43.75
1/8/03,-51.875
1/7/03,-33.125
1/6/03,-30
1/3/03,-20.5674
1/2/03,-42.3729
12/31/02,-68.9266
12/30/02,-83.6158
12/27/02,-84.1808
12/26/02,-64.9718
12/24/02,-67.2316
12/23/02,-59.887
12/20/02,-79.661
12/19/02,-95
12/18/02,-95.625
12/17/02,-63.75
12/16/02,-78.125
12/13/02,-82.3171
12/12/02,-61.8785
12/11/02,-48.9691
12/10/02,-59.7938
12/9/02,-87.1134
12/6/02,-76.8041
12/5/02,-93.299
12/4/02,-75.7732
12/3/02,-89.5105
12/2/02,-88.1119
11/29/02,-65.7343
11/27/02,-50.3497
11/26/02,-80.8612
11/25/02,-58.4416
11/22/02,-56.71
11/21/02,-43.4599
11/20/02,-78.0591
11/19/02,-89.0295
11/18/02,-76.5487
11/15/02,-59.0909
11/14/02,-44.6281
11/13/02,-64.1577
11/12/02,-61.4841
11/11/02,-77.0833
11/8/02,-49.359
11/7/02,-40.8284
11/6/02,-4.6377
11/5/02,-13.913
11/4/02,-14.2029
11/1/02,-5.4475
10/31/02,-14.741
10/30/02,-15.9836
10/29/02,-21.519
10/28/02,-13.3858
10/25/02,-1.4354
10/24/02,-29.6296
10/23/02,-19.5767
10/22/02,-29.1005
10/21/02,-36.5079
10/18/02,-48.1481
10/17/02,-60.3175
10/16/02,-36.5079
10/15/02,-4.7619
10/14/02,-22.9508
10/11/02,-37.1585
10/10/02,-58.4699
10/9/02,-86.8852
10/8/02,-81.9672
10/7/02,-99.3007
10/4/02,-97.479
10/3/02,-74.7899
10/2/02,-85.7143
10/1/02,-57.1429
9/30/02,-60.5263
9/27/02,-41.2281
9/26/02,-42.9825
9/25/02,-21.4286
9/24/02,-43.2692
9/23/02,-23.0769
9/20/02,-21.1538
9/19/02,-51.3761
9/18/02,-11.0092
9/17/02,-31.1927
9/16/02,-73.3728
9/13/02,-93.6842
9/12/02,-95.2632
9/11/02,-89.0909
9/10/02,-87.2727
9/9/02,-85.4545
9/6/02,-85
9/5/02,-94.0909
9/4/02,-80.4545
9/3/02,-100
8/30/02,-86.2069
8/29/02,-89.0805
8/28/02,-90.6433
8/27/02,-81.8713
8/26/02,-37.8947
8/23/02,-23.9631
8/22/02,-12.2807
8/21/02,-5.7018
8/20/02,-14.9123
8/19/02,-11.8421
8/16/02,-13.615
8/15/02,-7.8652
8/14/02,-19.883
8/13/02,-53.8012
8/12/02,-30.4094
8/9/02,-29.8246
8/8/02,-12.2807
8/7/02,-28.0702
8/6/02,-46.5909
8/5/02,-92.0833
8/2/02,-86.3732
8/1/02,-79.1667
7/31/02,-70.7415
7/30/02,-67.3347
7/29/02,-75.5511
7/26/02,-89.1784
7/25/02,-92.6778
7/24/02,-79.0749
7/23/02,-99.3103
7/22/02,-90.8451
7/19/02,-89.9061
7/18/02,-94.0594
7/17/02,-87.7778
7/16/02,-33.0961
7/15/02,-19.9288
7/12/02,-45.9075
7/11/02,-16.2455
7/10/02,-51.6245
7/9/02,-44.0433
7/8/02,-55.9653
7/5/02,-40.6452
7/3/02,-66.2366
7/2/02,-79.3548
7/1/02,-77.3585
6/28/02,-69.5804
6/27/02,-81.57
6/26/02,-90.4362
6/25/02,-93.2619
6/24/02,-91.2711
6/21/02,-99.0683
6/20/02,-96.0606
6/19/02,-96.7436
6/18/02,-67.4641
6/17/02,-61.6114
6/14/02,-68.5624
6/13/02,-97.148
6/12/02,-97.1698
6/11/02,-98.9648
6/10/02,-87.239
6/7/02,-89.0951
6/6/02,-96.7914
6/5/02,-85
6/4/02,-84.2105
6/3/02,-90.2941
5/31/02,-88.1579
5/30/02,-58.5526
5/29/02,-65.7895
5/28/02,-65.7895
5/24/02,-47.6563
5/23/02,-20.8333
5/22/02,-43.2292
5/21/02,-65.625
5/20/02,-32.2917
5/17/02,-25.2604
5/16/02,-20.0521
5/15/02,-18.2292
5/14/02,-1.9774
5/13/02,-24.3697
5/10/02,-55.303
5/9/02,-26.5233
5/8/02,-33.4328
5/7/02,-90.2367
5/6/02,-94.8787
5/3/02,-83.9117
5/2/02,-78.2334
5/1/02,-69.0852
4/30/02,-59.9369
4/29/02,-69.7161
4/26/02,-99.6845
4/25/02,-78.2443
4/24/02,-96.3855
4/23/02,-76.8
4/22/02,-63.8132
4/19/02,-46.3035
4/18/02,-26.2976
4/17/02,-2.0761
4/16/02,-9.4891
4/15/02,-9.0909
4/12/02,-6.3636
4/11/02,-15.4545
4/10/02,-24.2009
4/9/02,-49.7717
4/8/02,-32.1739
4/5/02,-24.3478
4/4/02,-17.3913
4/3/02,-67.3913
4/2/02,-53.4783
4/1/02,-36.5217
3/28/02,-70.8696
3/27/02,-79.5652
3/26/02,-80
3/25/02,-82.2785
3/22/02,-51.0549
3/21/02,-40.5512
3/20/02,-10.9195
3/19/02,-11.3924
3/18/02,-9.5238
3/15/02,-4.5238
3/14/02,-16.9048
3/13/02,-15.4762
3/12/02,-10
3/11/02,-1.9048
3/8/02,-10.3614
3/7/02,-14.8515
3/6/02,-27.0396
3/5/02,-39.7674
3/4/02,-22.093
3/1/02,-41.6279
2/28/02,-82.3256
2/27/02,-76.5517
2/26/02,-50.9934
2/25/02,-47.9029
2/22/02,-71.5232
2/21/02,-98.8962
2/20/02,-78.5124
2/19/02,-96
2/15/02,-66.4537
2/14/02,-42.3313
2/13/02,-29.2169
2/12/02,-38.253
2/11/02,-22.779
2/8/02,-44.4191
2/7/02,-38.2688
2/6/02,-29.8405
2/5/02,-9.6715
2/4/02,-3.3865
2/1/02,-12.3318
1/31/02,-0.2364
1/30/02,-1.2887
1/29/02,-14.5897
1/28/02,-8.5106
1/25/02,-20.0535
1/24/02,-21.123
1/23/02,-26.2032
1/22/02,-58.2888
1/18/02,-48.9305
1/17/02,-40.6417
1/16/02,-86.0963
1/15/02,-61.4973
1/14/02,-76.2032
1/11/02,-78.877
1/10/02,-74.0642
1/9/02,-66.5722
1/8/02,-36.7725
1/7/02,-28.8714
1/4/02,-6.7358
1/3/02,-4.6448
1/2/02,0
12/31/01,-37.8007
12/28/01,-19.5876
12/27/01,-31.7241
12/26/01,-58.9443
12/24/01,-67.7665
12/21/01,-76.9036
12/20/01,-85.2792
12/19/01,-61.1675
12/18/01,-76.6497
12/17/01,-86.5482
12/14/01,-92.3858
12/13/01,-73.012
12/12/01,-56.9507
12/11/01,-47.1698
12/10/01,-31.2369
12/7/01,-29.3886
12/6/01,-22.2025
12/5/01,-4.7957
12/4/01,-3.8462
12/3/01,-15.873
11/30/01,-6.9638
11/29/01,-31.4763
11/28/01,-28.4123
11/27/01,-15.3203
11/26/01,-5.0139
11/23/01,-16.0714
11/21/01,-23.2143
11/20/01,-22.7119
11/19/01,-4.5139
11/16/01,-37.785
11/15/01,-22.1498
11/14/01,-16.9381
11/13/01,-24.7557
11/12/01,-44.9511
11/9/01,-46.2541
11/8/01,-46.2541
11/7/01,-17.5896
11/6/01,-1.9531
11/5/01,-14.2276
11/2/01,-34.5528
11/1/01,-33.7398
10/31/01,-72.6563
10/30/01,-70.8171
10/29/01,-51.585
10/26/01,-19.7889
10/25/01,-5.8673
10/24/01,-10.6095
10/23/01,-28.8939
10/22/01,-1.1792
10/19/01,-3.0726
10/18/01,-11.4525
10/17/01,-39.6648
10/16/01,-10.4225
10/15/01,-10.9859
10/12/01,-2.1538
10/11/01,0
10/10/01,-1.3825
10/9/01,-41.8502
10/8/01,-37.1901
10/5/01,-51.9737
10/4/01,-60.5263
10/3/01,-90.1316
10/2/01,-89.1813
10/1/01,-79.7647
9/28/01,-80.5621
9/27/01,-81.1364
9/26/01,-89.3182
9/25/01,-80.4545
9/24/01,-59.7727
9/21/01,-76.4574
9/20/01,-95.2632
9/19/01,-61.6216
9/18/01,-84.5938
9/17/01,-64.7059
9/10/01,-81.0924
9/7/01,-96.1905
9/6/01,-78.2178
9/5/01,-37.1287
9/4/01,-51.9802
8/31/01,-38.9423
8/30/01,-73.5577
8/29/01,-85.9551
8/28/01,-53.9326
8/27/01,-36.7925
8/24/01,-53.3019
8/23/01,-89.1509
8/22/01,-73.7991
8/21/01,-90
8/20/01,-85.1675
8/17/01,-94.8187
8/16/01,-64.7668
8/15/01,-85.8824
8/14/01,-57.0732
8/13/01,-39.5122
8/10/01,-43.4783
8/9/01,-54.717
8/8/01,-60.3774
8/7/01,-60.7843
8/6/01,-74.0365
8/3/01,-77.6119
8/2/01,-73.27
8/1/01,-83.5821
7/31/01,-87.2456
7/30/01,-85.346
7/27/01,-84.9389
7/26/01,-89.9593
7/25/01,-93.1034
7/24/01,-94.453
7/23/01,-99.1274
7/20/01,-91.4485
7/19/01,-96.1609
7/18/01,-92.2917
7/17/01,-2.7397
7/16/01,-26.7606
7/13/01,-5.8685
7/12/01,-17.3709
7/11/01,-60.0939
7/10/01,-77.3438
7/9/01,-46.875
7/6/01,-59.9609
7/5/01,-33.2174
7/3/01,-21.913
7/2/01,-20.8696
6/29/01,-32.1739
6/28/01,-9.8925
6/27/01,-14.1935
6/26/01,-5.3763
6/25/01,-0.2151
6/22/01,-20.274
6/21/01,-13.9726
6/20/01,-7.2
6/19/01,-64.7059
6/18/01,-57.6132
6/15/01,-64.375
6/14/01,-85.4637
6/13/01,-70.75
6/12/01,-77.3034
6/11/01,-84.6791
6/8/01,-58.1781
6/7/01,-51.1387
6/6/01,-71.5706
6/5/01,-68.4615
6/4/01,-78.0645
6/1/01,-74.3548
5/31/01,-89.5161
5/30/01,-92.2581
5/29/01,-85.9275
5/25/01,-91.3333
5/24/01,-81.5287
5/23/01,-84.5161
5/22/01,-78.5714
5/21/01,-79.4937
5/18/01,-80.2532
5/17/01,-81.6934
5/16/01,-69.1076
5/15/01,-90.1602
5/14/01,-87.643
5/11/01,-97.9358
5/10/01,-98.801
5/9/01,-86.9806
5/8/01,-70.6371
5/7/01,-35.7616
5/4/01,-18.2181
5/3/01,-28.7234
5/2/01,-7.0479
5/1/01,-15.8245
4/30/01,-21.6755
4/27/01,-1.3453
4/26/01,-21.6923
4/25/01,-16.748
4/24/01,-24.5714
4/23/01,-21.4286
4/20/01,-10.1429
4/19/01,-0.4286
4/18/01,-24.2026
4/17/01,-64.8936
4/16/01,-42.766
4/12/01,-26.6
4/11/01,-39
4/10/01,-34.2
4/9/01,-64.2
4/6/01,-63.2
4/5/01,-57.6
4/4/01,-85
4/3/01,-71.9262
4/2/01,-40.678
3/30/01,-30.2158
3/29/01,-21.6696
3/28/01,-28.0639
3/27/01,-15.6306
3/26/01,-34.9911
3/23/01,-10.2941
3/22/01,-11.1675
3/21/01,-49.2386
3/20/01,-48.6653
3/19/01,-30.8008
3/16/01,-50.1027
3/15/01,-48.6653
3/14/01,-33.2649
3/13/01,-51.3347
3/12/01,-70.6366
3/9/01,-37.1663
3/8/01,-25.6674
3/7/01,-16.6324
3/6/01,-11.499
3/5/01,-5.638
3/2/01,-38.8724
3/1/01,-56.9061
2/28/01,-91.8301
2/27/01,-55.2288
2/26/01,-55.7522
2/23/01,-76.1062
2/22/01,-79.4416
2/21/01,-81.8667
2/20/01,-97.2158
2/16/01,-87.5
2/15/01,-61
2/14/01,-75
2/13/01,-88.7139
2/12/01,-73.7533
2/9/01,-88.7139
2/8/01,-43.1034
2/7/01,-43.1034
2/6/01,-28.2787
2/5/01,-38.5
2/2/01,-31.3333
2/1/01,-23
1/31/01,-14.08
1/30/01,-4.2088
1/29/01,-1.0545
1/26/01,-27.6
1/25/01,-20
1/24/01,-8.8
1/23/01,-6.7692
1/22/01,-7.1429
1/19/01,-1.1719
1/18/01,-1.3514
1/17/01,-39.2111
1/16/01,-32.0186
1/12/01,-29.9771
1/11/01,-10.8225
1/10/01,-39.8357
1/9/01,-26.8994
1/8/01,-39.8357
1/5/01,-43.7372
1/4/01,-29.5688
1/3/01,-10.4575
1/2/01,-47.2574
12/29/00,-47.2574
12/28/00,-50.211
12/27/00,-50.211
12/26/00,-55.2743
12/22/00,-64.042
12/21/00,-88.7139
12/20/00,-80.6202
12/19/00,-98.3146
12/18/00,-92.9062
12/15/00,-98.8
12/14/00,-92.5926
12/13/00,-83.165
12/12/00,-76.7677
12/11/00,-79.9663
12/8/00,-82.1549
12/7/00,-94.7811
12/6/00,-94.7811
12/5/00,-78.3784
12/4/00,-86.9863
12/1/00,-78.5388
11/30/00,-91.3242
11/29/00,-90.4615
11/28/00,-97.4286
11/27/00,-87.6404
11/24/00,-75.7437
11/22/00,-94.7368
11/21/00,-88.2105
11/20/00,-85.4737
11/17/00,-94.7368
11/16/00,-84.2105
11/15/00,-61.0136
11/14/00,-50
11/13/00,-66
11/10/00,-71.6364
11/9/00,-51.0909
11/8/00,-53.4545
11/7/00,-30.7273
11/6/00,-28.3636
11/3/00,-13.6364
11/2/00,-16.3478
11/1/00,-47.8261
10/31/00,-64.1739
10/30/00,-68.5217
10/27/00,-81.5652
10/26/00,-82.6087
10/25/00,-96.1538
10/24/00,-90.9532
10/23/00,-66.7205
10/20/00,-82.2123
10/19/00,-92.5355
10/18/00,-86.6341
10/17/00,-97.1173
10/16/00,-93.1392
10/13/00,-91.7485
10/12/00,-97.5811
10/11/00,-98.6256
10/10/00,-99.0544
10/9/00,-98.1454
10/6/00,-97.0574
10/5/00,-99.5198
10/4/00,-95.5775
10/3/00,-99.6943
10/2/00,-98.0232
9/29/00,-98.9465
9/28/00,-59.6544
9/27/00,-94.843
9/26/00,-88.535
9/25/00,-72.1338
9/22/00,-84.4901
9/21/00,-75.2786
9/20/00,-31.1044
9/19/00,-42.3506
9/18/00,-35.0557
9/15/00,-90.0709
9/14/00,-93.7984
9/13/00,-56.9832
9/12/00,-48.7749
9/11/00,-41.3392
9/8/00,-36.1629
9/7/00,-14.6308
9/6/00,-35.9266
9/5/00,-9.7054
9/1/00,-1.1092
8/31/00,-3.6866
8/30/00,-3.4626
8/29/00,-1.8012
8/28/00,-6.994
8/25/00,-5.7789
8/24/00,-4.6974
8/23/00,-4.7878
8/22/00,-13.0841
8/21/00,-23.6874
8/18/00,-29.7924
8/17/00,-12.21
8/16/00,-48.4848
8/15/00,-72.8889
8/14/00,-68.7778
8/11/00,-61.7778
8/10/00,-63.2222
8/9/00,-71.4411
8/8/00,-80.484
8/7/00,-71.1944
8/4/00,-78.6056
8/3/00,-74.3677
8/2/00,-96.9472
8/1/00,-82.3273
7/31/00,-71.4182
7/28/00,-89.6
7/27/00,-65.7273
7/26/00,-80.5027
7/25/00,-80.5027
7/24/00,-90.9368
7/21/00,-64.2727
7/20/00,-50
7/19/00,-72.1818
7/18/00,-30.7273
7/17/00,-21.0909
7/14/00,-26.7273
7/13/00,-37.5455
7/12/00,-3.8462
7/11/00,-24.0125
7/10/00,-86.1904
7/7/00,-91.1434
7/6/00,-95.986
7/5/00,-97.5387
7/3/00,-94.4061
6/30/00,-96.1402
6/29/00,-98.2472
6/28/00,-92.2991
6/27/00,-97.3149
6/26/00,-92.8771
6/23/00,-97.4268
6/22/00,-93.5857
6/21/00,-90.0802
6/20/00,-11.4128
6/19/00,-16.1507
6/16/00,-44.1692
6/15/00,-38.0805
6/14/00,-48.0392
6/13/00,-27.0898
6/12/00,-44.1692
6/9/00,-20.6398
6/8/00,-25.4902
6/7/00,-34.1066
6/6/00,-49.1249
6/5/00,-61.8682
6/2/00,-57.5113
6/1/00,-70.9592
5/31/00,-92.1739
5/30/00,-79.7913
5/26/00,-88.0708
5/25/00,-86.0867
5/24/00,-85.2283
5/23/00,-99.3588
5/22/00,-88.8227
5/19/00,-98.0839
5/18/00,-92.7273
5/17/00,-90.887
5/16/00,-75.8609
5/15/00,-92.3077
5/12/00,-70.4333
5/11/00,-86.4667
5/10/00,-98.1333
5/9/00,-97.7541
5/8/00,-99.4074
5/5/00,-80.84
5/4/00,-92.0471
5/3/00,-69.8391
5/2/00,-48.7786
5/1/00,-23.4043
4/28/00,-31.1693
4/27/00,-21.5208
4/26/00,-44.5157
4/25/00,-20.891
4/24/00,-47.2494
4/20/00,-59.5726
4/19/00,-53.0754
4/18/00,-36.4713
4/17/00,-45.1343
4/14/00,-81.1473
4/13/00,-77.5827
4/12/00,-89.0171
4/11/00,-92.0012
4/10/00,-75.4683
4/7/00,-55.397
4/6/00,-74.9034
4/5/00,-59.4707
4/4/00,-64.2977
4/3/00,-47.0767
3/31/00,-40.0495
3/30/00,-67.702
3/29/00,-39.6921
3/28/00,-30.9236
3/27/00,-29.7416
3/24/00,-32.133
3/23/00,-24.9313
3/22/00,-0.6254
3/21/00,-7.956
3/20/00,-50.1661
3/17/00,-36.2051
3/16/00,-44.3225
3/15/00,-66.737
3/14/00,-75.1794
3/13/00,-45.3778
3/10/00,-24.8719
3/9/00,-38.6677
3/8/00,-39.6531
3/7/00,-36.2239
3/6/00,-25.1084
3/3/00,-16.0032
3/2/00,-39.6531
3/1/00,-6.8979
2/29/00,-40.1509
2/28/00,-50.4906
2/25/00,-68.3571
2/24/00,-29.0441
2/23/00,-18.7405
2/22/00,-26.7219
2/18/00,-37.8814
2/17/00,-19.9292
2/16/00,-22.8774
2/15/00,-3.695
2/14/00,-5.7913
2/11/00,-37.0027
2/10/00,-16.0035
2/9/00,-19.8939
2/8/00,-24.5556
2/7/00,-27.5556
2/4/00,-50
2/3/00,-67.3704
2/2/00,-78.2414
2/1/00,-60.7143
1/31/00,-50.7143
1/28/00,-56.8
1/27/00,-32.8571
1/26/00,-32.3143
1/25/00,-26.4286
1/24/00,-43.5714
1/21/00,-29.1143