Technical Analysis: ROC__|,Technical Analysis: ROC__|__ROC
6/29/18,-1.9233
6/28/18,-1.7687
6/27/18,-3.4801
6/26/18,-3.2879
6/25/18,-5.258
6/22/18,-3.2997
6/21/18,-3.2551
6/20/18,-3.5976
6/19/18,-4.2736
6/18/18,-2.3641
6/15/18,-1.5587
6/14/18,0.2944
6/13/18,2.0496
6/12/18,2.5493
6/11/18,1.7722
6/8/18,1.6545
6/7/18,2.8222
6/6/18,2.9836
6/5/18,3.286
6/4/18,2.2384
6/1/18,2.1094
5/31/18,-0.0642
5/30/18,-0.3614
5/29/18,0.7831
5/25/18,0.2285
5/24/18,-0.2333
5/23/18,-0.884
5/22/18,-0.1067
5/21/18,0.8492
5/18/18,0.6211
5/17/18,1.719
5/16/18,6.3825
5/15/18,5.5899
5/14/18,11.2655
5/11/18,14.1171
5/10/18,17.0774
5/9/18,14.0909
5/8/18,13.6877
5/7/18,13.6369
5/4/18,11.2503
5/3/18,6.7403
5/2/18,2.1817
5/1/18,-4.9145
4/30/18,-7.2823
4/27/18,-7.6783
4/26/18,-6.015
4/25/18,-6.0239
4/24/18,-5.5092
4/23/18,-4.6234
4/20/18,-2.5463
4/19/18,2.625
4/18/18,2.9167
4/17/18,3.8634
4/16/18,4.4124
4/13/18,4.8296
4/12/18,3.7907
4/11/18,3.58
4/10/18,2.9167
4/9/18,-1.5743
4/6/18,2.0856
4/5/18,2.3394
4/4/18,0.1985
4/3/18,-3.9089
4/2/18,-4.9173
3/29/18,-5.7522
3/28/18,-6.8122
3/27/18,-5.6602
3/26/18,-4.0007
3/23/18,-9.234
3/22/18,-6.184
3/21/18,-3.2045
3/20/18,0.12
3/19/18,-0.7755
3/16/18,0.6787
3/15/18,1.3847
3/14/18,1.9657
3/13/18,1.0386
3/12/18,1.8667
3/9/18,0.5643
3/8/18,0.8205
3/7/18,1.4667
3/6/18,3.2735
3/5/18,2.8921
3/2/18,2.1922
3/1/18,1.1619
2/28/18,6.4229
2/27/18,8.5493
2/26/18,9.9932
2/23/18,12.2051
2/22/18,11.1827
2/21/18,7.227
2/20/18,5.41
2/16/18,10.186
2/15/18,7.7819
2/14/18,-0.2444
2/13/18,-1.8455
2/12/18,-2.5514
2/9/18,-6.8766
2/8/18,-9.5388
2/7/18,-6.7617
2/6/18,-6.4229
2/5/18,-11.6075
2/2/18,-9.322
2/1/18,-5.9845
1/31/18,-6.5994
1/30/18,-6.7728
1/29/18,-4.6711
1/26/18,-3.1509
1/25/18,-2.3791
1/24/18,-0.0402
1/23/18,1.5545
1/22/18,1.5199
1/19/18,1.9771
1/18/18,3.6005
1/17/18,3.9889
1/16/18,2.2814
1/12/18,4.6446
1/11/18,2.455
1/10/18,2.163
1/9/18,2.2044
1/8/18,-0.3771
1/5/18,-0.0057
1/4/18,-0.7571
1/3/18,-1.3235
1/2/18,-2.358
12/29/17,-2.7246
12/28/17,-0.6619
12/27/17,-0.9694
12/26/17,-0.6581
12/22/17,1.3552
12/21/17,3.33
12/20/17,2.9707
12/19/17,3.272
12/18/17,3.9967
12/15/17,2.4558
12/14/17,0.684
12/13/17,0.2444
12/12/17,1.3099
12/11/17,-0.2311
12/8/17,-2.7112
12/7/17,-3.2291
12/6/17,-3.4008
12/5/17,-2.0215
12/4/17,-0.1059
12/1/17,0.5289
11/30/17,0.4383
11/29/17,0.2366
11/28/17,1.0097
11/27/17,0.069
11/24/17,0.1718
11/22/17,-0.5231
11/21/17,-1.759
11/20/17,-2.763
11/17/17,-2.3529
11/16/17,-0.8116
11/15/17,0.577
11/14/17,2.6664
11/13/17,2.9165
11/10/17,4.7685
11/9/17,7.8688
11/8/17,11.9624
11/7/17,11.764
11/6/17,10.9166
11/3/17,10.4566
11/2/17,7.5904
11/1/17,6.9945
10/31/17,5.8087
10/30/17,3.8948
10/27/17,1.9827
10/26/17,0.2675
10/25/17,0.2628
10/24/17,0.3513
10/23/17,0.1732
10/20/17,0.2631
10/19/17,0.4379
10/18/17,2.8123
10/17/17,4.5543
10/16/17,3.4956
10/13/17,2.0675
10/12/17,1.2198
10/11/17,2.1334
10/10/17,1.0828
10/9/17,1.7631
10/6/17,3.1551
10/5/17,2.3043
10/4/17,0.0587
10/3/17,-1.0188
10/2/17,-3.0996
9/29/17,-2.8676
9/28/17,-4.1281
9/27/17,-2.5588
9/26/17,-4.0777
9/25/17,-6.4093
9/22/17,-5.9505
9/21/17,-3.3033
9/20/17,-3.2184
9/19/17,-1.9641
9/18/17,-2.1039
9/15/17,-2.5419
9/14/17,-3.4878
9/13/17,-2.2651
9/12/17,-1.2584
9/11/17,0.0186
9/8/17,-0.7694
9/7/17,1.2495
9/6/17,1.2064
9/5/17,1.4395
9/1/17,4.3509
8/31/17,4.127
8/30/17,3.4778
8/29/17,1.2178
8/28/17,-0.0804
8/25/17,0.0063
8/24/17,1.1367
8/23/17,3.0003
8/22/17,-0.7947
8/21/17,-1.7929
8/18/17,-0.8249
8/17/17,0.94
8/16/17,3.4583
8/15/17,2.8382
8/14/17,6.5312
8/11/17,5.8831
8/10/17,3.893
8/9/17,6.974
8/8/17,4.3138
8/7/17,3.9741
8/4/17,2.8273
8/3/17,3.527
8/2/17,4.5231
8/1/17,-0.6423
7/31/17,-0.8995
7/28/17,-0.0401
7/27/17,1.0199
7/26/17,3.8506
7/25/17,4.8031
7/24/17,4.5077
7/21/17,3.5916
7/20/17,4.2724
7/19/17,5.8082
7/18/17,4.1571
7/17/17,4.223
7/14/17,3.4856
7/13/17,2.8466
7/12/17,-0.0617
7/11/17,1.2523
7/10/17,-0.5212
7/7/17,-1.4356
7/6/17,-1.9913
7/5/17,-1.2203
7/3/17,-1.0413
6/30/17,-1.5853
6/29/17,0.9911
6/28/17,1.0673
6/27/17,-0.9851
6/26/17,-0.5253
6/23/17,0.5914
6/22/17,-2.2486
6/21/17,-5.8843
6/20/17,-6.668
6/19/17,-5.2509
6/16/17,-7.5749
6/15/17,-7.1792
6/14/17,-5.2357
6/13/17,-4.039
6/12/17,-5.3686
6/9/17,-3.0141
6/8/17,0.7279
6/7/17,1.3239
6/6/17,0.4226
6/5/17,-0.039
6/2/17,1.5615
6/1/17,0.4196
5/31/17,1.6705
5/30/17,-1.1578
5/26/17,-1.3423
5/25/17,-1.4286
5/24/17,-0.3962
5/23/17,0.3523
5/22/17,0
5/19/17,0.0327
5/18/17,2.4033
5/17/17,2.5387
5/16/17,5.7188
5/15/17,5.5522
5/12/17,6.4947
5/11/17,7.1702
5/10/17,6.586
5/9/17,7.1757
5/8/17,5.8673
5/5/17,3.7037
5/4/17,2.9943
5/3/17,3.2435
5/2/17,4.855
5/1/17,3.8102
4/28/17,1.2832
4/27/17,1.9426
4/26/17,1.3258
4/25/17,2.0476
4/24/17,0.3283
4/21/17,-0.7465
4/20/17,-0.8492
4/19/17,-2.3191
4/18/17,-2.466
4/17/17,-1.3013
4/13/17,-1.8168
4/12/17,-1.4799
4/11/17,-1.7277
4/10/17,-0.4381
4/7/17,1.7462
4/6/17,2.1473
4/5/17,2.1998
4/4/17,2.3688
4/3/17,2.7603
3/31/17,1.5552
3/30/17,2.8145
3/29/17,2.438
3/28/17,2.3779
3/27/17,1.3598
3/24/17,1.0345
3/23/17,1.2793
3/22/17,1.9758
3/21/17,0.6043
3/20/17,1.3905
3/17/17,0.4665
3/16/17,0.651
3/15/17,1.0794
3/14/17,-0.5723
3/13/17,1.6133
3/10/17,1.614
3/9/17,1.4781
3/8/17,1.8091
3/7/17,1.7577
3/6/17,1.9312
3/3/17,2.9915
3/2/17,2.671
3/1/17,3.1584
2/28/17,1.459
2/27/17,2.7309
2/24/17,3.4363
2/23/17,3.1038
2/22/17,3.8397
2/21/17,3.9307
2/17/17,4.1676
2/16/17,4.8536
2/15/17,5.4306
2/14/17,4.8699
2/13/17,9.8393
2/10/17,8.6245
2/9/17,8.5855
2/8/17,8.2828
2/7/17,7.9176
2/6/17,8.6022
2/3/17,7.495
2/2/17,7.1083
2/1/17,7.4887
1/31/17,1.1334
1/30/17,1.3583
1/27/17,2.4446
1/26/17,2.2558
1/25/17,1.7787
1/24/17,0.722
1/23/17,0.916
1/20/17,1.7725
1/19/17,2.7185
1/18/17,3.4218
1/17/17,3.3147
1/13/17,2.7802
1/12/17,2.1588
1/11/17,2.5608
1/10/17,1.5777
1/9/17,2.1198
1/6/17,1.3931
1/5/17,-0.3844
1/4/17,-0.7952
1/3/17,-0.4201
12/30/16,-0.1293
12/29/16,0.7857
12/28/16,1.363
12/27/16,1.797
12/23/16,2.842
12/22/16,2.0535
12/21/16,4.406
12/20/16,5.3319
12/19/16,6.0846
12/16/16,6.2872
12/15/16,5.3867
12/14/16,5.206
12/13/16,4.2255
12/12/16,1.6508
12/9/16,2.1332
12/8/16,0.2952
12/7/16,-0.1798
12/6/16,-1.6547
12/5/16,-2.3449
12/2/16,-0.1454
12/1/16,-0.4184
11/30/16,0.4819
11/29/16,4.0612
11/28/16,5.5435
11/25/16,3.0988
11/23/16,3.1914
11/22/16,0.8297
11/21/16,0.6033
11/18/16,-0.317
11/17/16,1.0198
11/16/16,0.1457
11/15/16,-4.0147
11/14/16,-5.1843
11/11/16,-4.5006
11/10/16,-5.2146
11/9/16,-3.1447
11/8/16,-3.919
11/7/16,-6.63
11/4/16,-7.4883
11/3/16,-5.8062
11/2/16,-4.6728
11/1/16,-4.807
10/31/16,-3.3455
10/28/16,-3.2582
10/27/16,-2.6779
10/26/16,-1.1882
10/25/16,0.7755
10/24/16,1.1608
10/21/16,0.4739
10/20/16,2.6302
10/19/16,2.8361
10/18/16,3.9098
10/17/16,4.0265
10/14/16,4.5414
10/13/16,3.4763
10/12/16,4.5998
10/11/16,2.0623
10/10/16,2.6174
10/7/16,1.0454
10/6/16,1.0469
10/5/16,-1.3697
10/4/16,-0.4844
10/3/16,-0.9245
9/30/16,-0.4666
9/29/16,-2.3843
9/28/16,-1.4017
9/27/16,1.181
9/26/16,4.5669
9/23/16,6.8949
9/22/16,11.1413
9/21/16,7.6099
9/20/16,4.808
9/19/16,5.4596
9/16/16,6.6741
9/15/16,8.2826
9/14/16,5.344
9/13/16,1.8396
9/12/16,-1.2919
9/9/16,-3.5627
9/8/16,-1.9057
9/7/16,0.3055
9/6/16,-1.0565
9/2/16,-0.7188
9/1/16,-2.4049
8/31/16,-2.7319
8/30/16,-2.9482
8/29/16,-2.3405
8/26/16,-2.3201
8/25/16,-0.5639
8/24/16,0.0927
8/23/16,0.787
8/22/16,-0.2757
8/19/16,0.9135
8/18/16,1.4886
8/17/16,3.1643
8/16/16,3.3935
8/15/16,4.7856
8/12/16,2.0085
8/11/16,3.5697
8/10/16,3.5078
8/9/16,5.6921
8/8/16,12.103
8/5/16,10.4171
8/4/16,7.3079
8/3/16,6.3965
8/2/16,4.5218
8/1/16,6.188
7/29/16,4.3875
7/28/16,5.6287
7/27/16,4.211
7/26/16,-0.2065
7/25/16,-0.0821
7/22/16,1.7323
7/21/16,2.8444
7/20/16,4.1901
7/19/16,4.5431
7/18/16,5.0953
7/15/16,3.0139
7/14/16,3.3368
7/13/16,2.6165
7/12/16,4.0923
7/11/16,5.3672
7/8/16,3.5118
7/7/16,-0.1665
7/6/16,-0.0209
7/5/16,-0.9592
7/1/16,0.8307
6/30/16,0.2832
6/29/16,-3.2291
6/28/16,-3.6545
6/27/16,-5.5613
6/24/16,-4.0477
6/23/16,-2.7623
6/22/16,-4.1144
6/21/16,-3.0625
6/20/16,-3.9685
6/17/16,-3.3458
6/16/16,-0.3779
6/15/16,-0.5935
6/14/16,-1.0156
6/13/16,-2.5235
6/10/16,-1.5147
6/9/16,-0.7569
6/8/16,-0.6826
6/7/16,1.1542
6/6/16,2.2814
6/3/16,2.8355
6/2/16,3.7367
6/1/16,4.1244
5/31/16,6.8136
5/27/16,6.8918
5/26/16,10.9258
5/25/16,10.2723
5/24/16,5.8264
5/23/16,3.222
5/20/16,2.6188
5/19/16,1.5962
5/18/16,1.4157
5/17/16,-0.7432
5/16/16,-1.3658
5/13/16,-3.3319
5/12/16,-3.6271
5/11/16,-2.4465
5/10/16,-4.4981
5/9/16,-11.0781
5/6/16,-11.7625
5/5/16,-11.7714
5/4/16,-11.1164
5/3/16,-11.1547
5/2/16,-12.4123
4/29/16,-12.7838
4/28/16,-13.6732
4/27/16,-12.7386
4/26/16,-6.8636
4/25/16,-4.8533
4/22/16,-3.0637
4/21/16,-2.4756
4/20/16,-1.2991
4/19/16,-3.65
4/18/16,-2.1218
4/15/16,-1.1429
4/14/16,1.9184
4/13/16,2.7984
4/12/16,0.8032
4/11/16,1.2444
4/8/16,3.2988
4/7/16,2.716
4/6/16,4.551
4/5/16,2.8954
4/4/16,4.9193
4/1/16,3.8425
3/31/16,3.0151
3/30/16,3.3878
3/29/16,2.9642
3/28/16,2.6044
3/24/16,3.3346
3/23/16,4.9026
3/22/16,5.538
3/21/16,4.8302
3/18/16,3.9757
3/17/16,2.7085
3/16/16,4.4039
3/15/16,3.8015
3/14/16,1.9795
3/11/16,5.7607
3/10/16,4.3958
3/9/16,4.506
3/8/16,5.1301
3/7/16,7.5826
3/4/16,6.3274
3/3/16,5.6851
3/2/16,4.6645
3/1/16,2.4562
2/29/16,0.0517
2/26/16,3.1067
2/25/16,3.2657
2/24/16,1.9412
2/23/16,-0.3158
2/22/16,1.9682
2/19/16,2.1485
2/18/16,-0.352
2/17/16,1.8371
2/16/16,2.2862
2/12/16,-2.5303
2/11/16,-3.7395
2/10/16,0.1913
2/9/16,1.6806
2/8/16,-4.9805
2/5/16,-5.4505
2/4/16,-4.7525
2/3/16,0.0519
2/2/16,-2.3866
2/1/16,-0.2379
1/29/16,0.2162
1/28/16,-5.4562
1/27/16,-4.0764
1/26/16,0.03
1/25/16,0.9236
1/22/16,4.5998
1/21/16,-0.1555
1/20/16,-3.8828
1/19/16,-5.8904
1/15/16,-7.8026
1/14/16,-5.4532
1/13/16,-9.2527
1/12/16,-8.0743
1/11/16,-7.7607
1/8/16,-10.2472
1/7/16,-11.196
1/6/16,-6.0897
1/5/16,-4.3045
1/4/16,-0.6413
12/31/15,-3.4135
12/30/15,-3.6106
12/29/15,-1.5839
12/28/15,-5.032
12/24/15,-4.5503
12/23/15,-6.5077
12/22/15,-7.2565
12/21/15,-9.2193
12/18/15,-10.3568
12/17/15,-8.4432
12/16/15,-3.3507
12/15/15,-4.9794
12/14/15,-4.1418
12/11/15,-4.328
12/10/15,-1.3921
12/9/15,-2.0419
12/8/15,-0.5468
12/7/15,0.4501
12/4/15,-0.2263
12/3/15,-3.014
12/2/15,-0.8611
12/1/15,3.2105
11/30/15,3.6129
11/27/15,4.8691
11/25/15,1.9962
11/24/15,2.3857
11/23/15,0.8393
11/20/15,-1.0533
11/19/15,-1.8834
11/18/15,-3.002
11/17/15,-6.8115
11/16/15,-6.8491
11/13/15,-7.2949
11/12/15,-3.1632
11/11/15,-3.6671
11/10/15,-2.0961
11/9/15,5.2553
11/6/15,5.0139
11/5/15,1.5452
11/4/15,5.6277
11/3/15,7.7444
11/2/15,6.5131
10/30/15,6.9543
10/29/15,8.5465
10/28/15,6.6244
10/27/15,3.9379
10/26/15,3.1219
10/23/15,6.7025
10/22/15,3.0146
10/21/15,3.8904
10/20/15,2.699
10/19/15,0.3773
10/16/15,0.2347
10/15/15,1.3408
10/14/15,0.5749
10/13/15,1.3509
10/12/15,2.329
10/9/15,-0.2846
10/8/15,-4.5419
10/7/15,-3.6696
10/6/15,-2.633
10/5/15,-2.3104
10/2/15,-4.1923
10/1/15,-3.4112
9/30/15,-3.1777
9/29/15,-6.3139
9/28/15,-3.3024
9/25/15,-0.5203
9/24/15,0.6917
9/23/15,1.5546
9/22/15,2.9505
9/21/15,2.5821
9/18/15,3.8254
9/17/15,3.2165
9/16/15,3.6229
9/15/15,7.9465
9/14/15,2.2614
9/11/15,0.8121
9/10/15,-0.31
9/9/15,0.4194
9/8/15,8.261
9/4/15,5.9639
9/3/15,4.3589
9/2/15,-0.2752
9/1/15,-6.3386
8/31/15,-3.2103
8/28/15,-3.3032
8/27/15,-2.6216
8/26/15,-4.7416
8/25/15,-9.9792
8/24/15,-9.1374
8/21/15,-11.6605
8/20/15,-2.4844
8/19/15,-0.1042
8/18/15,0.9532
8/17/15,2.1982
8/14/15,-2.0939
8/13/15,-5.0701
8/12/15,-5.8266
8/11/15,-7.7242
8/10/15,-2.9664
8/7/15,-5.9054
8/6/15,-7.5261
8/5/15,-7.798
8/4/15,-8.4491
8/3/15,-9.4149
7/31/15,-8.1548
7/30/15,-5.5933
7/29/15,-4.2954
7/28/15,-2.7125
7/27/15,-2.261
7/24/15,-0.9231
7/23/15,1.525
7/22/15,4.2892
7/21/15,6.6737
7/20/15,5.076
7/17/15,2.873
7/16/15,1.6371
7/15/15,0.1738
7/14/15,0.1475
7/13/15,0.9074
7/10/15,-2.7377
7/9/15,-5.8275
7/8/15,-4.3244
7/7/15,-1.0549
7/6/15,-1.2617
7/2/15,-0.1264
7/1/15,-1.0009
6/30/15,-1.4729
6/29/15,-2.406
6/26/15,-0.1339
6/25/15,0.2595
6/24/15,-0.3733
6/23/15,-1.4354
6/22/15,0.1491
6/19/15,-0.939
6/18/15,-0.5985
6/17/15,-1.5925
6/16/15,-1.9367
6/15/15,-2.3392
6/12/15,-2.5779
6/11/15,-1.2972
6/10/15,-2.2006
6/9/15,-3.5026
6/8/15,-1.4041
6/5/15,-2.935
6/4/15,-1.545
6/3/15,0.0461
6/2/15,-0.0846
6/1/15,0.265
5/29/15,1.1726
5/28/15,2.1946
5/27/15,4.7893
5/26/15,2.9834
5/22/15,4.924
5/21/15,2.9541
5/20/15,3.832
5/19/15,4.0477
5/18/15,3.4897
5/15/15,0.0544
5/14/15,0
5/13/15,0.6872
5/12/15,-2.1572
5/11/15,-3.2475
5/8/15,-3.7919
5/7/15,-3.8532
5/6/15,-3.5937
5/5/15,-2.1925
5/4/15,1.4104
5/1/15,1.058
4/30/15,0.3206
4/29/15,1.9577
4/28/15,2.9815
4/27/15,5.0277
4/24/15,2.704
4/23/15,2.022
4/22/15,1.6277
4/21/15,1.043
4/20/15,1.2618
4/17/15,-2.0416
4/16/15,0.6783
4/15/15,2.0362
4/14/15,1.5029
4/13/15,0.3798
4/10/15,3.1237
4/9/15,1.8674
4/8/15,1.7993
4/7/15,-0.5367
4/6/15,0.1101
4/2/15,-0.4607
4/1/15,-2.5452
3/31/15,-3.1447
3/30/15,-0.5274
3/27/15,-1.3605
3/26/15,0.5259
3/25/15,-0.8598
3/24/15,3.6404
3/23/15,2.1685
3/20/15,-0.9753
3/19/15,0.707
3/18/15,1.6296
3/17/15,-1.167
3/16/15,-3.4091
3/13/15,-4.2606
3/12/15,-3.1216
3/11/15,-6.2685
3/10/15,-3.3232
3/9/15,-3.8057
3/6/15,-4.812
3/5/15,-2.3823
3/4/15,0.0701
3/3/15,0.5011
3/2/15,0.9857
2/27/15,1.0859
2/26/15,3.1275
2/25/15,3.131
2/24/15,8.3183
2/23/15,11.0925
2/20/15,8.8834
2/19/15,7.0952
2/18/15,7.6572
2/17/15,7.737
2/13/15,7.123
2/12/15,7.9379
2/11/15,5.0294
2/10/15,5.8191
2/9/15,9.694
2/6/15,5.1547
2/5/15,6.1604
2/4/15,6.3701
2/3/15,8.3067
2/2/15,9.1152
1/30/15,10.5387
1/29/15,11.3087
1/28/15,5.0182
1/27/15,-0.9799
1/26/15,3.524
1/23/15,0.866
1/22/15,0.4558
1/21/15,1.6705
1/20/15,2.3151
1/16/15,-0.2447
1/15/15,-2.2958
1/14/15,-0.5255
1/13/15,-2.0441
1/12/15,-4.0909
1/9/15,-1.737
1/8/15,-0.1071
1/7/15,-4.2563
1/6/15,-5.9146
1/5/15,-4.9472
1/2/15,-2.9472
12/31/14,0.8866
12/30/14,5.4101
12/29/14,5.2529
12/26/14,3.8823
12/24/14,0.3494
12/23/14,0.527
12/22/14,-1.034
12/19/14,-0.5516
12/18/14,-2.0435
12/17/14,-5.2645
12/16/14,-7.9229
12/15/14,-5.5875
12/12/14,-4.6407
12/11/14,-6.1465
12/10/14,-5.9244
12/9/14,-2.9592
12/8/14,-5.2476
12/5/14,-1.2621
12/4/14,-0.705
12/3/14,1.0988
12/2/14,-0.7275
12/1/14,0.9475
11/28/14,4.1601
11/26/14,5.4778
11/25/14,5.7079
11/24/14,8.1358
11/21/14,7.0201
11/20/14,6.6966
11/19/14,5.4922
11/18/14,6.072
11/17/14,4.9632
11/14/14,4.3693
11/13/14,4.463
11/12/14,3.9914
11/11/14,2.1986
11/10/14,1.958
11/7/14,3.7104
11/6/14,3.3074
11/5/14,3.8443
11/4/14,5.4471
11/3/14,6.763
10/31/14,8.2598
10/30/14,9.5321
10/29/14,11.5105
10/28/14,9.432
10/27/14,6.4405
10/24/14,5.4203
10/23/14,4.0703
10/22/14,1.9501
10/21/14,1.6567
10/20/14,1.0228
10/17/14,-1.9574
10/16/14,-3.3728
10/15/14,-2.3624
10/14/14,-0.4336
10/13/14,-0.933
10/10/14,0.6193
10/9/14,0.268
10/8/14,2.9938
10/7/14,-2.9484
10/6/14,-2.9423
10/3/14,-1.4249
10/2/14,-1.0499
10/1/14,-2.5641
9/30/14,-0.8171
9/29/14,-0.7436
9/26/14,-0.8659
9/25/14,-3.7281
9/24/14,0.3155
9/23/14,1.6238
9/22/14,3.133
9/19/14,2.6434
9/18/14,2.8493
9/17/14,3.5263
9/16/14,1.9406
9/15/14,-1.6167
9/12/14,-0.8195
9/11/14,-0.802
9/10/14,-1.1064
9/9/14,-2.8735
9/8/14,-3.1318
9/5/14,-2.3194
9/4/14,-2.4458
9/3/14,-1.6208
9/2/14,2.7554
8/29/14,3.3683
8/28/14,4.358
8/27/14,4.7487
8/26/14,3.7526
8/25/14,5.8039
8/22/14,5.5527
8/21/14,6.1642
8/20/14,6.4458
8/19/14,5.8656
8/18/14,4.2473
8/15/14,2.5003
8/14/14,1.4252
8/13/14,1.7155
8/12/14,-2.2211
8/11/14,-2.4294
8/8/14,-4.3224
8/7/14,-3.2671
8/6/14,-2.1334
8/5/14,-2.1298
8/4/14,0.9185
8/1/14,2.3324
7/31/14,1.239
7/30/14,5.4357
7/29/14,3.7983
7/28/14,3.8817
7/25/14,1.2659
7/24/14,1.9009
7/23/14,2.2676
7/22/14,-0.7024
7/21/14,-1.4798
7/18/14,-1.6026
7/17/14,-0.9998
7/16/14,1.3907
7/15/14,1.9247
7/14/14,3.7878
7/11/14,3.5225
7/10/14,4.549
7/9/14,5.5666
7/8/14,5.6159
7/7/14,5.6567
7/3/14,3.432
7/2/14,1.7636
7/1/14,1.4537
6/30/14,0.9231
6/27/14,-0.2386
6/26/14,-0.4163
6/25/14,-2.0912
6/24/14,-3.8142
6/23/14,-3.6286
6/20/14,-2.9776
6/19/14,-85.7707
6/18/14,-85.7604
6/17/14,-85.72
6/16/14,-85.5382
6/13/14,-85.48
6/12/14,-85.4202
6/11/14,-85.2277
6/10/14,-84.8961
6/9/14,-85.0231
6/6/14,5.1194
6/5/14,6.6
6/4/14,6.3515
6/3/14,5.429
6/2/14,3.9796
5/30/14,5.9396
5/29/14,7.9073
5/28/14,5.0752
5/27/14,5.3675
5/23/14,3.5929
5/22/14,3.7107
5/21/14,3.1157
5/20/14,2.0901
5/19/14,1.7126
5/16/14,-0.5741
5/15/14,-0.6345
5/14/14,0.4041
5/13/14,0.6219
5/12/14,0.0844
5/9/14,-1.4388
5/8/14,2.8062
5/7/14,4.3257
5/6/14,13.2749
5/5/14,13.0264
5/2/14,11.5613
5/1/14,12.6757
4/30/14,13.6953
4/29/14,14.3583
4/28/14,13.8802
4/25/14,10.071
4/24/14,8.4607
4/23/14,-1.0503
4/22/14,1.5778
4/21/14,1.471
4/17/14,-1.2937
4/16/14,-3.6712
4/15/14,-4.5323
4/14/14,-3.6869
4/11/14,-3.1915
4/10/14,-2.4923
4/9/14,-1.3285
4/8/14,-3.0272
4/7/14,-3.9487
4/4/14,-1.3669
4/3/14,1.111
4/2/14,2.6196
4/1/14,1.9557
3/31/14,1.0049
3/28/14,1.9213
3/27/14,2.4338
3/26/14,1.7205
3/25/14,1.5617
3/24/14,0.5783
3/21/14,0.3673
3/20/14,-0.328
3/19/14,0.0961
3/18/14,-0.1803
3/17/14,-0.8471
3/14/14,-0.5817
3/13/14,0.838
3/12/14,1.6942
3/11/14,3.6223
3/10/14,1.6971
3/7/14,0.5478
3/6/14,1.0471
3/5/14,0.2278
3/4/14,-1.1407
3/3/14,-3.3389
2/28/14,-3.2629
2/27/14,-3.0784
2/26/14,-3.4651
2/25/14,-2.5935
2/24/14,-0.2722
2/21/14,1.0718
2/20/14,3.637
2/19/14,4.8343
2/18/14,7.3115
2/14/14,8.4661
2/13/14,8.7555
2/12/14,7.2308
2/11/14,7.0315
2/10/14,4.4403
2/7/14,-5.5985
2/6/14,-6.1457
2/5/14,-7.8374
2/4/14,-7.746
2/3/14,-8.6583
1/31/14,-7.4112
1/30/14,-9.8273
1/29/14,-10.1568
1/28/14,-7.3006
1/27/14,2.757
1/24/14,2.4637
1/23/14,3.6645
1/22/14,1.4812
1/21/14,1.6726
1/17/14,-0.5993
1/16/14,2.453
1/15/14,0.7647
1/14/14,-2.6078
1/13/14,-3.3885
1/10/14,-4.8474
1/9/14,-4.8556
1/8/14,-4.2648
1/7/14,-5.2715
1/6/14,-0.9271
1/3/14,-0.6392
1/2/14,0.4285
12/31/13,1.0865
12/30/13,-0.5345
12/27/13,1.0209
12/26/13,0.5994
12/24/13,1.1241
12/23/13,0.8028
12/20/13,-3.0736
12/19/13,-2.7785
12/18/13,-3.0165
12/17/13,-1.7717
12/16/13,-1.5578
12/13/13,0.5805
12/12/13,0.8039
12/11/13,2.8207
12/10/13,6.0274
12/9/13,8.151
12/6/13,7.7376
12/5/13,8.9737
12/4/13,9.7087
12/3/13,9.0024
12/2/13,6.286
11/29/13,5.9199
11/27/13,3.3702
11/26/13,2.452
11/25/13,0.7173
11/22/13,0.1449
11/21/13,0.1107
11/20/13,0.4894
11/19/13,-0.263
11/18/13,-1.2979
11/15/13,-0.3339
11/14/13,1.5634
11/13/13,-0.3956
11/12/13,-0.9309
11/11/13,0.4587
11/8/13,-1.7581
11/7/13,-2.5603
11/6/13,-2.0661
11/5/13,0.0931
11/4/13,1.3239
11/1/13,-0.2555
10/31/13,2.7141
10/30/13,4.0428
10/29/13,3.1059
10/28/13,6.2557
10/25/13,6.0314
10/24/13,7.9337
10/23/13,7.2139
10/22/13,6.8394
10/21/13,8.4048
10/18/13,4.3342
10/17/13,4.4449
10/16/13,3.6623
10/15/13,1.8629
10/14/13,1.6559
10/11/13,3.3691
10/10/13,1.4268
10/9/13,0.0757
10/8/13,-0.1225
10/7/13,-0.276
10/4/13,-1.551
10/3/13,3.4231
10/2/13,3.6545
10/1/13,5.0099
9/30/13,4.7066
9/27/13,7.2492
9/26/13,4.5859
9/25/13,1.8701
9/24/13,4.5733
9/23/13,-0.8087
9/20/13,-7.6575
9/19/13,-5.2025
9/18/13,-6.1764
9/17/13,-8.697
9/16/13,-7.8718
9/13/13,-4.5803
9/12/13,-3.8662
9/11/13,-4.7232
9/10/13,1.2383
9/9/13,0.6362
9/6/13,-0.5589
9/5/13,-1.5289
9/4/13,-0.7304
9/3/13,-2.4927
8/30/13,-4.0422
8/29/13,-2.1161
8/28/13,-1.4087
8/27/13,-1.988
8/26/13,2.7371
8/23/13,7.2022
8/22/13,10.6744
8/21/13,8.9694
8/20/13,7.7616
8/19/13,9.1327
8/16/13,7.0039
8/15/13,7.6469
8/14/13,9.1584
8/13/13,8.1851
8/12/13,3.0971
8/9/13,1.4873
8/8/13,4.5398
8/7/13,6.0388
8/6/13,5.6162
8/5/13,12.0432
8/2/13,8.4985
8/1/13,7.4658
7/31/13,4.811
7/30/13,5.3473
7/29/13,4.09
7/26/13,3.17
7/25/13,2.8112
7/24/13,3.0944
7/23/13,-0.4136
7/22/13,0.9376
7/19/13,2.3853
7/18/13,3.4349
7/17/13,2.26
7/16/13,2.797
7/15/13,4.4524
7/12/13,7.5606
7/11/13,8.5093
7/10/13,5.6925
7/9/13,4.8978
7/8/13,3.1078
7/5/13,0.948
7/3/13,0.9505
7/2/13,-1.0662
7/1/13,-5.2227
6/28/13,-8.2106
6/27/13,-8.4339
6/26/13,-8.6922
6/25/13,-6.8396
6/24/13,-8.0119
6/21/13,-5.785
6/20/13,-5.6524
6/19/13,-3.526
6/18/13,-2.997
6/17/13,-3.8526
6/14/13,-4.586
6/13/13,-3.0618
6/12/13,-4.2938
6/11/13,-1.6519
6/10/13,-0.5774
6/7/13,-0.7501
6/6/13,-0.8323
6/5/13,0.851
6/4/13,2.1949
6/3/13,1.7587
5/31/13,3.8026
5/30/13,3.9123
5/29/13,3.7542
5/28/13,-0.5454
5/24/13,-2.1089
5/23/13,-2.3909
5/22/13,-3.375
5/21/13,-5.213
5/20/13,-3.4291
5/17/13,-5.9582
5/16/13,-3.4228
5/15/13,-3.7417
5/14/13,1.0403
5/13/13,2.7011
5/10/13,5.3125
5/9/13,9.4833
5/8/13,13.5805
5/7/13,13.1198
5/6/13,13.439
5/3/13,12.8703
5/2/13,14.0809
5/1/13,12.0495
4/30/13,9.9255
4/29/13,0.9103
4/26/13,-0.63
4/25/13,-4.9837
4/24/13,-6.6466
4/23/13,-6.7846
4/22/13,-6.6303
4/19/13,-8.3715
4/18/13,-7.3606
4/17/13,-5.8262
4/16/13,-1.331
4/15/13,-2.3132
4/12/13,0.2075
4/11/13,-1.8818
4/10/13,-3.6255
4/9/13,-7.4069
4/8/13,-8.0612
4/5/13,-8.3804
4/4/13,-5.5243
4/3/13,-4.4439
4/2/13,-5.4342
4/1/13,-5.883
3/28/13,-0.2254
3/27/13,4.5272
3/26/13,7.654
3/25/13,8.2044
3/22/13,5.4902
3/21/13,4.8666
3/20/13,4.9928
3/19/13,6.7725
3/18/13,5.7002
3/15/13,5.6208
3/14/13,0.4716
3/13/13,-2.9565
3/12/13,-3.6305
3/11/13,-2.4723
3/8/13,-2.5023
3/7/13,-4.487
3/6/13,-4.5729
3/5/13,-3.9447
3/4/13,-8.6828
3/1/13,-6.4521
2/28/13,-5.3987
2/27/13,-4.805
2/26/13,-4.0457
2/25/13,-7.7365
2/22/13,-5.0886
2/21/13,-4.7328
2/20/13,-1.8585
2/19/13,0.4687
2/15/13,4.0342
2/14/13,2.8592
2/13/13,2.5291
2/12/13,2.4232
2/11/13,4.7265
2/8/13,5.591
2/7/13,6.4427
2/6/13,1.5205
2/5/13,-10.9262
2/4/13,-12.3728
2/1/13,-9.276
1/31/13,-9.3877
1/30/13,-9.7334
1/29/13,-5.6902
1/28/13,-10.3478
1/25/13,-15.4565
1/24/13,-13.9462
1/23/13,-0.5985
1/22/13,-3.9101
1/18/13,-4.5619
1/17/13,-4.6148
1/16/13,-6.642
1/15/13,-11.4948
1/14/13,-5.7167
1/11/13,2.1018
1/10/13,1.6406
1/9/13,0.7993
1/8/13,0.9885
1/7/13,0.88
1/4/13,1.0101
1/3/13,2.9994
1/2/13,2.8339
12/31/12,2.5717
12/28/12,-0.0402
12/27/12,-2.762
12/26/12,-4.8238
12/24/12,-3.9196
12/21/12,-1.9801
12/20/12,-2.1603
12/19/12,-3.8254
12/18/12,-0.908
12/17/12,-9.9012
12/14/12,-13.0326
12/13/12,-9.498
12/12/12,-8.5449
12/11/12,-7.128
12/10/12,-9.3983
12/7/12,-9.5466
12/6/12,-4.2442
12/5/12,-4.0783
12/4/12,2.6621
12/3/12,3.6166
11/30/12,10.9161
11/29/12,12.1266
11/28/12,8.5792
11/27/12,7.7145
11/26/12,8.6031
11/23/12,4.4675
11/21/12,4.4537
11/20/12,0.5218
11/19/12,-2.9372
11/16/12,-9.7402
11/15/12,-8.8731
11/14/12,-10.001
11/13/12,-8.8057
11/12/12,-10.1275
11/9/12,-10.2501
11/8/12,-12.8204
11/7/12,-9.0247
11/6/12,-8.0723
11/5/12,-4.1353
11/2/12,-8.8265
11/1/12,-7.4578
10/31/12,-8.3831
10/26/12,-4.8459
10/25/12,-3.204
10/24/12,-1.7943
10/23/12,-4.2993
10/22/12,-0.2862
10/19/12,-4.4393
10/18/12,-3.057
10/17/12,-3.3273
10/16/12,-3.2255
10/15/12,-4.0148
10/12/12,-4.5005
10/11/12,-5.8469
10/10/12,-5.9311
10/9/12,-4.4093
10/8/12,-5.2514
10/5/12,-5.5299
10/4/12,-4.7558
10/3/12,-3.9001
10/2/12,-5.8097
10/1/12,-6.0578
9/28/12,-4.6695
9/27/12,-1.4408
9/26/12,-2.6062
9/25/12,0.5599
9/24/12,4.5717
9/21/12,5.6364
9/20/12,2.6836
9/19/12,3.8195
9/18/12,4.7267
9/17/12,3.6759
9/14/12,3.9144
9/13/12,2.8789
9/12/12,-0.5458
9/11/12,-2.1058
9/10/12,-1.9151
9/7/12,2.5961
9/6/12,2.0585
9/5/12,0.2033
9/4/12,2.882
8/31/12,0.0135
8/30/12,2.4314
8/29/12,5.8343
8/28/12,6.9702
8/27/12,6.9639
8/24/12,5.2733
8/23/12,6.5836
8/22/12,7.7554
8/21/12,5.8404
8/20/12,7.1243
8/17/12,4.1057
8/16/12,3.3523
8/15/12,3.7908
8/14/12,4.1001
8/13/12,3.1502
8/10/12,4.4821
8/9/12,6.0787
8/8/12,7.8242
8/7/12,7.9907
8/6/12,3.5995
8/3/12,1.9658
8/2/12,0.5775
8/1/12,-1.2225
7/31/12,0.7423
7/30/12,-1.9623
7/27/12,-3.5837
7/26/12,-4.9738
7/25/12,-3.9957
7/24/12,-0.5807
7/23/12,-0.7201
7/20/12,-1.5622
7/19/12,1.393
7/18/12,-0.6033
7/17/12,1.2562
7/16/12,2.4286
7/13/12,3.5908
7/12/12,5.2456
7/11/12,5.2097
7/10/12,6.3258
7/9/12,7.5556
7/6/12,4.0852
7/5/12,5.5862
7/3/12,2.3336
7/2/12,0.8699
6/29/12,-0.3039
6/28/12,-0.8848
6/27/12,0.5197
6/26/12,-0.0236
6/25/12,-0.9364
6/22/12,1.9136
6/21/12,-0.4566
6/20/12,2.4524
6/19/12,2.7911
6/18/12,4.0776
6/15/12,1.7438
6/14/12,1.8788
6/13/12,-0.9641
6/12/12,-0.5197
6/11/12,-0.1922
6/8/12,3.2065
6/7/12,1.1321
6/6/12,0.1577
6/5/12,1.0521
6/4/12,0.5363
6/1/12,5.7713
5/31/12,8.981
5/30/12,6.0605
5/29/12,3.4528
5/25/12,0.7291
5/24/12,-0.2453
5/23/12,0.007
5/22/12,-2.1452
5/21/12,-1.2144
5/18/12,-6.8659
5/17/12,-6.2149
5/16/12,-6.1437
5/15/12,-5.5992
5/14/12,-4.1073
5/11/12,-2.9573
5/10/12,-5.3864
5/9/12,-6.3387
5/8/12,-6.8557
5/7/12,1.642
5/4/12,-1.1282
5/3/12,1.5428
5/2/12,-0.2485
5/1/12,-4.3084
4/30/12,-4.2185
4/27/12,3.9422
4/26/12,0.4081
4/25/12,-2.0505
4/24/12,-10.527
4/23/12,-9.0287
4/20/12,-9.9414
4/19/12,-7.2971
4/18/12,-2.558
4/17/12,-3.1177
4/16/12,-6.2234
4/13/12,0.9474
4/12/12,2.1169
4/11/12,1.3892
4/10/12,2.2718
4/9/12,4.8189
4/5/12,6.3132
4/4/12,4.1662
4/3/12,4.4515
4/2/12,2.0909
3/30/12,-0.2579
3/29/12,4.1481
3/28/12,5.4751
3/27/12,4.2233
3/26/12,6.8439
3/23/12,7.9801
3/22/12,9.9364
3/21/12,11.1644
3/20/12,14.1834
3/19/12,13.3595
3/16/12,9.8301
3/15/12,7.4067
3/14/12,8.2851
3/13/12,4.7305
3/12/12,3.0986
3/9/12,3.6918
3/8/12,3.748
3/7/12,2.7692
3/6/12,3.3565
3/5/12,3.5564
3/2/12,8.5756
3/1/12,8.4148
2/29/12,8.9959
2/28/12,5.0936
2/27/12,4.608
2/24/12,5.8753
2/23/12,4.7083
2/22/12,7.6278
2/21/12,9.8159
2/17/12,8.2225
2/16/12,9.2521
2/15/12,9.3492
2/14/12,11.6772
2/13/12,10.1034
2/10/12,8.9203
2/9/12,10.2598
2/8/12,7.2082
2/7/12,4.9635
2/6/12,10.3613
2/3/12,7.5504
2/2/12,8.2846
2/1/12,6.6487
1/31/12,6.3783
1/30/12,6.6659
1/27/12,6.5434
1/26/12,5.5151
1/25/12,5.7058
1/24/12,-0.6687
1/23/12,1.3466
1/20/12,-0.4972
1/19/12,2.3252
1/18/12,3.7902
1/17/12,3.2755
1/13/12,3.6568
1/12/12,4.0161
1/11/12,4.9449
1/10/12,4.1104
1/9/12,4.562
1/6/12,5.9842
1/5/12,5.4446
1/4/12,4.4172
1/3/12,7.5927
12/30/11,6.2936
12/29/11,6.9087
12/28/11,5.9049
12/27/11,4.5575
12/23/11,2.9323
12/22/11,1.2525
12/21/11,1.4808
12/20/11,1.7631
12/19/11,-2.2356
12/16/11,-3.0508
12/15/11,-2.7611
12/14/11,-1.9952
12/13/11,1.7295
12/12/11,4.9946
12/9/11,4.6528
12/8/11,7.4511
12/7/11,6.022
12/6/11,3.8352
12/5/11,6.5039
12/2/11,3.9366
12/1/11,2.7874
11/30/11,-0.6679
11/29/11,-4.0198
11/28/11,-0.8279
11/25/11,-5.4729
11/23/11,-4.7324
11/22/11,-4.7485
11/21/11,-9.1623
11/18/11,-6.2017
11/17/11,-5.7041
11/16/11,-4.5402
11/15/11,-2.159
11/14/11,-4.3505
11/11/11,-4.9805
11/10/11,-4.8722
11/9/11,-2.3252
11/8/11,1.4054
11/7/11,0.4927
11/4/11,-1.3628
11/3/11,2.5963
11/2/11,0.5312
11/1/11,-0.5293
10/31/11,-4.1351
10/28/11,-3.581
10/27/11,-4.1019
10/26/11,-1.9171
10/25/11,-1.099
10/24/11,1.369
10/21/11,1.0442
10/20/11,6.8983
10/19/11,5.6311
10/18/11,11.6299
10/17/11,12.749
10/14/11,12.6535
10/13/11,7.1095
10/12/11,2.9751
10/11/11,0.8262
10/10/11,-2.6173
10/7/11,-8.2769
10/6/11,-6.6609
10/5/11,-5.8658
10/4/11,-9.6181
10/3/11,-9.3965
9/30/11,-7.3634
9/29/11,-2.4794
9/28/11,1.0306
9/27/11,2.5584
9/26/11,4.8229
9/23/11,6.4115
9/22/11,6.448
9/21/11,7.289
9/20/11,7.6889
9/19/11,8.3979
9/16/11,7.0712
9/15/11,3.131
9/14/11,1.1616
9/13/11,-1.377
9/12/11,-2.572
9/9/11,-1.5903
9/8/11,2.7882
9/7/11,2.0602
9/6/11,1.6435
9/2/11,4.9405
9/1/11,7.0219
8/31/11,5.1304
8/30/11,2.5103
8/29/11,2.4942
8/26/11,0.0443
8/25/11,-0.8674
8/24/11,0.6636
8/23/11,2.7248
8/22/11,-4.6977
8/19/11,0.7984
8/18/11,-2.0261
8/17/11,0.8135
8/16/11,-3.0797
8/15/11,-1.4142
8/12/11,-4.9805
8/11/11,-4.2973
8/10/11,-7.1793
8/9/11,-4.7327
8/8/11,-12.4439
8/5/11,-6.2434
8/4/11,-4.0503
8/3/11,1.3633
8/2/11,0.5195
8/1/11,5.2806
7/29/11,4.4623
7/28/11,7.3715
7/27/11,9.7325
7/26/11,12.6781
7/25/11,12.6502
7/22/11,11.1017
7/21/11,7.6673
7/20/11,8.3147
7/19/11,7.1327
7/18/11,6.9742
7/15/11,6.3101
7/14/11,6.5838
7/13/11,7.1788
7/12/11,5.5151
7/11/11,6.6137
7/8/11,10.2222
7/7/11,7.8405
7/6/11,9.0357
7/5/11,7.4178
7/1/11,8.8608
6/30/11,4.8117
6/29/11,2.731
6/28/11,2.6044
6/27/11,-0.1203
6/24/11,-0.0765
6/23/11,1.6355
6/22/11,-2.6788
6/21/11,-2.0889
6/20/11,-5.0355
6/17/11,-5.2597
6/16/11,-5.3226
6/15/11,-5.5914
6/14/11,-3.7828
6/13/11,-6.1036
6/10/11,-3.4113
6/9/11,-1.0478
6/8/11,-1.3481
6/7/11,-0.0452
6/6/11,1.0885
6/3/11,2.4521
6/2/11,1.6363
6/1/11,1.6595
5/31/11,3.4777
5/27/11,1.2331
5/26/11,-1.6153
5/25/11,-2.8248
5/24/11,-4.3314
5/23/11,-4.3068
5/20/11,-3.5616
5/19/11,-1.7683
5/18/11,-1.9841
5/17/11,-3.8419
5/16/11,-4.2791
5/13/11,-1.6692
5/12/11,-1.0168
5/11/11,0.1384
5/10/11,-0.1999
5/9/11,-0.8047
5/6/11,-1.7985
5/5/11,-1.1252
5/4/11,2.0911
5/3/11,3.0604
5/2/11,4.3484
4/29/11,6.923
4/28/11,4.3108
4/27/11,4.171
4/26/11,5.4212
4/25/11,6.7137
4/21/11,4.6666
4/20/11,1.2808
4/19/11,-0.0532
4/18/11,-2.0774
4/15/11,-4.0242
4/14/11,-3.5233
4/13/11,-3.5516
4/12/11,-4.6554
4/11/11,-5.7442
4/8/11,-4.3888
4/7/11,-3.8289
4/6/11,-2.0089
4/5/11,-0.0884
4/4/11,-0.0029
4/1/11,1.5503
3/31/11,5.3944
3/30/11,4.1806
3/29/11,6.3483
3/28/11,1.4504
3/25/11,-0.5713
3/24/11,-1.9944
3/23/11,-2.1577
3/22/11,-3.1974
3/21/11,-4.6267
3/18/11,-6.9479
3/17/11,-7.0444
3/16/11,-8.2184
3/15/11,-1.8999
3/14/11,1.2167
3/11/11,-0.3454
3/10/11,-0.428
3/9/11,2.7969
3/8/11,3.8352
3/7/11,4.9467
3/4/11,2.6928
3/3/11,0.3517
3/2/11,-3.032
3/1/11,-2.9425
2/28/11,-1.6621
2/25/11,-2.4352
2/24/11,-3.2888
2/23/11,-4.3388
2/22/11,-4.6706
2/18/11,-0.3751
2/17/11,3.4055
2/16/11,5.7332
2/15/11,4.5249
2/14/11,4.1011
2/11/11,5.1662
2/10/11,5.4865
2/9/11,4.3559
2/8/11,3.3009
2/7/11,3.0697
2/4/11,2.6819
2/3/11,5.1175
2/2/11,3.4989
2/1/11,1.8268
1/31/11,-0.3904
1/28/11,-3.5526
1/27/11,-0.7145
1/26/11,-0.1655
1/25/11,-0.0702
1/24/11,-1.4615
1/21/11,-2.7966
1/20/11,-0.3146
1/19/11,1.4491
1/18/11,2.8253
1/14/11,5.7378
1/13/11,7.1677
1/12/11,6.4141
1/11/11,5.0263
1/10/11,5.2186
1/7/11,3.5235
1/6/11,3.1304
1/5/11,2.7187
1/4/11,2.1853
1/3/11,2.2842
12/31/10,0.6082
12/30/10,0.7502
12/29/10,1.5389
12/28/10,1.6173
12/27/10,0.9357
12/23/10,0.9483
12/22/10,1.6896
12/21/10,0.9953
12/20/10,1.257
12/17/10,0.1437
12/16/10,1.2002
12/15/10,0.6946
12/14/10,1.2295
12/13/10,3.381
12/10/10,1.1645
12/9/10,1.5103
12/8/10,1.9743
12/7/10,3.0706
12/6/10,2.1668
12/3/10,3.4917
12/2/10,3.1514
12/1/10,5.2912
11/30/10,3.1699
11/29/10,3.2032
11/26/10,2.2628
11/24/10,-0.5874
11/23/10,-2.9243
11/22/10,-0.8605
11/19/10,-3.7317
11/18/10,-2.7434
11/17/10,-5.5833
11/16/10,-3.5838
11/15/10,-0.7516
11/12/10,1.2657
11/11/10,5.208
11/10/10,4.1901
11/9/10,2.6801
11/8/10,3.4313
11/5/10,2.6842
11/4/10,3.5125
11/3/10,1.0597
11/2/10,-0.3768
11/1/10,-1.7157
10/29/10,-5.3522
10/28/10,-3.0184
10/27/10,1.8259
10/26/10,2.6354
10/25/10,3.4501
10/22/10,4.1001
10/21/10,5.2539
10/20/10,7.3681
10/19/10,7.0196
10/18/10,10.0575
10/15/10,12.9558
10/14/10,7.0048
10/13/10,5.7762
10/12/10,3.887
10/11/10,2.9631
10/8/10,0.9981
10/7/10,-1.0605
10/6/10,0.0935
10/5/10,0.4136
10/4/10,-1.8078
10/1/10,-0.2507
9/30/10,3.0432
9/29/10,3.905
9/28/10,6.1579
9/27/10,8.619
9/24/10,9.4667
9/23/10,9.6845
9/22/10,9.3815
9/21/10,7.9302
9/20/10,9.86
9/17/10,6.415
9/16/10,9.676
9/15/10,7.9455
9/14/10,10.2674
9/13/10,10.1196
9/10/10,9.0183
9/9/10,9.4848
9/8/10,8.2465
9/7/10,7.4522
9/3/10,5.2766
9/2/10,1.0135
9/1/10,0.1801
8/31/10,-3.9396
8/30/10,-3.7584
8/27/10,-2.4309
8/26/10,-3.5407
8/25/10,-3.5347
8/24/10,-4.1009
8/23/10,-5.2465
8/20/10,-4.6266
8/19/10,-3.9259
8/18/10,-3.2977
8/17/10,-4.1866
8/16/10,-5.4557
8/13/10,-4.8692
8/12/10,-2.1224
8/11/10,-3.0685
8/10/10,-0.594
8/9/10,-0.8823
8/6/10,0.3128
8/5/10,0.6771
8/4/10,1.5273
8/3/10,3.0247
8/2/10,3.9541
7/30/10,4.752
7/29/10,3.2853
7/28/10,3.7821
7/27/10,4.4922
7/26/10,2.9714
7/23/10,1.0319
7/22/10,-0.2296
7/21/10,-1.4917
7/20/10,-2.6192
7/19/10,-1.2267
7/16/10,1.1987
7/15/10,1.1953
7/14/10,0.4759
7/13/10,-1.7067
7/12/10,-4.1055
7/9/10,-2.6547
7/8/10,-4.0558
7/7/10,-4.5411
7/6/10,-9.2094
7/2/10,-8.5983
7/1/10,-9.3384
6/30/10,-7.4815
6/29/10,-4.1459
6/28/10,3.3155
6/25/10,4.8844
6/24/10,6.1102
6/23/10,8.1673
6/22/10,12.6028
6/21/10,8.3584
6/18/10,9.2189
6/17/10,6.2137
6/16/10,1.5696
6/15/10,-1.6139
6/14/10,-2.5112
6/11/10,-1.3119
6/10/10,-1.121
6/9/10,-0.3724
6/8/10,1.676
6/7/10,1.694
6/4/10,5.631
6/3/10,10.6662
6/2/10,6.2857
6/1/10,3.3563
5/28/10,1.0463
5/27/10,-0.1852
5/26/10,-5.5159
5/25/10,-6.4367
5/24/10,-3.8048
5/21/10,-4.5947
5/20/10,0.8056
5/19/10,-2.9808
5/18/10,-1.4161
5/17/10,-1.7241
5/14/10,-4.7043
5/13/10,-1.0456
5/12/10,-2.4382
5/11/10,-1.9419
5/10/10,-3.0721
5/7/10,-12.4824
5/6/10,-5.4868
5/5/10,-3.9346
5/4/10,-0.2083
5/3/10,8.8965
4/30/10,5.6745
4/29/10,8.5853
4/28/10,5.094
4/27/10,6.6547
4/26/10,11.1661
4/23/10,11.7793
4/22/10,10.207
4/21/10,8.0308
4/20/10,1.6584
4/19/10,3.1435
4/16/10,3.736
4/15/10,5.488
4/14/10,4.5489
4/13/10,2.7921
4/12/10,4.2601
4/9/10,4.7163
4/8/10,5.8681
4/7/10,4.896
4/6/10,4.8958
4/5/10,6.1135
4/1/10,6.1733
3/31/10,4.6072
3/30/10,5.2316
3/29/10,3.5375
3/26/10,3.154
3/25/10,0.0221
3/24/10,1.7162
3/23/10,1.5656
3/22/10,0.7757
3/19/10,1.4469
3/18/10,2.6033
3/17/10,6.3642
3/16/10,7.223
3/15/10,7.1774
3/12/10,8.4262
3/11/10,10.2043
3/10/10,11.3069
3/9/10,11.1454
3/8/10,11.1748
3/5/10,9.2478
3/4/10,4.4826
3/3/10,3.1548
3/2/10,3.1103
3/1/10,2.7483
2/26/10,2.116
2/25/10,1.6761
2/24/10,2.8393
2/23/10,0.4429
2/22/10,3.2434
2/19/10,3.1771
2/18/10,5.6641
2/17/10,1.6664
2/16/10,3.8497
2/12/10,2.9015
2/11/10,3.44
2/10/10,-2.0944
2/9/10,-5.6253
2/8/10,-5.7395
2/5/10,-3.7498
2/4/10,-2.8824
2/3/10,-4.2495
2/2/10,-7.4932
2/1/10,-9.4448
1/29/10,-6.7338
1/28/10,-4.8417
1/27/10,-1.3131
1/26/10,-0.8569
1/25/10,-3.3482
1/22/10,-6.7129
1/21/10,-1.191
1/20/10,0.3579
1/19/10,0.3079
1/15/10,-3.7755
1/14/10,-0.6178
1/13/10,-0.4678
1/12/10,-0.66
1/11/10,-0.7089
1/8/10,1.4064
1/7/10,4.1959
1/6/10,5.2955
1/5/10,8.1471
1/4/10,9.5072
12/31/09,9.8363
12/30/09,8.5166
12/29/09,7.6891
12/28/09,7.4271
12/24/09,7.3817
12/23/09,2.8865
12/22/09,1.2942
12/21/09,4.403
12/18/09,3.4295
12/17/09,-0.7552
12/16/09,-0.738
12/15/09,-1.0498
12/14/09,0.0051
12/11/09,-2.6212
12/10/09,-2.0739
12/9/09,-3.1294
12/8/09,-7.1268
12/7/09,-8.2232
12/4/09,-3.3013
12/3/09,-2.0099
12/2/09,-4.7242
12/1/09,-4.8454
11/30/09,-3.2522
11/27/09,-1.888
11/25/09,1.0892
11/24/09,0.5855
11/23/09,1.4287
11/20/09,-0.7644
11/19/09,3.1748
11/18/09,6.1485
11/17/09,8.4849
11/16/09,9.4728
11/13/09,7.9975
11/12/09,7.1565
11/11/09,3.5141
11/10/09,5.499
11/9/09,2.0723
11/6/09,-4.0202
11/5/09,-4.8592
11/4/09,-7.0127
11/3/09,-7.8909
11/2/09,-4.7545
10/30/09,-0.7163
10/29/09,4.4137
10/28/09,0.9656
10/27/09,3.1784
10/26/09,6.5572
10/23/09,6.8812
10/22/09,7.7335
10/21/09,8.2686
10/20/09,4.4731
10/19/09,-0.0789
10/16/09,1.0891
10/15/09,3.0611
10/14/09,5.7669
10/13/09,2.5196
10/12/09,2.9291
10/9/09,2.3197
10/8/09,3.7835
10/7/09,3.498
10/6/09,2.4313
10/5/09,0.8369
10/2/09,0.4782
10/1/09,-2.2485
9/30/09,0.4335
9/29/09,1.9299
9/28/09,6.2753
9/25/09,4.9793
9/24/09,6.7728
9/23/09,7.4988
9/22/09,7.7948
9/21/09,6.413
9/18/09,8.6372
9/17/09,10.8076
9/16/09,10.1041
9/15/09,5.9662
9/14/09,3.2757
9/11/09,1.2408
9/10/09,1.8353
9/9/09,2.2281
9/8/09,2.0838
9/4/09,0.7394
9/3/09,-1.5778
9/2/09,-0.6914
9/1/09,0.4241
8/31/09,2.5671
8/28/09,6.5543
8/27/09,1.6009
8/26/09,-0.5997
8/25/09,2.4741
8/24/09,3.8261
8/21/09,2.7319
8/20/09,0.4954
8/19/09,0.421
8/18/09,-0.6723
8/17/09,-3.6001
8/14/09,0.2103
8/13/09,3.0785
8/12/09,1.548
8/11/09,1.7497
8/10/09,2.95
8/7/09,3.3791
8/6/09,2.4527
8/5/09,4.6192
8/4/09,5.6208
8/3/09,9.8475
7/31/09,6.8544
7/30/09,7.2751
7/29/09,8.4802
7/28/09,8.9325
7/27/09,12.5325
7/24/09,12.3971
7/23/09,13.933
7/22/09,14.9457
7/21/09,10.4139
7/20/09,12.9313
7/17/09,9.4798
7/16/09,5.3564
7/15/09,2.8355
7/14/09,-0.1123
7/13/09,0.2606
7/10/09,-2.752
7/9/09,-2.5025
7/8/09,0.7341
7/7/09,1.0372
7/6/09,0.9027
7/2/09,0.3872
7/1/09,5.1148
6/30/09,5.0524
6/29/09,4.1217
6/26/09,4.666
6/25/09,2.11
6/24/09,-2.6652
6/23/09,-4.4492
6/22/09,-3.7486
6/19/09,-3.0379
6/18/09,-6.0759
6/17/09,-5.6769
6/16/09,-3.2636
6/15/09,-2.4375
6/12/09,-1.7079
6/11/09,3.0484
6/10/09,3.835
6/9/09,7.2679
6/8/09,9.9939
6/5/09,18.098
6/4/09,15.7513
6/3/09,11.9806
6/2/09,9.4468
6/1/09,10.0276
5/29/09,10.9378
5/28/09,9.8577
5/27/09,11.3482
5/26/09,5.1117
5/22/09,-5.4565
5/21/09,-3.878
5/20/09,-2.4717
5/19/09,-3.8113
5/18/09,-4.5663
5/15/09,-7.3067
5/14/09,-3.3716
5/13/09,-5.0385
5/12/09,-0.5754
5/11/09,4.5746
5/8/09,3.5757
5/7/09,4.1646
5/6/09,5.6619
5/5/09,9.2173
5/4/09,8.4675
5/1/09,5.5934
4/30/09,1.9527
4/29/09,3.0383
4/28/09,5.323
4/27/09,5.4264
4/24/09,3.0611
4/23/09,4.8758
4/22/09,4.4618
4/21/09,5.8783
4/20/09,1.7307
4/17/09,6.4057
4/16/09,7.7544
4/15/09,8.2344
4/14/09,12.5476
4/13/09,15.0541
4/9/09,11.9045
4/8/09,5.8706
4/7/09,7.9914
4/6/09,10.8771
4/3/09,7.7373
4/2/09,10.946
4/1/09,6.9573
3/31/09,3.5461
3/30/09,4.8465
3/27/09,11.9786
3/26/09,14.5314
3/25/09,10.5241
3/24/09,15.2676
3/23/09,21.4747
3/20/09,22.2356
3/19/09,19.1325
3/18/09,14.2729
3/17/09,9.3123
3/16/09,7.9778
3/13/09,9.0857
3/12/09,7.8827
3/11/09,3.913
3/10/09,-2.7781
3/9/09,-7.9114
3/6/09,-1.8976
3/5/09,-2.5877
3/4/09,0.5847
3/3/09,-6.358
3/2/09,-6.9713
2/27/09,-9.9334
2/26/09,-10.1541
2/25/09,-5.8459
2/24/09,-7.7481
2/23/09,-15.179
2/20/09,-8.5439
2/19/09,-6.0336
2/18/09,0.8765
2/17/09,1.667
2/13/09,8.3597
2/12/09,10.1409
2/11/09,4.1075
2/10/09,3.8535
2/9/09,12.9836
2/6/09,11.245
2/5/09,9.167
2/4/09,5.8737
2/3/09,12.254
2/2/09,17.0205
1/30/09,9.4741
1/29/09,11.5375
1/28/09,10.3949
1/27/09,3.4432
1/26/09,1.1053
1/23/09,-2.4509
1/22/09,-4.6818
1/21/09,-8.988
1/20/09,-15.9321
1/16/09,-12.952
1/15/09,-8.1212
1/14/09,-0.0234
1/13/09,1.6456
1/12/09,2.3669
1/9/09,5.5588
1/8/09,9.0075
1/7/09,5.36
1/6/09,8.4908
1/5/09,5.0889
1/2/09,1.476
12/31/08,-4.2732
12/30/08,-9.5777
12/29/08,-8.591
12/26/08,-12.6794
12/24/08,-10.4842
12/23/08,-12.0456
12/22/08,-14.3114
12/19/08,-9.7473
12/18/08,-4.8617
12/17/08,-2.4614
12/16/08,-0.4901
12/15/08,2.4657
12/12/08,10.5026
12/11/08,2.5143
12/10/08,3.3789
12/9/08,10.1982
12/8/08,7.2835
12/5/08,13.829
12/4/08,13.5669
12/3/08,11.1369
12/2/08,2.8473
12/1/08,0.8963
11/28/08,2.6928
11/26/08,-1.4932
11/25/08,0.7545
11/24/08,-1.9204
11/21/08,-13.8715
11/20/08,-18.068
11/19/08,-12.9263
11/18/08,-12.9622
11/17/08,-20.5874
11/14/08,-15.632
11/13/08,-10.3634
11/12/08,-18.8401
11/11/08,-9.3544
11/10/08,-4.0336
11/7/08,6.6782
11/6/08,2.8222
11/5/08,5.1614
11/4/08,14.5762
11/3/08,16.909
10/31/08,9.295
10/30/08,14.0041
10/29/08,2.6107
10/28/08,2.001
10/27/08,-11.52
10/24/08,-12.5884
10/23/08,1.4773
10/22/08,9.1616
10/21/08,1.8933
10/20/08,10.4083
10/17/08,-0.754
10/16/08,4.9655
10/15/08,-2.1479
10/14/08,-4.6188
10/13/08,-2.9914
10/10/08,-8.0372
10/9/08,-30.8016
10/8/08,-31.9412
10/7/08,-30.728
10/6/08,-22.6269
10/3/08,-25.929
10/2/08,-28.9617
10/1/08,-18.6218
9/30/08,-11.085
9/29/08,-24.7498
9/26/08,-8.6349
9/25/08,-11.4207
9/24/08,-15.6829
9/23/08,-16.338
9/22/08,-13.601
9/19/08,-10.7713
9/18/08,-16.2879
9/17/08,-20.7108
9/16/08,-16.2195
9/15/08,-15.5425
9/12/08,-12.1453
9/11/08,-12.1388
9/10/08,-13.202
9/9/08,-12.6469
9/8/08,-8.4787
9/5/08,-9.3953
9/4/08,-7.499
9/3/08,-5.05
9/2/08,-4.2298
8/29/08,-3.3411
8/28/08,-1.138
8/27/08,-2.5931
8/26/08,-3.1567
8/25/08,-2.3652
8/22/08,1.861
8/21/08,2.7956
8/20/08,7.5014
8/19/08,5.6885
8/18/08,9.182
8/15/08,14.6903
8/14/08,14.4644
8/13/08,12.8028
8/12/08,10.5392
8/11/08,10.4915
8/8/08,9.8122
8/7/08,0.8944
8/6/08,3.2447
8/5/08,-3.3802
8/4/08,-5.4253
8/1/08,-5.7911
7/31/08,-3.7542
7/30/08,-6.9437
7/29/08,-9.1025
7/28/08,-8.9837
7/25/08,-6.7633
7/24/08,-7.8514
7/23/08,-5.871
7/22/08,-7.0187
7/21/08,-7.3851
7/18/08,-5.7148
7/17/08,0.9934
7/16/08,2.753
7/15/08,-2.8853
7/14/08,3.8462
7/11/08,1.4639
7/10/08,4.9744
7/9/08,-1.7701
7/8/08,3.6364
7/7/08,1.155
7/3/08,-2.9383
7/2/08,-7.0315
7/1/08,-2.2769
6/30/08,-7.711
6/27/08,-3.817
6/26/08,-2.3844
6/25/08,2.3837
6/24/08,-4.1812
6/23/08,-6.7227
6/20/08,-3.491
6/19/08,-2.5533
6/18/08,-5.638
6/17/08,-2.0303
6/16/08,-4.6016
6/13/08,-7.3778
6/12/08,-8.2066
6/11/08,-3.1496
6/10/08,-0.7326
6/9/08,-2.5854
6/6/08,2.4673
6/5/08,6.9924
6/4/08,3.9284
6/3/08,-0.2851
6/2/08,1.3617
5/30/08,0.6022
5/29/08,-1.6023
5/28/08,0.4027
5/27/08,-1.8583
5/23/08,-3.7149
5/22/08,-3.4887
5/21/08,-3.7123
5/20/08,1.8128
5/19/08,-1.6393
5/16/08,1.5645
5/15/08,4.858
5/14/08,3.4778
5/13/08,9.2038
5/12/08,7.4893
5/9/08,6.5084
5/8/08,9.032
5/7/08,8.0798
5/6/08,14.5927
5/5/08,15.3121
5/2/08,7.5999
5/1/08,11.7735
4/30/08,12.5963
4/29/08,13.8907
4/28/08,16.0803
4/25/08,14.8532
4/24/08,14.8158
4/23/08,5.3963
4/22/08,5.7845
4/21/08,10.0236
4/18/08,3.3036
4/17/08,0.9211
4/16/08,1.3785
4/15/08,0.6034
4/14/08,-1.1704
4/11/08,2.5366
4/10/08,8.0694
4/9/08,7.9786
4/8/08,5.3633
4/7/08,10.576
4/4/08,9.7112
4/3/08,13.7615
4/2/08,13.7426
4/1/08,12.581
3/31/08,13.2329
3/28/08,12.9532
3/27/08,9.6217
3/26/08,15.0996
3/25/08,10.7027
3/24/08,16.5762
3/20/08,9.0143
3/19/08,7.2273
3/18/08,6.6914
3/17/08,1.6931
3/14/08,4.0089
3/13/08,2.3356
3/12/08,-2.9867
3/11/08,3.5703
3/10/08,0.4532
3/7/08,2.0962
3/6/08,1.2305
3/5/08,2.4271
3/4/08,0.6461
3/3/08,-0.3683
2/29/08,0.3129
2/28/08,1.9222
2/27/08,-4.9768
2/26/08,-4.5731
2/25/08,-7.501
2/22/08,-4.7976
2/21/08,0.2474
2/20/08,1.4918
2/19/08,-5.5504
2/15/08,-5.3323
2/14/08,-4.7028
2/13/08,-4.4031
2/12/08,-5.5379
2/11/08,-1.5889
2/8/08,-3.4843
2/7/08,-6.7456
2/6/08,-10.0295
2/5/08,-6.9834
2/4/08,-15.4138
2/1/08,-17.1108
1/31/08,-15.868
1/30/08,-17.2012
1/29/08,-22.1841
1/28/08,-27.2793
1/25/08,-24.7148
1/24/08,-23.8288
1/23/08,-22.4794
1/22/08,-9.1153
1/18/08,-9.1646
1/17/08,-10.6415
1/16/08,-18.1039
1/15/08,-13.2416
1/14/08,-9.7435
1/11/08,-13.5815
1/10/08,-10.349
1/9/08,-9.8266
1/8/08,-13.8581
1/7/08,-8.3905
1/4/08,-3.8246
1/3/08,6.4493
1/2/08,6.4816
12/31/07,7.4187
12/28/07,4.9582
12/27/07,3.5135
12/26/07,4.2387
12/24/07,5.4416
12/21/07,-0.1545
12/20/07,-3.649
12/19/07,-3.5971
12/18/07,-1.3585
12/17/07,2.5527
12/14/07,6.4464
12/13/07,5.2738
12/12/07,3.565
12/11/07,4.6168
12/10/07,11.0978
12/7/07,12.6103
12/6/07,10.7338
12/5/07,10.1152
12/4/07,6.491
12/3/07,9.0942
11/30/07,9.5138
11/29/07,12.1668
11/28/07,8.4944
11/27/07,2.8536
11/26/07,12.2151
11/23/07,3.731
11/21/07,-3.993
11/20/07,-9.3666
11/19/07,-14.5159
11/16/07,-10.6295
11/15/07,-12.5459
11/14/07,-11.3796
11/13/07,-10.5238
11/12/07,-17.7754
11/9/07,-10.6543
11/8/07,-4.9993
11/7/07,1.9258
11/6/07,3.1517
11/5/07,0.0107
11/2/07,7.7483
11/1/07,9.9871
10/31/07,9.4813
10/30/07,8.2489
10/29/07,9.1461
10/26/07,10.612
10/25/07,9.2831
10/24/07,14.6089
10/23/07,11.6134
10/22/07,3.8723
10/19/07,1.4948
10/18/07,7.4637
10/17/07,10.5671
10/16/07,7.3834
10/15/07,5.3834
10/12/07,6.9814
10/11/07,5.708
10/10/07,7.9547
10/9/07,9.8776
10/8/07,9.6161
10/5/07,8.8818
10/4/07,8.3871
10/3/07,12.5509
10/2/07,12.5596
10/1/07,10.9417
9/28/07,10.8807
9/27/07,11.3032
9/26/07,11.3484
9/25/07,11.9328
9/24/07,9.4398
9/21/07,5.4422
9/20/07,6.481
9/19/07,4.2663
9/18/07,3.0418
9/17/07,-3.9886
9/14/07,0.2383
9/13/07,0.6972
9/12/07,2.0659
9/11/07,6.8365
9/10/07,3.3724
9/7/07,-2.609
9/6/07,3.006
9/5/07,3.2073
9/4/07,13.0046
8/31/07,13.3039
8/30/07,11.6254
8/29/07,14.5493
8/28/07,5.7715
8/27/07,6.6274
8/24/07,5.8768
8/23/07,4.856
8/22/07,4.8422
8/21/07,-4.8056
8/20/07,-9.4868
8/17/07,-9.7523
8/16/07,-11.2248
8/15/07,-12.1547
8/14/07,-8.1259
8/13/07,-3.0131
8/10/07,-11.6171
8/9/07,-12.1376
8/8/07,-8.2123
8/7/07,-1.6246
8/6/07,0.267
8/3/07,-8.2464
8/2/07,-5.0504
8/1/07,-3.5714
7/31/07,-4.6047
7/30/07,1.8142
7/27/07,4.1636
7/26/07,6.0045
7/25/07,2.3794
7/24/07,1.8883
7/23/07,8.5757
7/20/07,10.2969
7/19/07,5.8201
7/18/07,4.0452
7/17/07,9.2317
7/16/07,13.8875
7/13/07,12.8564
7/12/07,11.206
7/11/07,8.6143
7/10/07,10.6143
7/9/07,6.5311
7/6/07,7.561
7/5/07,7.1429
7/3/07,4.6236
7/2/07,-1.9408
6/29/07,-2.4382
6/28/07,0.0498
6/27/07,2.6442
6/26/07,1.8298
6/25/07,1.6282
6/22/07,2.338
6/21/07,-0.4739
6/20/07,-2.0303
6/19/07,0.0162
6/18/07,1.9728
6/15/07,-0.6841
6/14/07,0.2956
6/13/07,-3.0456
6/12/07,1.3556
6/11/07,5.1071
6/8/07,9.567
6/7/07,12.0869
6/6/07,9.5225
6/5/07,8.0412
6/4/07,8.3497
6/1/07,7.6168
5/31/07,10.7374
5/30/07,10.6484
5/29/07,6.3523
5/25/07,3.8954
5/24/07,1.7933
5/23/07,5.1705
5/22/07,6.2313
5/21/07,6.5867
5/18/07,5.8699
5/17/07,8.5607
5/16/07,6.9124
5/15/07,7.1023
5/14/07,9.9427
5/11/07,8.9579
5/10/07,7.4259
5/9/07,8.1344
5/8/07,10.1858
5/7/07,11.4543
5/4/07,7.8067
5/3/07,10.3661
5/2/07,11.2108
5/1/07,10.0332
4/30/07,10.4593
4/27/07,9.2858
4/26/07,9.5301
4/25/07,3.4255
4/24/07,0.702
4/23/07,-0.7851
4/20/07,-2.8617
4/19/07,-4.6578
4/18/07,-4.1052
4/17/07,-4.3915
4/16/07,-2.3705
4/13/07,-2.8737
4/12/07,-1.664
4/11/07,-0.6971
4/10/07,-1.2675
4/9/07,-2.2953
4/5/07,1.2404
4/4/07,0.3299
4/3/07,0.6711
4/2/07,2.3721
3/30/07,1.9533
3/29/07,4.6434
3/28/07,4.0974
3/27/07,6.0667
3/26/07,8.4276
3/23/07,4.0614
3/22/07,6.8091
3/21/07,6.6705
3/20/07,4.2864
3/19/07,3.3337
3/16/07,3.7884
3/15/07,4.8706
3/14/07,3.377
3/13/07,4.4794
3/12/07,7.0773
3/9/07,-0.7671
3/8/07,-1.2013
3/7/07,-1.9998
3/6/07,-1.1323
3/5/07,0.4888
3/2/07,0.6837
3/1/07,2.1711
2/28/07,-0.8089
2/27/07,-0.9091
2/26/07,4.4416
2/23/07,6.9653
2/22/07,3.864
2/21/07,3.5403
2/20/07,2.0796
2/16/07,1.0603
2/15/07,0.5428
2/14/07,0.6608
2/13/07,-1.2014
2/12/07,-0.7832
2/9/07,-3.1068
2/8/07,0.937
2/7/07,-0.1159
2/6/07,-2.9412
2/5/07,-2.0537
2/2/07,-2.3505
2/1/07,-4.2486
1/31/07,-3.7499
1/30/07,-9.8999
1/29/07,-11.4933
1/26/07,-9.7654
1/25/07,-9.9687
1/24/07,-10.6186
1/23/07,-7.4214
1/22/07,1.5444
1/19/07,4.0564
1/18/07,3.9809
1/17/07,13.3055
1/16/07,14.4507
1/12/07,17.0026
1/11/07,17.5172
1/10/07,19.0038
1/9/07,12.6156
1/8/07,3.1001
1/5/07,0.3421
1/4/07,-0.7531
1/3/07,-1.9539
12/29/06,-3.2832
12/28/06,-8.6731
12/27/06,-8.4559
12/26/06,-5.375
12/22/06,-7.3803
12/21/06,-6.073
12/20/06,-2.6195
12/19/06,-3.9185
12/18/06,-6.3548
12/15/06,-3.7313
12/14/06,-3.0333
12/13/06,-2.8475
12/12/06,-6.1656
12/11/06,-3.333
12/8/06,-1.4295
12/7/06,-5.0093
12/6/06,-0.5315
12/5/06,3.0135
12/4/06,5.3776
12/1/06,6.3716
11/30/06,7.0669
11/29/06,9.2207
11/28/06,8.0118
11/27/06,6.1529
11/24/06,10.2382
11/22/06,8.3633
11/21/06,7.4591
11/20/06,7.4028
11/17/06,7.7029
11/16/06,9.3499
11/15/06,6.4193
11/14/06,7.3775
11/13/06,4.0331
11/10/06,3.3574
11/9/06,3.6438
11/8/06,0.3163
11/7/06,-1.4324
11/6/06,-1.6533
11/3/06,-3.8915
11/2/06,-1.2133
11/1/06,0.2152
10/31/06,8.7884
10/30/06,8.2514
10/27/06,6.6446
10/26/06,9.5575
10/25/06,8.5304
10/24/06,10.6787
10/23/06,10.3644
10/20/06,7.1285
10/19/06,6.4268
10/18/06,-0.4009
10/17/06,-1.446
10/16/06,1.7956
10/13/06,0.2137
10/12/06,-2.2343
10/11/06,-4.9085
10/10/06,-3.4027
10/9/06,-3.8397
10/6/06,-2.0198
10/5/06,2.5068
10/4/06,0.9779
10/3/06,-1.5812
10/2/06,1.4776
9/29/06,4.1819
9/28/06,3.9271
9/27/06,3.0201
9/26/06,4.5957
9/25/06,4.2957
9/22/06,0.6897
9/21/06,2.9371
9/20/06,3.3791
9/19/06,5.3406
9/18/06,3.3716
9/15/06,8.365
9/14/06,9.3147
9/13/06,10.8124
9/12/06,9.2509
9/11/06,8.2413
9/8/06,5.4836
9/7/06,7.3588
9/6/06,4.041
9/5/06,5.7084
9/1/06,2.7344
8/31/06,-0.0884
8/30/06,-0.9321
8/29/06,-2.2065
8/28/06,0.7976
8/25/06,7.5227
8/24/06,6.5357
8/23/06,5.057
8/22/06,6.3375
8/21/06,2.7478
8/18/06,1.0415
8/17/06,-1.0395
8/16/06,-2.3136
8/15/06,-2.5088
8/14/06,-4.8229
8/11/06,-6.342
8/10/06,-2.3174
8/9/06,0.2997
8/8/06,1.4248
8/7/06,8.5293
8/4/06,11.2016
8/3/06,14.608
8/2/06,12.6612
8/1/06,24.1774
7/31/06,28.4688
7/28/06,25.2435
7/27/06,25.1233
7/26/06,22.2392
7/25/06,16.9335
7/24/06,10.3684
7/21/06,10.4
7/20/06,9.2058
7/19/06,-2.9944
7/18/06,-7.1954
7/17/06,-9.629
7/14/06,-11.5244
7/13/06,-11.3956
7/12/06,-5.4623
7/11/06,-3.0994
7/10/06,-6.7639
7/7/06,-5.8304
7/6/06,-6.3948
7/5/06,-1.4838
7/3/06,0.8352
6/30/06,0.1224
6/29/06,2.4496
6/28/06,-5.6585
6/27/06,-0.3124
6/26/06,1.1315
6/23/06,3.2105
6/22/06,0.1008
6/21/06,-4.7729
6/20/06,-1.8697
6/19/06,-4.2245
6/16/06,-4.0667
6/15/06,-3.6977
6/14/06,-7.3347
6/13/06,-2.4092
6/12/06,-6.8932
6/9/06,-6.34
6/8/06,-5.5495
6/7/06,-7.5387
6/6/06,-5.4268
6/5/06,-5.3329
6/2/06,-4.4179
6/1/06,-1.5986
5/31/06,-8.4125
5/30/06,-5.7864
5/26/06,-6.2561
5/25/06,-4.9778
5/24/06,-7.058
5/23/06,-10.5524
5/22/06,-10.7701
5/19/06,-10.2657
5/18/06,-12.1157
5/17/06,-8.2525
5/16/06,-8.659
5/15/06,-5.3477
5/12/06,-2.7299
5/11/06,-3.1823
5/10/06,1.7878
5/9/06,4.226
5/8/06,8.6444
5/5/06,9.3384
5/4/06,6.1008
5/3/06,5.19
5/2/06,9.0937
5/1/06,5.1042
4/28/06,8.6081
4/27/06,4.3494
4/26/06,2.1586
4/25/06,-2.6769
4/24/06,-4.2522
4/21/06,-3.9404
4/20/06,-5.0674
4/19/06,-2.3211
4/18/06,8.2557
4/17/06,3.4493
4/13/06,5.9774
4/12/06,6.3108
4/11/06,9.0807
4/10/06,16.9647
4/7/06,17.2744
4/6/06,18.8125
4/5/06,11.7188
4/4/06,-0.8108
4/3/06,1.359
3/31/06,-1.9847
3/30/06,-2.9539
3/29/06,-3.0788
3/28/06,-11.3544
3/27/06,-11.6013
3/24/06,-8.7089
3/23/06,-4.7951
3/22/06,-3.5351
3/21/06,-5.8635
3/20/06,-3.4987
3/17/06,-1.2523
3/16/06,-5.0354
3/15/06,-4.8556
3/14/06,-2.576
3/13/06,-4.1028
3/10/06,-10.9875
3/9/06,-10.5374
3/8/06,-8.4878
3/7/06,-7.0247
3/6/06,-5.2113
3/3/06,-3.6563
3/2/06,-1.3604
3/1/06,-0.1734
2/28/06,1.2492
2/27/06,9.7048
2/24/06,6.1655
2/23/06,10.4696
2/22/06,3.6477
2/21/06,2.1893
2/17/06,4.4428
2/16/06,-1.7774
2/15/06,-3.9945
2/14/06,-10.3089
2/13/06,-14.3027
2/10/06,-10.2533
2/9/06,-9.8292
2/8/06,-4.8666
2/7/06,-8.8949
2/6/06,-11.494
2/3/06,-7.4971
2/2/06,-5.2425
2/1/06,-4.5739
1/31/06,-8.4617
1/30/06,-11.4627
1/27/06,-15.8429
1/26/06,-14.1901
1/25/06,-11.5614
1/24/06,-5.9609
1/23/06,2.1302
1/20/06,-0.2765
1/19/06,6.2584
1/18/06,10.0308
1/17/06,13.3245
1/13/06,19.0568
1/12/06,17.972
1/11/06,14.041
1/10/06,8.9317
1/9/06,3.681
1/6/06,3.0802
1/5/06,1.1973
1/4/06,3.9662
1/3/06,4.7212
12/30/05,1.0969
12/29/05,-1.0114
12/28/05,2.1664
12/27/05,-1.0003
12/23/05,-2.0825
12/22/05,-0.4177
12/21/05,-0.7829
12/20/05,-2.4882
12/19/05,-3.6057
12/16/05,-0.9886
12/15/05,-0.6196
12/14/05,0.5725
12/13/05,10.5574
12/12/05,10
12/9/05,6.7047
12/8/05,6.8359
12/7/05,10.1922
12/6/05,11.3199
12/5/05,10.5603
12/2/05,12.5
12/1/05,10.9735
11/30/05,4.4188
11/29/05,9.3449
11/28/05,13.3605
11/25/05,12.6747
11/23/05,9.6927
11/22/05,10.6638
11/21/05,8.4474
11/18/05,7.1891
11/17/05,5.511
11/16/05,5.0123
11/15/05,3.8866
11/14/05,6.8696
11/11/05,6.8588
11/10/05,12.3187
11/9/05,8.4822
11/8/05,5.0324
11/7/05,7.3619
11/4/05,7.6774
11/3/05,11.1209
11/2/05,6.7866
11/1/05,4.6596
10/31/05,10.3045
10/28/05,1.9274
10/27/05,2.6111
10/26/05,6.1221
10/25/05,13.9086
10/24/05,10.0795
10/21/05,10.5023
10/20/05,9.4347
10/19/05,6.2669
10/18/05,-1.0801
10/17/05,-0.5767
10/14/05,-0.8082
10/13/05,0.2425
10/12/05,-5.9037
10/11/05,0.9984
10/10/05,-5.7448
10/7/05,-4.7177
10/6/05,-2.8195
10/5/05,1.6958
10/4/05,3.1472
10/3/05,2.3501
9/30/05,1.8427
9/29/05,2.2066
9/28/05,2.4263
9/27/05,7.7202
9/26/05,5.9425
9/23/05,3.5019
9/22/05,1.1499
9/21/05,4.6806
9/20/05,9.2646
9/19/05,7.8689
9/16/05,10.7962
9/15/05,7.8037
9/14/05,5.8008
9/13/05,9.126
9/12/05,12.1291
9/9/05,12.1775
9/8/05,8.0764
9/7/05,6.3579
9/6/05,6.69
9/2/05,0.763
9/1/05,0.9383
8/31/05,1.2743
8/30/05,-1.2301
8/29/05,-0.8865
8/26/05,-4.0688
8/25/05,-0.0868
8/24/05,4.0227
8/23/05,5.4403
8/22/05,4.6782
8/19/05,7.456
8/18/05,7.6995
8/17/05,10.3957
8/16/05,7.0106
8/15/05,10.3959
8/12/05,7.8363
8/11/05,3.1653
8/10/05,-0.9589
8/9/05,-0.3865
8/8/05,-2.2462
8/5/05,-1.8717
8/4/05,-2.9318
8/3/05,-0.1617
8/2/05,-1.0085
8/1/05,-1.0188
7/29/05,2.7959
7/28/05,5.4152
7/27/05,7.9509
7/26/05,13.7679
7/25/05,14.5659
7/22/05,15.4856
7/21/05,13.1765
7/20/05,15.9447
7/19/05,15.5122
7/18/05,9.2417
7/15/05,13.8356
7/14/05,10.7036
7/13/05,5.444
7/12/05,2.4926
7/11/05,2.6954
7/8/05,1.2977
7/7/05,-3.2399
7/6/05,-3.0091
7/5/05,0.317
7/1/05,-2.9513
6/30/05,-3.9154
6/29/05,-4.2391
6/28/05,0.4848
6/27/05,3.0556
6/24/05,5.1811
6/23/05,8.6009
6/22/05,2.3904
6/21/05,2.546
6/20/05,2.9283
6/17/05,1.0285
6/16/05,-0.6799
6/15/05,-7.2677
6/14/05,-10.67
6/13/05,-9.7067
6/10/05,-11.711
6/9/05,-7.5847
6/8/05,-7.1895
6/7/05,-7.9597
6/6/05,-4.6278
6/3/05,1.8375
6/2/05,6.6312
6/1/05,12.4442
5/31/05,12.4415
5/27/05,14.0928
5/26/05,17.17
5/25/05,16.5544
5/24/05,11.4855
5/23/05,9.1708
5/20/05,1.5688
5/19/05,0.8324
5/18/05,-2.2901
5/17/05,-4.8183
5/16/05,-1.8227
5/13/05,-4.5567
5/12/05,-5.3522
5/11/05,0.197
5/10/05,1.3074
5/9/05,2.1553
5/6/05,0.7031
5/5/05,3.3239
5/4/05,0.0269
5/3/05,1.9713
5/2/05,-1.7795
4/29/05,1.2353
4/28/05,0.5375
4/27/05,-3.5158
4/26/05,-11.8177
4/25/05,-13.3146
4/22/05,-15.3149
4/21/05,-15.0892
4/20/05,-18.4803
4/19/05,-12.3789
4/18/05,-14.9678
4/15/05,-13.9693
4/14/05,-8.8775
4/13/05,-1.5119
4/12/05,-0.3271
4/11/05,0.4072
4/8/05,2.8451
4/7/05,2.4941
4/6/05,-0.517
4/5/05,-2.1947
4/4/05,-5.9725
4/1/05,-4.8184
3/31/05,-1.3728
3/30/05,3.9339
3/29/05,1.9287
3/28/05,5.4812
3/24/05,5.5376
3/23/05,6.829
3/22/05,8.8437
3/21/05,7.8214
3/18/05,0.4912
3/17/05,-1.3081
3/16/05,-1.4597
3/15/05,-7.1644
3/14/05,-9.3933
3/11/05,-10.2318
3/10/05,-55.2422
3/9/05,-55.7517
3/8/05,-54.0632
3/7/05,-49.8769
3/4/05,-50.6854
3/3/05,-52.4086
3/2/05,-51.0474
3/1/05,-49.6663
2/28/05,-46.9928
2/25/05,9.5801
2/24/05,13.489
2/23/05,12.0523
2/22/05,5.4265
2/18/05,9.9696
2/17/05,11.3775
2/16/05,15.8334
2/15/05,11.026
2/14/05,9.1577
2/11/05,5.6047
2/10/05,5.9205
2/9/05,8.3976
2/8/05,11.9723
2/7/05,9.5628
2/4/05,11.4189
2/3/05,10.3845
2/2/05,13.0145
2/1/05,10.9473
1/31/05,8.8464
1/28/05,5.3846
1/27/05,4.0688
1/26/05,10.3727
1/25/05,11.6016
1/24/05,2.6102
1/21/05,1.7906
1/20/05,9.1557
1/19/05,8.3411
1/18/05,10.4942
1/14/05,10.918
1/13/05,8.3851
1/12/05,1.0185
1/11/05,0.1862
1/10/05,7.4478
1/7/05,9.6422
1/6/05,0.8436
1/5/05,1.1765
1/4/05,0.3925
1/3/05,0.9088
12/31/04,-0.9078
12/30/04,-2.6969
12/29/04,-1.2565
12/28/04,-1.7001
12/27/04,-2.696
12/23/04,-1.7498
12/22/04,-0.3751
12/21/04,0.6479
12/20/04,-0.2703
12/17/04,-1.201
12/16/04,6.2476
12/15/04,0.0767
12/14/04,-3.6879
12/13/04,-3.1916
12/10/04,-4.8071
12/9/04,-0.8675
12/8/04,-1.2022
12/7/04,2.644
12/6/04,7.2209
12/3/04,13.6125
12/2/04,17.7288
12/1/04,23.4791
11/30/04,22.0533
11/29/04,23.8957
11/26/04,16.3063
11/24/04,15.8228
11/23/04,11.9087
11/22/04,13.506
11/19/04,1.4527
11/18/04,1.2244
11/17/04,0.8264
11/16/04,-0.678
11/15/04,3.2523
11/12/04,5.8151
11/11/04,5.5344
11/10/04,4.9052
11/9/04,7.4553
11/8/04,13.3625
11/5/04,15.0789
11/4/04,14.8492
11/3/04,15.3734
11/2/04,12.7028
11/1/04,10.6073
10/29/04,9.7382
10/28/04,14.7033
10/27/04,11.8275
10/26/04,20.6792
10/25/04,24.1839
10/22/04,22.8557
10/21/04,22.7343
10/20/04,19.8132
10/19/04,16.6831
10/18/04,21.2852
10/15/04,17.2983
10/14/04,16.3176
10/13/04,2.5806
10/12/04,-1.0083
10/11/04,1.4458
10/8/04,4.0767
10/7/04,6.2483
10/6/04,9.0421
10/5/04,6.636
10/4/04,2.0521
10/1/04,2.5457
9/30/04,4.3349
9/29/04,6.4099
9/28/04,8.0682
9/27/04,5.7481
9/24/04,4.7766
9/23/04,3.903
9/22/04,3.4174
9/21/04,4.5667
9/20/04,5.453
9/17/04,5.4215
9/16/04,1.9349
9/15/04,-1.8405
9/14/04,2.8994
9/13/04,4.3083
9/10/04,4.425
9/9/04,3.0006
9/8/04,9.9849
9/7/04,11.9249
9/3/04,13.3526
9/2/04,15.7792
9/1/04,16.7698
8/31/04,8.6641
8/30/04,10.528
8/27/04,11.5984
8/26/04,12.3865
8/25/04,8.8245
8/24/04,3.0313
8/23/04,-1.3959
8/20/04,1.6502
8/19/04,3.1229
8/18/04,1.115
8/17/04,-2.894
8/16/04,-1.6299
8/13/04,-2.3433
8/12/04,-6.0915
8/11/04,-4.9939
8/10/04,-2.3241
8/9/04,-6.568
8/6/04,-4.7345
8/5/04,2.2476
8/4/04,0.3472
8/3/04,-1.0436
8/2/04,-1.9255
7/30/04,1.1573
7/29/04,1.3665
7/28/04,-2.0043
7/27/04,9.6349
7/26/04,6.9815
7/23/04,5.3535
7/22/04,5.4945
7/21/04,4.9104
7/20/04,5.9559
7/19/04,3.2956
7/16/04,3.6036
7/15/04,1.9505
7/14/04,-9.0965
7/13/04,-10.0923
7/12/04,-10.3109
7/9/04,-10.8902
7/8/04,-9.1621
7/7/04,-9.822
7/6/04,-6.2121
7/2/04,-3.8664
7/1/04,-1.8535
6/30/04,-0.8229
6/29/04,-0.733
6/28/04,5.8651
6/25/04,11.8858
6/24/04,7.9375
6/23/04,11.5894
6/22/04,8.7315
6/21/04,8.4535
6/18/04,14.3502
6/17/04,15.5282
6/16/04,13.2089
6/15/04,9.3728
6/14/04,7.3414
6/10/04,9.1232
6/9/04,5.9277
6/8/04,6.8286
6/7/04,9.0344
6/4/04,6.1601
6/3/04,6.3272
6/2/04,9.2558
6/1/04,3.6955
5/28/04,5.3303
5/27/04,4.102
5/26/04,4.8547
5/25/04,4.0659
5/24/04,0.7369
5/21/04,3.1583
5/20/04,0.15
5/19/04,-0.4138
5/18/04,1.5385
5/17/04,1.9128
5/14/04,3.7975
5/13/04,5.4694
5/12/04,1.9798
5/11/04,2.6087
5/10/04,-2.4499
5/7/04,-1.6955
5/6/04,-4.0433
5/5/04,-4.0677
5/4/04,-5.7339
5/3/04,-5.9863
4/30/04,-9.0653
4/29/04,-8.2591
4/28/04,-9.727
4/27/04,1.1261
4/26/04,0.7427
4/23/04,-1.2126
4/22/04,0.9081
4/21/04,1.5379
4/20/04,-0.3593
4/19/04,0.1059
4/16/04,6.1091
4/15/04,8.0782
4/14/04,-1.4793
4/13/04,-3.5458
4/12/04,0.4658
4/8/04,1.8121
4/7/04,1.6375
4/6/04,9.1373
4/5/04,11.981
4/2/04,6.3418
4/1/04,4.8337
3/31/04,5.337
3/30/04,6.6056
3/29/04,8.0945
3/26/04,2.2306
3/25/04,-2.5036
3/24/04,-6.0773
3/23/04,-8.6344
3/22/04,-4.5756
3/19/04,-0.5385
3/18/04,-4.0015
3/17/04,4.0938
3/16/04,7.9431
3/15/04,11.0878
3/12/04,14.7377
3/11/04,13.5033
3/10/04,20.1389
3/9/04,18.8075
3/8/04,16.2791
3/5/04,20.5047
3/4/04,12.3214
3/3/04,6.453
3/2/04,2.3646
3/1/04,3.7133
2/27/04,4
2/26/04,-2.9077
2/25/04,-4.1597
2/24/04,-2.698
2/23/04,-2.1044
2/20/04,-1.365
2/19/04,0.223
2/18/04,6.7462
2/17/04,4.0431
2/13/04,3.0466
2/12/04,5.1862
2/11/04,4.9383
2/10/04,2.0426
2/9/04,-1.7469
2/6/04,-1.3038
2/5/04,-0.6206
2/4/04,-1.7583
2/3/04,-1.548
2/2/04,-1.8038
1/30/04,-0.7042
1/29/04,-0.744
1/28/04,-6.9421
1/27/04,-4.3532
1/26/04,-3.0341
1/23/04,-1.913
1/22/04,-5.0514
1/21/04,0.0885
1/20/04,2.8972
1/16/04,2.4808
1/15/04,7.3778
1/14/04,13.2429
1/13/04,13.3459
1/12/04,12.1986
1/9/04,10.6833
1/8/04,14.4537
1/7/04,14.0333
1/6/04,11.2846
1/5/04,12.5381
1/2/04,6.1876
12/31/03,7.495
12/30/03,5.7654
12/29/03,4.8587
12/26/03,-0.5266
12/24/03,-3.7718
12/23/03,-2.7969
12/22/03,-2.934
12/19/03,-6.4133
12/18/03,-3.8849
12/17/03,-6.0047
12/16/03,-4.3272
12/15/03,-6.3603
12/12/03,-3.7771
12/11/03,1.4347
12/10/03,-1.6409
12/9/03,-1.1122
12/8/03,-0.4728
12/5/03,2.8107
12/4/03,3.8037
12/3/03,2.9878
12/2/03,5.5365
12/1/03,2.7449
11/28/03,-2.5629
11/26/03,-7.5825
11/25/03,-7.3892
11/24/03,-1.8106
11/21/03,-7.3973
11/20/03,-9.4444
11/19/03,-11.6786
11/18/03,-11.3765
11/17/03,-7.7695
11/14/03,-7.3002
11/13/03,-2.0533
11/12/03,-3.2915
11/11/03,-9.0756
11/10/03,-7.6728
11/7/03,-0.4425
11/6/03,2.3009
11/5/03,0.174
11/4/03,0.6591
11/3/03,-0.1294
10/31/03,-1.4212
10/30/03,1.4945
10/29/03,1.8925
10/28/03,-4.4319
10/27/03,-7.943
10/24/03,-7.1869
10/23/03,-2.9139
10/22/03,-2.9424
10/21/03,0.5204
10/20/03,0
10/17/03,2.0637
10/16/03,7.1923
10/15/03,20.6612
10/14/03,18.0856
10/13/03,17.5193
10/10/03,11.1737
10/9/03,13.3398
10/8/03,12.8732
10/7/03,8.9118
10/6/03,-0.6242
10/3/03,-1.7663
10/2/03,-8.9017
10/1/03,-9.1346
9/30/03,-6.3291
9/29/03,-4.7406
9/26/03,-6.8438
9/25/03,-11.5584
9/24/03,-5.4965
9/23/03,1.1271
9/22/03,-1.2964
9/19/03,-0.7036
9/18/03,1.6889
9/17/03,-3.1099
9/16/03,-2.5708
9/15/03,-2.8009
9/12/03,2.1672
9/11/03,1.6674
9/10/03,3.2588
9/9/03,6.2708
9/8/03,9.0125
9/5/03,7.7586
9/4/03,5.3044
9/3/03,9.2337
9/2/03,12.4508
8/29/03,11.1603
8/28/03,12.5824
8/27/03,7.5613
8/26/03,4.3112
8/25/03,5.8883
8/22/03,6.2055
8/21/03,10.387
8/20/03,5.419
8/19/03,3.515
8/18/03,-0.1963
8/15/03,-7.0721
8/14/03,-3.6662
8/13/03,-4.2694
8/12/03,-2.86
8/11/03,-5.1158
8/8/03,-6.4316
8/7/03,-7.4745
8/6/03,-4.2906
8/5/03,-1.9721
8/4/03,1.9712
8/1/03,0.5822
7/31/03,1.0595
7/30/03,-2.9665
7/29/03,4.2778
7/28/03,7.0372
7/25/03,8.2412
7/24/03,3.3249
7/23/03,6.1798
7/22/03,4.5752
7/21/03,1.0294
7/18/03,4.9774
7/17/03,9.2525
7/16/03,3.1136
7/15/03,2.7239
7/14/03,4.4071
7/11/03,5.9797
7/10/03,1.5034
7/9/03,4.1907
7/8/03,8.6262
7/7/03,4.2497
7/3/03,-0.3646
7/2/03,0.6792
7/1/03,-0.1569
6/30/03,4.7828
6/27/03,2.5178
6/26/03,10.7348
6/25/03,7.4282
6/24/03,7.6218
6/23/03,10.943
6/20/03,14.3538
6/19/03,11.6035
6/18/03,8.39
6/17/03,3.3523
6/16/03,5.5459
6/13/03,-0.1719
6/12/03,-1.0028
6/11/03,-3.5912
6/10/03,-6.0175
6/9/03,-11.0699
6/6/03,-6.3865
6/5/03,-3.2895
6/4/03,-1.4006
6/3/03,-2.6981
6/2/03,-3.5912
5/30/03,-4.5213
5/29/03,-3.3636
5/28/03,-1.4555
5/27/03,1.1248
5/23/03,-1.2931
5/22/03,-0.3279
5/21/03,-0.8333
5/20/03,0.7932
5/19/03,3.4286
5/16/03,16.8428
5/15/03,29.6194
5/14/03,29.1783
5/13/03,31.294
5/12/03,32.0057
5/9/03,32.0346
5/8/03,34.8315
5/7/03,31.3244
5/6/03,28.866
5/5/03,19.097
5/2/03,9.9696
5/1/03,9.4512
4/30/03,7.4018
4/29/03,5.0037
4/28/03,2.0619
4/25/03,1.1364
4/24/03,-6.4718
4/23/03,-4.2988
4/22/03,-6.5052
4/21/03,-9.3168
4/17/03,-8.9521
4/16/03,-8.4371
4/15/03,-8.2877
4/14/03,-4.096
4/11/03,-6.6478
4/10/03,-1.3727
4/9/03,-2.0704
4/8/03,0.2776
4/7/03,-0.4124
4/4/03,0.2784
4/3/03,-3.6
4/2/03,-2.0791
4/1/03,-5.2843
3/31/03,-5.7333
3/28/03,-2.9314
3/27/03,-1.9621
3/26/03,-2.106
3/25/03,2.3207
3/24/03,0.9838
3/21/03,4.3841
3/20/03,2.6153
3/19/03,2.6786
3/18/03,2.5992
3/17/03,3.0907
3/14/03,0.8874
3/13/03,-1.932
3/12/03,-4.3069
3/11/03,-1.8621
3/10/03,-4.3276
3/7/03,-1.4247
3/6/03,-2.9333
3/5/03,-1.0156
3/4/03,-1.9529
3/3/03,-4.0602
2/28/03,2.3177
2/27/03,2.2008
2/26/03,0.7644
2/25/03,4.669
2/24/03,2.7178
2/21/03,6.0071
2/20/03,2.3562
2/19/03,2.7682
2/18/03,4.589
2/14/03,0.0682
2/13/03,1.2535
2/12/03,0.4888
2/11/03,-1.5775
2/10/03,-1.5775
2/7/03,0.1415
2/6/03,4.5652
2/5/03,1.976
2/4/03,5.1873
2/3/03,4.5649
1/31/03,1.844
1/30/03,-2.052
1/29/03,1.0395
1/28/03,-0.2053
1/27/03,-3.4176
1/24/03,-6.25
1/23/03,-3.4741
1/22/03,-4.6048
1/21/03,-5.5892
1/17/03,-5.3691
1/16/03,-1.8792
1/15/03,-2.5
1/14/03,1.9539
1/13/03,3.9801
1/10/03,4.6942
1/9/03,1.9444
1/8/03,1.3231
1/7/03,2.4845
1/6/03,5.3748
1/3/03,4.9296
1/2/03,1.5786
12/31/02,-4.9735
12/30/02,-5.2525
12/27/02,-4.9358
12/26/02,-5.2008
12/24/02,-7.295
12/23/02,-5.1702
12/20/02,-4.1356
12/19/02,-5.0167
12/18/02,-0.4101
12/17/02,0.7348
12/16/02,-2.0449
12/13/02,-2.5692
12/12/02,-2
12/11/02,-1.4631
12/10/02,-0.8436
12/9/02,-7.6393
12/6/02,-6.6209
12/5/02,-10.5199
12/4/02,-3.6059
12/3/02,-0.7204
12/2/02,-3.0032
11/29/02,-2.8213
11/27/02,-3.5583
11/26/02,-1.1546
11/25/02,2.11
11/22/02,5.6069
11/21/02,3.2197
11/20/02,-2.9375
11/19/02,-11.324
11/18/02,-7.3964
11/15/02,-5.5654
11/14/02,-0.3667
11/13/02,-2.9869
11/12/02,-2.1277
11/11/02,-1.8135
11/8/02,1.4734
11/7/02,3.7613
11/6/02,17.2226
11/5/02,13.5753
11/4/02,14.898
11/1/02,12.3626
10/31/02,12.0642
10/30/02,13.253
10/29/02,6.044
10/28/02,2.9683
10/25/02,4.4008
10/24/02,1.2405
10/23/02,5.3824
10/22/02,8.0882
10/21/02,6.355
10/18/02,4.1394
10/17/02,0.5702
10/16/02,1.8182
10/15/02,6.9866
10/14/02,1.7919
10/11/02,0.069
10/10/02,-4.0761
10/9/02,-7.483
10/8/02,-8.3054
10/7/02,-5.9426
10/4/02,-5.5219
10/3/02,-3.8332
10/2/02,-2.8121
10/1/02,-3.3955
9/30/02,-2.027
9/27/02,1.5172
9/26/02,3.7403
9/25/02,5.587
9/24/02,2.4493
9/23/02,3.6288
9/20/02,3.4795
9/19/02,1.3908
9/18/02,5.9238
9/17/02,2.2099
9/16/02,3.2028
9/13/02,-3.9322
9/12/02,-3.8095
9/11/02,-2.7891
9/10/02,-3.5017
9/9/02,-7.4694
9/6/02,-8.5823
9/5/02,-11.2085
9/4/02,-10.1737
9/3/02,-11.6908
8/30/02,-7.6971
8/29/02,-7.0209
8/28/02,-5.8296
8/27/02,-2.1094
8/26/02,6.4428
8/23/02,4.9366
8/22/02,6.4667
8/21/02,5.3595
8/20/02,5.855
8/19/02,8.4125
8/16/02,13.0093
8/15/02,8.0277
8/14/02,2.5
8/13/02,-4.3906
8/12/02,-2.8516
8/9/02,-0.1332
8/8/02,6.6946
8/7/02,4.6657
8/6/02,-3.0263
8/5/02,-3.3172
8/2/02,-3.1501
8/1/02,-1.0695
7/31/02,1.8012
7/30/02,-1.2796
7/29/02,-15.9015
7/26/02,-21.3385
7/25/02,-17.9429
7/24/02,-16.9399
7/23/02,-16.455
7/22/02,-14.8888
7/19/02,-16.935
7/18/02,-20.0107
7/17/02,-10.9402
7/16/02,5.4309
7/15/02,6.8581
7/12/02,-1.2415
7/11/02,7.2685
7/10/02,4.6526
7/9/02,2.2754
7/8/02,4.2849
7/5/02,11.2166
7/3/02,2.5716
7/2/02,-1.0514
7/1/02,-15.335
6/28/02,-13.7293
6/27/02,-15.1244
6/26/02,-15.3019
6/25/02,-14.6839
6/24/02,-15.5914
6/21/02,-21.5549
6/20/02,-20.0467
6/19/02,-22.7437
6/18/02,-11.3116
6/17/02,-9.8332
6/14/02,-12.2654
6/13/02,-16.1373
6/12/02,-16.9835
6/11/02,-14.6789
6/10/02,-10.4254
6/7/02,-11.3872
6/6/02,-11.9936
6/5/02,-6.5789
6/4/02,-2.8986
6/3/02,-7.3969
5/31/02,-6.8373
5/30/02,-4.0063
5/29/02,-5.1424
5/28/02,-6.3647
5/24/02,0.8772
5/23/02,7.976
5/22/02,0.5374
5/21/02,-3.7341
5/20/02,10.1024
5/17/02,10.4194
5/16/02,7.231
5/15/02,6.7117
5/14/02,6.7973
5/13/02,-1.3597
5/10/02,-2.6711
5/9/02,5.1282
5/8/02,1.0365
5/7/02,-5.4691
5/6/02,-6.5979
5/3/02,-4.1582
5/2/02,-5.1641
5/1/02,-5.6277
4/30/02,-7.0471
4/29/02,-6.9153
4/26/02,-7.96
4/25/02,-3.751
4/24/02,-4.3846
4/23/02,-1.6626
4/22/02,1.7842
4/19/02,1.7101
4/18/02,2.7082
4/17/02,4.8594
4/16/02,8.3789
4/15/02,3.8637
4/12/02,2.453
4/11/02,5.0275
4/10/02,5.0703
4/9/02,2.728
4/8/02,5.182
4/5/02,2.6982
4/4/02,2.5958
4/3/02,-4.695
4/2/02,-3.1388
4/1/02,-1.1318
3/28/02,-5.1303
3/27/02,-3.9296
3/26/02,-4.2058
3/25/02,-5.5421
3/22/02,-3.8707
3/21/02,-1.5815
3/20/02,2.2149
3/19/02,3.2405
3/18/02,5.1424
3/15/02,2.7172
3/14/02,4.1791
3/13/02,12.8571
3/12/02,12.5683
3/11/02,5.8724
3/8/02,3.5699
3/7/02,7.212
3/6/02,11.9535
3/5/02,1.7294
3/4/02,7.3828
3/1/02,-1.8828
2/28/02,-11.7886
2/27/02,-12.1951
2/26/02,-4.2088
2/25/02,-4.6837
2/22/02,-5.3683
2/21/02,-11.5226
2/20/02,-6.2424
2/19/02,-11.1198
2/15/02,-5.7199
2/14/02,0.7784
2/13/02,1.1731
2/12/02,2.5737
2/11/02,8.2792
2/8/02,3.266
2/7/02,4.5161
2/6/02,6.2904
2/5/02,10.556
2/4/02,16.1778
2/1/02,10.1037
1/31/02,9.9644
1/30/02,15.9288
1/29/02,6.3134
1/28/02,10.0236
1/25/02,10.4513
1/24/02,9.3264
1/23/02,6.3279
1/22/02,-3.494
1/18/02,-3.1878
1/17/02,-5.1076
1/16/02,-11.8745
1/15/02,-6.867
1/14/02,-3.4247
1/11/02,-6.1525
1/10/02,-3.8061
1/9/02,0.7445
1/8/02,5.8521
1/7/02,9.0476
1/4/02,14.6105
1/3/02,9.0657
1/2/02,10.8996
12/31/01,6.2076
12/28/01,10.0049
12/27/01,5.0952
12/26/01,0
12/24/01,-1.9284
12/21/01,-6.8323
12/20/01,-8.2964
12/19/01,-5.0922
12/18/01,-11.5741
12/17/01,-7.9464
12/14/01,-3.1354
12/13/01,-1.4085
12/12/01,5.24
12/11/01,6.0887
12/10/01,7.3333
12/7/01,5.475
12/6/01,14.8185
12/5/01,20.7317
12/4/01,14.6953
12/3/01,5.25
11/30/01,12.2826
11/29/01,4.9871
11/28/01,4.6915
11/27/01,8.4151
11/26/01,13.9733
11/23/01,6.0396
11/21/01,5.1844
11/20/01,-0.3063
11/19/01,2.1972
11/16/01,-0.5244
11/15/01,4.7388
11/14/01,5.4868
11/13/01,10.3075
11/12/01,6.5341
11/9/01,6.1259
11/8/01,0.2142
11/7/01,2.0844
11/6/01,3.2718
11/5/01,5.1268
11/2/01,-2.3659
11/1/01,1.5847
10/31/01,-2.4444
10/30/01,3.5903
10/29/01,-2.1099
10/26/01,3.7799
10/25/01,6.5519
10/24/01,6.8207
10/23/01,7.8478
10/22/01,18.875
10/19/01,12.963
10/18/01,11.5242
10/17/01,6.9899
10/16/01,20.227
10/15/01,19.5349
10/12/01,15.8945
10/11/01,14.3778
10/10/01,8.4462
10/9/01,5.6106
10/8/01,4.2471
10/5/01,-1.8845
10/4/01,0.9536
10/3/01,-4.4643
10/2/01,-11.5746
10/1/01,-4.5455
9/28/01,-8.711
9/27/01,-10.7081
9/26/01,-12.3264
9/25/01,-12.3025
9/24/01,-11.3208
9/21/01,-13.8082
9/20/01,-15.4717
9/19/01,-4.5429
9/18/01,-8.6932
9/17/01,-7.663
9/10/01,-8.1924
9/7/01,-6.9467
9/6/01,-0.5053
9/5/01,1.8671
9/4/01,1.8415
8/31/01,2.3731
8/30/01,-1.3282
8/29/01,-4.3968
8/28/01,-0.2169
8/27/01,1.0144
8/24/01,-2.7239
8/23/01,-6.3617
8/22/01,-4.4094
8/21/01,-5.1852
8/20/01,-5.8701
8/17/01,-5.541
8/16/01,-4.359
8/15/01,-6.9627
8/14/01,-1.7314
8/13/01,1.5966
8/10/01,0.4754
8/9/01,0.4747
8/8/01,1.6676
8/7/01,4.2231
8/6/01,0.2095
8/3/01,-0.2047
8/2/01,-0.8008
8/1/01,-4.509
7/31/01,-9.62
7/30/01,-24.5817
7/27/01,-20.8681
7/26/01,-25.1911
7/25/01,-24.179
7/24/01,-15.3061
7/23/01,-7.5686
7/20/01,-11.9824
7/19/01,-9.3963
7/18/01,-10.3493
7/17/01,5.2852
7/16/01,0.251
7/13/01,6.8817
7/12/01,3.4834
7/11/01,-3.4276
7/10/01,-10.9895
7/9/01,-5.3772
7/6/01,-1.0332
7/5/01,3.1125
7/3/01,10.0138
7/2/01,18.3754
6/29/01,14.363
6/28/01,15.1663
6/27/01,17.4044
6/26/01,16.0234
6/25/01,18.1192
6/22/01,11.0778
6/21/01,5.4878
6/20/01,0.0462
6/19/01,-2.6049
6/18/01,-2.9131
6/15/01,-1.0649
6/14/01,-4.8348
6/13/01,2.6065
6/12/01,2.6795
6/11/01,-6.6605
6/8/01,-6.3269
6/7/01,-6.6379
6/6/01,-10.7619
6/5/01,-10.8936
6/4/01,-12.309
6/1/01,-11.2197
5/31/01,-15.2866
5/30/01,-17.9253
5/29/01,-7.377
5/25/01,-2.2757
5/24/01,1.5317
5/23/01,1
5/22/01,-2.0017
5/21/01,-4.1107
5/18/01,-5.7292
5/17/01,-8.5437
5/16/01,-3.4455
5/15/01,-12.8244
5/14/01,-10.1813
5/11/01,-10.357
5/10/01,-12.2137
5/9/01,-2.8757
5/8/01,-0.6068
5/7/01,3.8702
5/4/01,6.1856
5/3/01,-0.3195
5/2/01,3.3826
5/1/01,13.778
4/30/01,24.951
4/27/01,22.2015
4/26/01,10.1249
4/25/01,13.3945
4/24/01,9.029
4/23/01,18.0623
4/20/01,21.6124
4/19/01,23.2391
4/18/01,16.8718
4/17/01,0.7905
4/16/01,-0.6948
4/12/01,1.5859
4/11/01,-3.2401
4/10/01,-0.5864
4/9/01,-10.188
4/6/01,-5.4637
4/5/01,-9.2609
4/4/01,-9.8057
4/3/01,0.5964
4/2/01,9.6496
3/30/01,7.3444
3/29/01,14.8318
3/28/01,12.5952
3/27/01,11.8885
3/26/01,11.3497
3/23/01,23.5231
3/22/01,6.7654
3/21/01,-3.3157
3/20/01,-7.3412
3/19/01,-4.3721
3/16/01,-3.6819
3/15/01,2.2857
3/14/01,9.0133
3/13/01,7.1781
3/12/01,-3.872
3/9/01,3.8462
3/8/01,10.6326
3/7/01,12.9718
3/6/01,13.9375
3/5/01,11.2507
3/2/01,1.3158
3/1/01,-6.5304
2/28/01,-6.4103
2/27/01,1.3075
2/26/01,-0.965
2/23/01,-1.6213
2/22/01,-9.3494
2/21/01,-9.0602
2/20/01,-13.3049
2/16/01,-5.894
2/15/01,-2.7158
2/14/01,-7.6705
2/13/01,-11.5634
2/12/01,-9.4713
2/9/01,-11.8488
2/8/01,6.0838
2/7/01,4.0622
2/6/01,3.0244
2/5/01,-1.5122
2/2/01,7.1169
2/1/01,8.3077
1/31/01,15.6768
1/30/01,29.3873
1/29/01,26.6939
1/26/01,13.7871
1/25/01,10.7778
1/24/01,23.7923
1/23/01,19.2554
1/22/01,16.244
1/19/01,19.1203
1/18/01,9.5545
1/17/01,2.6878
1/16/01,15.0538
1/12/01,15.5242
1/11/01,21.5395
1/10/01,11.8163
1/9/01,17.0184
1/8/01,10.4
1/5/01,16.4296
1/4/01,18.637
1/3/01,16.9286
1/2/01,4.4211
12/29/00,5.8321
12/28/00,2.5623
12/27/00,-1.2667
12/26/00,-4.4863
12/22/00,-1.2508
12/21/00,-6.6401
12/20/00,0.4892
12/19/00,-2.1663
12/18/00,-16.1765
12/15/00,-15.7579
12/14/00,-15.3576
12/13/00,-9.0909
12/12/00,-12.4146
12/11/00,-15.7515
12/8/00,-19.4222
12/7/00,-25.8933
12/6/00,-22.6486
12/5/00,-9.6225
12/4/00,-11.8796
12/1/00,-7.7838
11/30/00,-13.1579
11/29/00,-11.6256
11/28/00,-10.963
11/27/00,-3.5106
11/24/00,1.3116
11/22/00,-8.3705
11/21/00,-6.2313
11/20/00,-11.1215
11/17/00,-13.7127
11/16/00,-14.6067
11/15/00,-10.9368
11/14/00,-1.2195
11/13/00,-0.9714
11/10/00,-1.2947
11/9/00,8.7823
11/8/00,8.4324
11/7/00,15.1892
11/6/00,13.6195
11/3/00,9.2293
11/2/00,14.4103
11/1/00,8.2365
10/31/00,-2.7833
10/30/00,-4.0258
10/27/00,-13.6744
10/26/00,-16.1378
10/25/00,-7.5
10/24/00,-3.8226
10/23/00,-2.3958
10/20/00,-10.3448
10/19/00,-14.6462
10/18/00,-8.7942
10/17/00,-14.818
10/16/00,-3.6307
10/13/00,-9.0309
10/12/00,-22.3301
10/11/00,-63.3271
10/10/00,-57.3559
10/9/00,-57.7177
10/6/00,-58.5234
10/5/00,-57.7314
10/4/00,-58.3348
10/3/00,-63.4562
10/2/00,-59.5429
9/29/00,-57.5503
9/28/00,-3.1324
9/27/00,-13.9289
9/26/00,-11.3103
9/25/00,-7.3593
9/22/00,-10.6947
9/21/00,-3.7194
9/20/00,-1.5323
9/19/00,2.5667
9/18/00,-2.8507
9/15/00,-12.9414
9/14/00,-6.6951
9/13/00,-2.521
9/12/00,-2.4328
9/11/00,0.6545
9/8/00,3.6437
9/7/00,10.4972
9/6/00,7.6045
9/5/00,20.7971
9/1/00,25.6238
8/31/00,21.88
8/30/00,15.6687
8/29/00,22.0412
8/28/00,24.3521
8/25/00,20.7182
8/24/00,17.6557
8/23/00,14.1926
8/22/00,8.8211
8/21/00,8.0214
8/18/00,4.297
8/17/00,8.569
8/16/00,1.0417
8/15/00,-1.1852
8/14/00,-4.563
8/11/00,-6.1405
8/10/00,-1.5525
8/9/00,-8.6538
8/8/00,-6.6121
8/7/00,-4.2349
8/4/00,-2.6905
8/3/00,-10.3809
8/2/00,-14.2935
8/1/00,-6.4149
7/31/00,-11.2489
7/28/00,-17.1497
7/27/00,-9.8631
7/26/00,-11.3982
7/25/00,-14.9796
7/24/00,-14.4889
7/21/00,-6.2489
7/20/00,1.2675
7/19/00,1.6985
7/18/00,10.8851
7/17/00,9.3791
7/14/00,10.1375
7/13/00,10.2439
7/12/00,8.1558
7/11/00,10.029
7/10/00,5.5422
7/7/00,5.3202
7/6/00,-3.6093
7/5/00,-7.1904
7/3/00,-47.3481
6/30/00,-45.7876
6/29/00,-43.7987
6/28/00,-41.0631
6/27/00,-42.7797
6/26/00,-42.7196
6/23/00,-43.3162
6/22/00,-43.8642
6/21/00,-41.3248
6/20/00,4.8571
6/19/00,4.0379
6/16/00,-0.1314
6/15/00,-0.2053
6/14/00,1.4811
6/13/00,12.5
6/12/00,4.1457
6/9/00,10.8603
6/8/00,8.6399
6/7/00,10.1152
6/6/00,8.2275
6/5/00,1.5232
6/2/00,-1.5319
6/1/00,-11.5434
5/31/00,-17.1352
5/30/00,-17.1539
5/26/00,-14.4851
5/25/00,-18.9091
5/24/00,-14.7067
5/23/00,-13.5938
5/22/00,-14.7003
5/19/00,-14.6386
5/18/00,-10.9353
5/17/00,-8.4199
5/16/00,-8.1436
5/15/00,-14.3124
5/12/00,-13.4261
5/11/00,-17.1288
5/10/00,-21.6489
5/9/00,-13.0822
5/8/00,-14.1766
5/5/00,-6.1245
5/4/00,-6.8815
5/3/00,-5.0033
5/2/00,-7.0939
5/1/00,0.3552
4/28/00,10.8966
4/27/00,11.3698
4/26/00,11.0389
4/25/00,7.4263
4/24/00,-3.6
4/20/00,-9.7761
4/19/00,-3.2511
4/18/00,-2.6921
4/17/00,-2.7021
4/14/00,-16.0828
4/13/00,-16.1991
4/12/00,-13.1213
4/11/00,-12.1377
4/10/00,-10.156
4/7/00,-5.5962
4/6/00,-9.7339
4/5/00,-7.7348
4/4/00,-11.7068
4/3/00,-1.2079
3/31/00,10.4146
3/30/00,0.6
3/29/00,11.8295
3/28/00,19.6817
3/27/00,22.1532
3/24/00,14.3269
3/23/00,12.3738
3/22/00,17.9468
3/21/00,10.6066
3/20/00,0.1058
3/17/00,-0.549
3/16/00,-5.0312
3/15/00,-4.7131
3/14/00,-12.3245
3/13/00,5.8367
3/10/00,11.0375
3/9/00,10.7638
3/8/00,5.9028
3/7/00,5.6946
3/6/00,10.4385
3/3/00,15.0562
3/2/00,6.207
3/1/00,14.1868
2/29/00,-3.6807
2/28/00,-2.2105
2/25/00,1.4897
2/24/00,1.4978
2/23/00,3.2232
2/22/00,-0.9228
2/18/00,-2.4636
2/17/00,6.3611
2/16/00,10.4637
2/15/00,20.4332
2/14/00,15.5212
2/11/00,4.8193
2/10/00,11.6906
2/9/00,2.3818
2/8/00,4.2472
2/7/00,1.6125
2/4/00,1.6471
2/3/00,-7.1871
2/2/00,-12.9427
2/1/00,-5.9215
1/31/00,-0.1828
1/28/00,1.1748
1/27/00,13.6951
1/26/00,26.3792
1/25/00,21.0243
1/24/00,8.6957
1/21/00,11.8693
1/20/00,19.4737
1/19/00,2.4615
1/18/00,1.4049
1/14/00,-10.2734