Technical Analysis: RSI__|,Technical Analysis: RSI__|__RSI
2018-06-29,53.9004
2018-06-28,54.0281
2018-06-27,53.6547
2018-06-26,53.7417
2018-06-25,53.1112
2018-06-22,53.9979
2018-06-21,54.1737
2018-06-20,54.5121
2018-06-19,54.2919
2018-06-18,55.2895
2018-06-15,55.3225
2018-06-14,55.9706
2018-06-13,55.9445
2018-06-12,56.4675
2018-06-11,56.1981
2018-06-08,56.3526
2018-06-07,56.933
2018-06-06,57.105
2018-06-05,56.9391
2018-06-04,56.5716
2018-06-01,56.1738
2018-05-31,55.315
2018-05-30,55.5164
2018-05-29,55.6437
2018-05-25,55.8593
2018-05-24,55.7519
2018-05-23,55.8176
2018-05-22,55.5214
2018-05-21,55.6661
2018-05-18,55.3426
2018-05-17,55.5493
2018-05-16,55.9112
2018-05-15,55.4915
2018-05-14,56.0102
2018-05-11,56.1439
2018-05-10,56.5846
2018-05-09,55.952
2018-05-08,55.6392
2018-05-07,55.4263
2018-05-04,55.1075
2018-05-03,53.3855
2018-05-02,53.3037
2018-05-01,51.3308
2018-04-30,50.2614
2018-04-27,49.4189
2018-04-26,49.9603
2018-04-25,49.797
2018-04-24,49.594
2018-04-23,50.2453
2018-04-20,50.382
2018-04-19,52.4664
2018-04-18,54.0421
2018-04-17,54.17
2018-04-16,53.5114
2018-04-13,53.2115
2018-04-12,53.0493
2018-04-11,52.5802
2018-04-10,52.8292
2018-04-09,51.9391
2018-04-06,51.4659
2018-04-05,52.8287
2018-04-04,52.4934
2018-04-03,51.5713
2018-04-02,51.072
2018-03-29,51.4095
2018-03-28,51.0309
2018-03-27,51.6005
2018-03-26,52.9952
2018-03-23,50.6616
2018-03-22,51.9363
2018-03-21,52.7496
2018-03-20,54.1261
2018-03-19,54.1472
2018-03-16,55.1133
2018-03-15,55.3397
2018-03-14,55.2791
2018-03-13,55.8257
2018-03-12,56.4579
2018-03-09,55.9671
2018-03-08,55.0915
2018-03-07,54.5291
2018-03-06,55.1158
2018-03-05,55.1696
2018-03-02,54.9928
2018-03-01,54.6417
2018-02-28,55.752
2018-02-27,55.8492
2018-02-26,56.0571
2018-02-23,55.0665
2018-02-22,54.1824
2018-02-21,53.753
2018-02-20,54.0264
2018-02-16,54.2294
2018-02-15,54.425
2018-02-14,52.7317
2018-02-13,51.7753
2018-02-12,51.25
2018-02-09,49.1297
2018-02-08,48.6879
2018-02-07,50.1917
2018-02-06,51.4422
2018-02-05,49.089
2018-02-02,50.5768
2018-02-01,53.4907
2018-01-31,53.3628
2018-01-30,53.1954
2018-01-29,53.6055
2018-01-26,55.1138
2018-01-25,54.9725
2018-01-24,56.3379
2018-01-23,57.6227
2018-01-22,57.6091
2018-01-19,58.2838
2018-01-18,58.6564
2018-01-17,58.604
2018-01-16,57.6372
2018-01-12,58.0523
2018-01-11,57.442
2018-01-10,57.1041
2018-01-09,57.1222
2018-01-08,57.1312
2018-01-05,57.4218
2018-01-04,56.7619
2018-01-03,56.4907
2018-01-02,56.5039
2017-12-29,55.4671
2017-12-28,56.2779
2017-12-27,56.1131
2017-12-26,56.1029
2017-12-22,58.0884
2017-12-21,58.0884
2017-12-20,57.8712
2017-12-19,57.9568
2017-12-18,58.8089
2017-12-15,58.0124
2017-12-14,57.4303
2017-12-13,57.4529
2017-12-12,57.2637
2017-12-11,57.6959
2017-12-08,56.5923
2017-12-07,56.5753
2017-12-06,56.4707
2017-12-05,56.7457
2017-12-04,56.8153
2017-12-01,57.3591
2017-11-30,57.7091
2017-11-29,56.9385
2017-11-28,58.5381
2017-11-27,59.0043
2017-11-24,59.4085
2017-11-22,59.4054
2017-11-21,58.8338
2017-11-20,57.8127
2017-11-17,57.8891
2017-11-16,58.3159
2017-11-15,57.6588
2017-11-14,58.6834
2017-11-13,59.91
2017-11-10,60.2417
2017-11-09,60.8181
2017-11-08,60.99
2017-11-07,60.5516
2017-11-06,60.3789
2017-11-03,59.8352
2017-11-02,58.4179
2017-11-01,58.0103
2017-10-31,59.0197
2017-10-30,58.2435
2017-10-27,56.9669
2017-10-26,54.8678
2017-10-25,54.478
2017-10-24,54.8013
2017-10-23,54.4406
2017-10-20,54.4776
2017-10-19,54.3739
2017-10-18,56.1466
2017-10-17,56.489
2017-10-16,56.2696
2017-10-13,55.1733
2017-10-12,54.789
2017-10-11,55.0486
2017-10-10,54.798
2017-10-09,54.7749
2017-10-06,54.5686
2017-10-05,54.6097
2017-10-04,53.8798
2017-10-03,54.3327
2017-10-02,54.0766
2017-09-29,54.2159
2017-09-28,53.8974
2017-09-27,54.3204
2017-09-26,53.9095
2017-09-25,52.9132
2017-09-22,53.5056
2017-09-21,54.1779
2017-09-20,55.4092
2017-09-19,56.675
2017-09-18,56.6529
2017-09-15,57.2361
2017-09-14,56.6519
2017-09-13,57.3156
2017-09-12,57.9088
2017-09-11,58.2244
2017-09-08,57.1887
2017-09-07,58.5045
2017-09-06,58.8358
2017-09-05,58.9221
2017-09-01,59.9315
2017-08-31,59.9142
2017-08-30,59.6908
2017-08-29,59.5397
2017-08-28,59.0423
2017-08-25,58.4772
2017-08-24,58.2683
2017-08-23,58.6196
2017-08-22,58.5499
2017-08-21,57.6423
2017-08-18,57.7837
2017-08-17,57.9583
2017-08-16,59.4862
2017-08-15,59.8146
2017-08-14,59.2145
2017-08-11,58.3812
2017-08-10,57.5996
2017-08-09,60.5933
2017-08-08,60.2441
2017-08-07,59.7868
2017-08-04,58.895
2017-08-03,58.5869
2017-08-02,59.4313
2017-08-01,56.6372
2017-07-31,56.0796
2017-07-28,56.4991
2017-07-27,57.0811
2017-07-26,58.7193
2017-07-25,58.426
2017-07-24,58.1603
2017-07-21,57.4059
2017-07-20,57.4453
2017-07-19,57.8274
2017-07-18,57.44
2017-07-17,57.2248
2017-07-14,57.0096
2017-07-13,56.4802
2017-07-12,55.6152
2017-07-11,55.5247
2017-07-10,55.3228
2017-07-07,54.9437
2017-07-06,54.3112
2017-07-05,55.0284
2017-07-03,54.7719
2017-06-30,55.0459
2017-06-29,54.8999
2017-06-28,56.0395
2017-06-27,55.139
2017-06-26,56.2748
2017-06-23,56.5285
2017-06-22,56.2526
2017-06-21,56.3834
2017-06-20,56.0206
2017-06-19,56.7433
2017-06-16,54.984
2017-06-15,56.1052
2017-06-14,56.5973
2017-06-13,57.4167
2017-06-12,56.9114
2017-06-09,59.0213
2017-06-08,62.9198
2017-06-07,63.1811
2017-06-06,62.811
2017-06-05,62.6006
2017-06-02,63.6423
2017-06-01,62.7253
2017-05-31,62.5523
2017-05-30,63.1813
2017-05-26,63.1571
2017-05-25,63.3356
2017-05-24,63.1253
2017-05-23,63.438
2017-05-22,63.5667
2017-05-19,63.2049
2017-05-18,63.0015
2017-05-17,62.0878
2017-05-16,65.7522
2017-05-15,65.9219
2017-05-12,66.2161
2017-05-11,65.3941
2017-05-10,65.1245
2017-05-09,65.6603
2017-05-08,65.2807
2017-05-05,63.6359
2017-05-04,62.5831
2017-05-03,62.9768
2017-05-02,63.3116
2017-05-01,62.9081
2017-04-28,61.5907
2017-04-27,61.6944
2017-04-26,61.6442
2017-04-25,62.2686
2017-04-24,61.8682
2017-04-21,61.2414
2017-04-20,61.3653
2017-04-19,60.5472
2017-04-18,60.9246
2017-04-17,61.3835
2017-04-13,61.0236
2017-04-12,61.5698
2017-04-11,61.4924
2017-04-10,62.6226
2017-04-07,62.7486
2017-04-06,62.9848
2017-04-05,63.25
2017-04-04,63.8041
2017-04-03,63.3506
2017-03-31,63.3336
2017-03-30,63.5306
2017-03-29,63.6685
2017-03-28,63.5365
2017-03-27,62.2992
2017-03-24,62.1948
2017-03-23,62.3944
2017-03-22,62.7502
2017-03-21,62.0735
2017-03-20,63.2397
2017-03-17,62.6086
2017-03-16,63.1195
2017-03-15,63.0213
2017-03-14,62.388
2017-03-13,62.5395
2017-03-10,62.5138
2017-03-09,62.3172
2017-03-08,62.5431
2017-03-07,62.9099
2017-03-06,62.8352
2017-03-03,63.1429
2017-03-02,62.8068
2017-03-01,63.386
2017-02-28,62.2225
2017-02-27,62.1971
2017-02-24,62.0831
2017-02-23,62.0285
2017-02-22,62.4253
2017-02-21,62.2563
2017-02-17,61.8504
2017-02-16,61.6944
2017-02-15,61.8045
2017-02-14,61.603
2017-02-13,60.8816
2017-02-10,60.3833
2017-02-09,60.5792
2017-02-08,60.4182
2017-02-07,60.2022
2017-02-06,59.6725
2017-02-03,59.1472
2017-02-02,58.9063
2017-02-01,59.0442
2017-01-31,55.5825
2017-01-30,55.7591
2017-01-27,55.9602
2017-01-26,55.9552
2017-01-25,55.926
2017-01-24,54.9851
2017-01-23,55.0521
2017-01-20,55.0126
2017-01-19,54.9048
2017-01-18,55.0294
2017-01-17,55.0353
2017-01-13,54.5732
2017-01-12,54.6949
2017-01-11,54.984
2017-01-10,54.6805
2017-01-09,54.6237
2017-01-06,54.1113
2017-01-05,53.4853
2017-01-04,53.1985
2017-01-03,53.2702
2016-12-30,53.1114
2016-12-29,53.6085
2016-12-28,53.6249
2016-12-27,53.8966
2016-12-23,53.5518
2016-12-22,53.4446
2016-12-21,53.8564
2016-12-20,53.8061
2016-12-19,53.665
2016-12-16,53.3604
2016-12-15,53.2923
2016-12-14,53.0072
2016-12-13,53.0072
2016-12-12,52.1481
2016-12-09,52.4747
2016-12-08,51.6304
2016-12-07,51.1183
2016-12-06,50.6054
2016-12-05,50.203
2016-12-02,50.5867
2016-12-01,50.3919
2016-11-30,50.8908
2016-11-29,51.3502
2016-11-28,51.404
2016-11-25,51.5108
2016-11-23,51.2556
2016-11-22,51.5288
2016-11-21,51.4974
2016-11-18,50.7429
2016-11-17,50.6929
2016-11-16,50.7115
2016-11-15,49.3924
2016-11-14,48.7321
2016-11-11,49.9866
2016-11-10,49.6849
2016-11-09,51.16
2016-11-08,51.2477
2016-11-07,50.947
2016-11-04,50.2125
2016-11-03,50.6863
2016-11-02,51.5422
2016-11-01,51.4961
2016-10-31,52.5094
2016-10-28,52.5994
2016-10-27,52.9788
2016-10-26,53.5372
2016-10-25,54.9103
2016-10-24,54.6505
2016-10-21,54.1934
2016-10-20,54.4314
2016-10-19,54.4623
2016-10-18,54.6413
2016-10-17,54.682
2016-10-14,54.7223
2016-10-13,54.4521
2016-10-12,54.6308
2016-10-11,54.2008
2016-10-10,54.0973
2016-10-07,53.2647
2016-10-06,53.1929
2016-10-05,52.8385
2016-10-04,52.8174
2016-10-03,52.6164
2016-09-30,52.8626
2016-09-29,52.5014
2016-09-28,53.3244
2016-09-27,52.9698
2016-09-26,52.8832
2016-09-23,52.8137
2016-09-22,53.6957
2016-09-21,53.2628
2016-09-20,53.272
2016-09-19,53.2766
2016-09-16,53.889
2016-09-15,54.1881
2016-09-14,52.6675
2016-09-13,51.0507
2016-09-12,49.9382
2016-09-09,48.8797
2016-09-08,49.9618
2016-09-07,51.2977
2016-09-06,50.9962
2016-09-02,51.0104
2016-09-01,50.5558
2016-08-31,50.268
2016-08-30,50.2224
2016-08-29,50.5985
2016-08-26,50.6535
2016-08-25,50.9411
2016-08-24,51.151
2016-08-23,51.5257
2016-08-22,51.3795
2016-08-19,51.7659
2016-08-18,51.6473
2016-08-17,51.7102
2016-08-16,51.7816
2016-08-15,51.8259
2016-08-12,51.2899
2016-08-11,51.1865
2016-08-10,51.2167
2016-08-09,51.5644
2016-08-08,51.3869
2016-08-05,51.0275
2016-08-04,50.3703
2016-08-03,50.3375
2016-08-02,49.7999
2016-08-01,50.4479
2016-07-29,49.6884
2016-07-28,49.7417
2016-07-27,49.1642
2016-07-26,46.4099
2016-07-25,46.6771
2016-07-22,47.207
2016-07-21,47.5185
2016-07-20,47.7332
2016-07-19,47.6935
2016-07-18,47.676
2016-07-15,47.2171
2016-07-14,47.221
2016-07-13,46.3782
2016-07-12,46.5892
2016-07-11,46.396
2016-07-08,46.2649
2016-07-07,45.9418
2016-07-06,45.763
2016-07-05,45.528
2016-07-01,45.8558
2016-06-30,45.7312
2016-06-29,45.2146
2016-06-28,44.8638
2016-06-27,44.1868
2016-06-24,44.6632
2016-06-23,45.63
2016-06-22,45.3916
2016-06-21,45.5209
2016-06-20,45.173
2016-06-17,45.2542
2016-06-16,46.0456
2016-06-15,45.8726
2016-06-14,45.9865
2016-06-13,45.9367
2016-06-10,46.4641
2016-06-09,46.7565
2016-06-08,46.4677
2016-06-07,46.4993
2016-06-06,46.3385
2016-06-03,46.0535
2016-06-02,45.9735
2016-06-01,46.2246
2016-05-31,46.7025
2016-05-27,46.8704
2016-05-26,46.8908
2016-05-25,46.5873
2016-05-24,45.921
2016-05-23,45.3442
2016-05-20,44.865
2016-05-19,44.4586
2016-05-18,44.5734
2016-05-17,44.149
2016-05-16,44.2713
2016-05-13,42.9226
2016-05-12,42.8492
2016-05-11,43.5167
2016-05-10,43.8
2016-05-09,43.5481
2016-05-06,43.5203
2016-05-05,43.6787
2016-05-04,43.9682
2016-05-03,44.2709
2016-05-02,43.6737
2016-04-29,43.7038
2016-04-28,44.0314
2016-04-27,44.9462
2016-04-26,47.0602
2016-04-25,47.3065
2016-04-22,47.5087
2016-04-21,47.6061
2016-04-20,47.9958
2016-04-19,47.9158
2016-04-18,48.1057
2016-04-15,48.9037
2016-04-14,49.6781
2016-04-13,49.6571
2016-04-12,49.095
2016-04-11,48.5906
2016-04-08,48.4625
2016-04-07,48.42
2016-04-06,49.2293
2016-04-05,48.8269
2016-04-04,49.2672
2016-04-01,48.8735
2016-03-31,48.5235
2016-03-30,48.7117
2016-03-29,48.0539
2016-03-28,47.1655
2016-03-24,47.3199
2016-03-23,47.4674
2016-03-22,47.656
2016-03-21,47.3718
2016-03-18,47.3749
2016-03-17,47.3334
2016-03-16,47.3858
2016-03-15,46.9097
2016-03-14,46.1954
2016-03-11,46.1048
2016-03-10,45.7254
2016-03-09,45.7081
2016-03-08,45.6771
2016-03-07,45.919
2016-03-04,46.2481
2016-03-03,45.7382
2016-03-02,45.4839
2016-03-01,45.4096
2016-02-29,44.093
2016-02-26,44.1534
2016-02-25,44.1017
2016-02-24,43.8754
2016-02-23,43.3908
2016-02-22,43.9747
2016-02-19,43.687
2016-02-18,43.7452
2016-02-17,44.2389
2016-02-16,43.7387
2016-02-12,42.8296
2016-02-11,42.7293
2016-02-10,42.8757
2016-02-09,43.06
2016-02-08,43.0651
2016-02-05,42.7332
2016-02-04,43.3858
2016-02-03,43.3027
2016-02-02,42.68
2016-02-01,43.1695
2016-01-29,43.3994
2016-01-28,42.313
2016-01-27,42.0861
2016-01-26,43.7568
2016-01-25,43.5711
2016-01-22,44.0898
2016-01-21,42.3324
2016-01-20,42.4588
2016-01-19,42.4137
2016-01-15,42.5332
2016-01-14,43.1453
2016-01-13,42.4141
2016-01-12,43.0759
2016-01-11,42.5824
2016-01-08,42.0362
2016-01-07,41.8583
2016-01-06,42.9455
2016-01-05,43.4742
2016-01-04,44.1814
2015-12-31,44.1508
2015-12-30,44.7073
2015-12-29,45.0952
2015-12-28,44.45
2015-12-24,44.7783
2015-12-23,44.9358
2015-12-22,44.4758
2015-12-21,44.5025
2015-12-18,44.0708
2015-12-17,44.8546
2015-12-16,45.4953
2015-12-15,45.2163
2015-12-14,45.7593
2015-12-11,45.9515
2015-12-10,46.7823
2015-12-09,46.6065
2015-12-08,47.3412
2015-12-07,47.3554
2015-12-04,47.5666
2015-12-03,46.3568
2015-12-02,46.6573
2015-12-01,46.9531
2015-11-30,47.2215
2015-11-27,47.0686
2015-11-25,47.1293
2015-11-24,47.3629
2015-11-23,47.0173
2015-11-20,47.4402
2015-11-19,47.2827
2015-11-18,46.8308
2015-11-17,45.7175
2015-11-16,45.8456
2015-11-13,45.2715
2015-11-12,46.1639
2015-11-11,46.268
2015-11-10,46.4436
2015-11-09,47.4705
2015-11-06,47.6049
2015-11-05,47.5629
2015-11-04,47.8558
2015-11-03,48.0103
2015-11-02,47.602
2015-10-30,47.1049
2015-10-29,47.3777
2015-10-28,47.006
2015-10-27,45.5806
2015-10-26,45.7691
2015-10-23,46.7658
2015-10-22,45.6622
2015-10-21,45.1147
2015-10-20,45.1173
2015-10-19,44.4744
2015-10-16,44.2557
2015-10-15,44.4617
2015-10-14,43.9419
2015-10-13,44.3353
2015-10-12,44.2759
2015-10-09,44.4043
2015-10-08,43.5885
2015-10-07,43.9001
2015-10-06,44.0291
2015-10-05,43.8658
2015-10-02,43.7431
2015-10-01,43.4987
2015-09-30,43.6677
2015-09-29,43.292
2015-09-28,44.0855
2015-09-25,44.6294
2015-09-24,44.6991
2015-09-23,44.4978
2015-09-22,44.2258
2015-09-21,44.652
2015-09-18,44.1337
2015-09-17,44.2432
2015-09-16,44.8267
2015-09-15,44.7891
2015-09-14,44.5095
2015-09-11,44.1922
2015-09-10,43.7172
2015-09-09,43.0085
2015-09-08,43.4924
2015-09-04,42.5925
2015-09-03,42.8369
2015-09-02,43.2771
2015-09-01,41.8905
2015-08-31,43.0265
2015-08-28,43.1483
2015-08-27,43.0368
2015-08-26,42.055
2015-08-25,40.1747
2015-08-24,39.9737
2015-08-21,40.5478
2015-08-20,42.1106
2015-08-19,42.6682
2015-08-18,43.0243
2015-08-17,43.1823
2015-08-14,42.8042
2015-08-13,42.5486
2015-08-12,42.5695
2015-08-11,42.0208
2015-08-10,43.4852
2015-08-07,42.1394
2015-08-06,42.0124
2015-08-05,42.0757
2015-08-04,41.8316
2015-08-03,42.7228
2015-07-31,43.412
2015-07-30,43.6729
2015-07-29,43.8241
2015-07-28,43.9187
2015-07-27,43.7305
2015-07-24,44.1464
2015-07-23,44.3055
2015-07-22,44.3199
2015-07-21,45.6721
2015-07-20,46.0038
2015-07-17,45.2735
2015-07-16,44.9395
2015-07-15,44.4282
2015-07-14,44.06
2015-07-13,44.072
2015-07-10,43.3482
2015-07-09,42.3521
2015-07-08,42.9342
2015-07-07,43.6758
2015-07-06,43.7501
2015-07-02,43.855
2015-07-01,43.8929
2015-06-30,43.5383
2015-06-29,43.2679
2015-06-26,43.7828
2015-06-25,43.9577
2015-06-24,44.0996
2015-06-23,43.7815
2015-06-22,43.9144
2015-06-19,43.6195
2015-06-18,43.9091
2015-06-17,43.7415
2015-06-16,43.8086
2015-06-15,43.6147
2015-06-12,43.6695
2015-06-11,43.9805
2015-06-10,44.0439
2015-06-09,43.6389
2015-06-08,43.7204
2015-06-05,43.9021
2015-06-04,44.0535
2015-06-03,44.215
2015-06-02,44.1724
2015-06-01,44.2929
2015-05-29,44.2261
2015-05-28,44.5372
2015-05-27,44.5921
2015-05-26,43.9667
2015-05-22,44.5663
2015-05-21,44.27
2015-05-20,43.9268
2015-05-19,43.9288
2015-05-18,43.9527
2015-05-15,43.5927
2015-05-14,43.6278
2015-05-13,42.8826
2015-05-12,42.8457
2015-05-11,42.9319
2015-05-08,43.1774
2015-05-07,42.5872
2015-05-06,42.5246
2015-05-05,42.6702
2015-05-04,43.2077
2015-05-01,43.2542
2015-04-30,42.3201
2015-04-29,42.9631
2015-04-28,43.3216
2015-04-27,43.7147
2015-04-24,43.1355
2015-04-23,42.9859
2015-04-22,42.7293
2015-04-21,42.3107
2015-04-20,42.4346
2015-04-17,41.7369
2015-04-16,41.9879
2015-04-15,42.0956
2015-04-14,41.9797
2015-04-13,42.0752
2015-04-10,42.1184
2015-04-09,41.9912
2015-04-08,41.766
2015-04-07,41.8347
2015-04-06,42.0584
2015-04-02,41.5899
2015-04-01,41.3424
2015-03-31,41.3716
2015-03-30,41.6857
2015-03-27,40.9722
2015-03-26,41.1303
2015-03-25,40.9343
2015-03-24,41.4603
2015-03-23,41.5433
2015-03-20,41.2499
2015-03-19,41.501
2015-03-18,41.6544
2015-03-17,41.3395
2015-03-16,40.8778
2015-03-13,40.5765
2015-03-12,40.7064
2015-03-11,40.2197
2015-03-10,40.5582
2015-03-09,40.9536
2015-03-06,40.8364
2015-03-05,40.7954
2015-03-04,41.1113
2015-03-03,41.2329
2015-03-02,41.1762
2015-02-27,41.0447
2015-02-26,41.3285
2015-02-25,40.9927
2015-02-24,41.4816
2015-02-23,41.6022
2015-02-20,40.8836
2015-02-19,40.6681
2015-02-18,40.7054
2015-02-17,40.5253
2015-02-13,40.3733
2015-02-12,40.2484
2015-02-11,39.9308
2015-02-10,39.3532
2015-02-09,38.8854
2015-02-06,38.7246
2015-02-05,38.854
2015-02-04,38.7778
2015-02-03,38.5965
2015-02-02,38.5925
2015-01-30,38.3032
2015-01-29,38.5158
2015-01-28,37.8105
2015-01-27,36.5726
2015-01-26,37.0411
2015-01-23,37.0169
2015-01-22,36.9008
2015-01-21,36.33
2015-01-20,36.1635
2015-01-16,35.6152
2015-01-15,35.7075
2015-01-14,36.0395
2015-01-13,36.0864
2015-01-12,35.896
2015-01-09,36.1997
2015-01-08,36.1765
2015-01-07,35.3721
2015-01-06,35.0806
2015-01-05,35.0787
2015-01-02,35.4022
2014-12-31,35.5128
2014-12-30,35.7379
2014-12-29,35.8842
2014-12-26,35.8926
2014-12-24,35.524
2014-12-23,35.5782
2014-12-22,35.6188
2014-12-19,35.4071
2014-12-18,35.4938
2014-12-17,34.9065
2014-12-16,34.4203
2014-12-15,34.5622
2014-12-12,34.7063
2014-12-11,34.8871
2014-12-10,34.9185
2014-12-09,35.1246
2014-12-08,34.8228
2014-12-05,35.067
2014-12-04,35.1129
2014-12-03,35.1538
2014-12-02,34.9319
2014-12-01,34.972
2014-11-28,35.3242
2014-11-26,35.3306
2014-11-25,35.0982
2014-11-24,35.1899
2014-11-21,34.8357
2014-11-20,34.8095
2014-11-19,34.5426
2014-11-18,34.611
2014-11-17,34.3729
2014-11-14,34.3888
2014-11-13,34.1728
2014-11-12,33.9241
2014-11-11,33.6793
2014-11-10,33.5425
2014-11-07,33.5567
2014-11-06,33.5087
2014-11-05,33.5211
2014-11-04,33.4816
2014-11-03,33.5423
2014-10-31,33.3331
2014-10-30,33.1814
2014-10-29,33.2078
2014-10-28,33.12
2014-10-27,32.8826
2014-10-24,32.8904
2014-10-23,32.8345
2014-10-22,32.5722
2014-10-21,32.4984
2014-10-20,32.1152
2014-10-17,31.8197
2014-10-16,31.6209
2014-10-15,31.7039
2014-10-14,31.7821
2014-10-13,31.8502
2014-10-10,31.9089
2014-10-09,31.9273
2014-10-08,31.8978
2014-10-07,31.6249
2014-10-06,31.6783
2014-10-03,31.6783
2014-10-02,31.6951
2014-10-01,31.6024
2014-09-30,31.6953
2014-09-29,31.6142
2014-09-26,31.6514
2014-09-25,31.2913
2014-09-24,31.5127
2014-09-23,31.5635
2014-09-22,31.3693
2014-09-19,31.3571
2014-09-18,31.403
2014-09-17,31.3778
2014-09-16,31.2923
2014-09-15,31.3336
2014-09-12,31.3352
2014-09-11,31.3087
2014-09-10,31.2595
2014-09-09,30.9164
2014-09-08,30.9352
2014-09-05,30.9659
2014-09-04,30.8712
2014-09-03,30.9117
2014-09-02,31.1266
2014-08-29,31.0395
2014-08-28,31.0125
2014-08-27,30.9997
2014-08-26,30.868
2014-08-25,30.8987
2014-08-22,30.8757
2014-08-21,30.7992
2014-08-20,30.7982
2014-08-19,30.7941
2014-08-18,30.6563
2014-08-15,30.5383
2014-08-14,30.4907
2014-08-13,30.4651
2014-08-12,30.3412
2014-08-11,30.342
2014-08-08,30.2221
2014-08-07,30.1973
2014-08-06,30.2169
2014-08-05,30.2234
2014-08-04,30.2422
2014-08-01,30.2637
2014-07-31,30.2156
2014-07-30,30.3152
2014-07-29,30.3241
2014-07-28,30.3487
2014-07-25,30.2305
2014-07-24,30.1748
2014-07-23,30.1808
2014-07-22,29.9695
2014-07-21,29.9031
2014-07-18,29.9208
2014-07-17,29.8088
2014-07-16,29.8684
2014-07-15,29.8873
2014-07-14,29.9265
2014-07-11,29.8272
2014-07-10,29.8124
2014-07-09,29.8244
2014-07-08,29.8213
2014-07-07,29.8417
2014-07-03,29.6922
2014-07-02,29.6502
2014-07-01,29.6514
2014-06-30,29.6071
2014-06-27,29.5364
2014-06-26,29.4566
2014-06-25,29.417
2014-06-24,29.4112
2014-06-23,29.4277
2014-06-20,29.43
2014-06-19,29.458
2014-06-18,29.4673
2014-06-17,29.4604
2014-06-16,29.4638
2014-06-13,29.4014
2014-06-12,29.4297
2014-06-11,29.4734
2014-06-10,29.4841
2014-06-09,29.4482
2014-06-06,59.6461
2014-06-05,59.8421
2014-06-04,59.6556
2014-06-03,59.1147
2014-06-02,58.4411
2014-05-30,58.9112
2014-05-29,59.1691
2014-05-28,58.306
2014-05-27,58.4804
2014-05-23,57.589
2014-05-22,57.0444
2014-05-21,56.9678
2014-05-20,56.8409
2014-05-19,56.8315
2014-05-16,56.272
2014-05-15,55.5724
2014-05-14,56.0887
2014-05-13,56.0799
2014-05-12,56.0061
2014-05-09,55.4252
2014-05-08,55.6696
2014-05-07,56.1039
2014-05-06,56.3124
2014-05-05,56.9723
2014-05-02,56.324
2014-05-01,56.2383
2014-04-30,56.1307
2014-04-29,56.3518
2014-04-28,56.5251
2014-04-25,54.7933
2014-04-24,54.4552
2014-04-23,50.6881
2014-04-22,51.3675
2014-04-21,51.3183
2014-04-17,50.7375
2014-04-16,50.1774
2014-04-15,50.0778
2014-04-14,50.4311
2014-04-11,50.2377
2014-04-10,50.6031
2014-04-09,51.2554
2014-04-08,50.6216
2014-04-07,50.6244
2014-04-04,51.4198
2014-04-03,52.0962
2014-04-02,52.4648
2014-04-01,52.385
2014-03-31,51.9492
2014-03-28,51.9607
2014-03-27,52.0177
2014-03-26,52.2372
2014-03-25,52.7319
2014-03-24,52.2334
2014-03-21,51.6836
2014-03-20,51.3176
2014-03-19,51.555
2014-03-18,51.5679
2014-03-17,51.1648
2014-03-14,50.9871
2014-03-13,51.5266
2014-03-12,52.0721
2014-03-11,52.0282
2014-03-10,51.5922
2014-03-07,51.5517
2014-03-06,51.5793
2014-03-05,51.7215
2014-03-04,51.6296
2014-03-03,51.3448
2014-02-28,51.2206
2014-02-27,51.3427
2014-02-26,50.4998
2014-02-25,50.8982
2014-02-24,51.3658
2014-02-21,51.1798
2014-02-20,51.6818
2014-02-19,52.2163
2014-02-18,52.968
2014-02-14,52.8119
2014-02-13,52.8501
2014-02-12,52.1882
2014-02-11,52.1916
2014-02-10,51.6466
2014-02-07,50.9066
2014-02-06,50.327
2014-02-05,50.3335
2014-02-04,50.027
2014-02-03,49.4368
2014-01-31,49.361
2014-01-30,49.2947
2014-01-29,49.3704
2014-01-28,49.82
2014-01-27,53.5117
2014-01-24,53.1658
2014-01-23,54.0749
2014-01-22,53.713
2014-01-21,53.5235
2014-01-17,52.866
2014-01-16,54.0908
2014-01-15,54.3764
2014-01-14,53.5193
2014-01-13,52.6638
2014-01-10,52.437
2014-01-09,52.758
2014-01-08,53.3856
2014-01-07,53.1133
2014-01-06,53.465
2014-01-03,53.2327
2014-01-02,54.3387
2013-12-31,55.0743
2013-12-30,54.5727
2013-12-27,55.0945
2013-12-26,55.4536
2013-12-24,55.8099
2013-12-23,56.0388
2013-12-20,54.4282
2013-12-19,54.0677
2013-12-18,54.6601
2013-12-17,55.0595
2013-12-16,55.2975
2013-12-13,55.0623
2013-12-12,55.639
2013-12-11,55.7165
2013-12-10,56.1121
2013-12-09,56.195
2013-12-06,55.723
2013-12-05,56.4636
2013-12-04,56.2517
2013-12-03,56.3755
2013-12-02,55.2629
2013-11-29,55.714
2013-11-27,54.9536
2013-11-26,53.9818
2013-11-25,53.2133
2013-11-22,52.8956
2013-11-21,53.0164
2013-11-20,52.5233
2013-11-19,52.9311
2013-11-18,52.8578
2013-11-15,53.4272
2013-11-14,53.7125
2013-11-13,53.1239
2013-11-12,53.075
2013-11-11,53
2013-11-08,53.1321
2013-11-07,52.5069
2013-11-06,53.2413
2013-11-05,53.6405
2013-11-04,53.7551
2013-11-01,53.2442
2013-10-31,53.4768
2013-10-30,53.6673
2013-10-29,53.047
2013-10-28,54.2007
2013-10-25,53.9061
2013-10-24,54.4327
2013-10-23,53.9122
2013-10-22,53.5272
2013-10-21,53.6574
2013-10-18,52.7066
2013-10-17,52.366
2013-10-16,52.1027
2013-10-15,51.9135
2013-10-14,51.7086
2013-10-11,51.4583
2013-10-10,51.2121
2013-10-09,50.9756
2013-10-08,50.536
2013-10-07,51.0828
2013-10-04,50.7169
2013-10-03,50.7472
2013-10-02,51.2369
2013-10-01,51.1154
2013-09-30,50.2557
2013-09-27,50.7284
2013-09-26,51.0031
2013-09-25,50.6455
2013-09-24,51.2431
2013-09-23,51.3652
2013-09-20,49.5713
2013-09-19,49.9553
2013-09-18,49.35
2013-09-17,48.594
2013-09-16,48.1684
2013-09-13,49.3172
2013-09-12,49.9386
2013-09-11,49.5362
2013-09-10,51.764
2013-09-09,52.7699
2013-09-06,52.1349
2013-09-05,51.8974
2013-09-04,52.1948
2013-09-03,51.3795
2013-08-30,51.2685
2013-08-29,51.6523
2013-08-28,51.588
2013-08-27,51.4044
2013-08-26,52.6366
2013-08-23,52.4837
2013-08-22,52.6511
2013-08-21,52.6048
2013-08-20,52.506
2013-08-19,53.0725
2013-08-16,52.6624
2013-08-15,52.3254
2013-08-14,52.3747
2013-08-13,51.693
2013-08-12,49.9284
2013-08-09,48.8533
2013-08-08,49.3868
2013-08-07,49.712
2013-08-06,49.734
2013-08-05,50.0761
2013-08-02,49.5105
2013-08-01,49.0253
2013-07-31,48.68
2013-07-30,48.7423
2013-07-29,48.2839
2013-07-26,47.7146
2013-07-25,47.5051
2013-07-24,47.6577
2013-07-23,45.8128
2013-07-22,46.3631
2013-07-19,46.2444
2013-07-18,46.7575
2013-07-17,46.6328
2013-07-16,46.6229
2013-07-15,46.3888
2013-07-12,46.3101
2013-07-11,46.3665
2013-07-10,45.816
2013-07-09,45.9313
2013-07-08,45.3175
2013-07-05,45.4834
2013-07-03,45.7198
2013-07-02,45.5283
2013-07-01,44.7537
2013-06-28,43.6681
2013-06-27,43.4296
2013-06-26,43.7154
2013-06-25,44.0203
2013-06-24,44.0126
2013-06-21,44.7479
2013-06-20,44.9744
2013-06-19,45.3944
2013-06-18,45.9996
2013-06-17,46.0156
2013-06-14,45.8582
2013-06-13,46.2632
2013-06-12,45.9617
2013-06-11,46.3305
2013-06-10,46.4184
2013-06-07,46.6168
2013-06-06,46.3565
2013-06-05,46.8049
2013-06-04,47.0897
2013-06-03,47.1851
2013-05-31,47.111
2013-05-30,47.2339
2013-05-29,46.7395
2013-05-28,46.4766
2013-05-24,46.7179
2013-05-23,46.4948
2013-05-22,46.4368
2013-05-21,46.3127
2013-05-20,46.5187
2013-05-17,45.813
2013-05-16,45.8947
2013-05-15,45.4763
2013-05-14,46.4074
2013-05-13,47.0993
2013-05-10,46.972
2013-05-09,47.2136
2013-05-08,47.6651
2013-05-07,47.2994
2013-05-06,47.4293
2013-05-03,46.671
2013-05-02,46.3525
2013-05-01,45.9058
2013-04-30,46.1188
2013-04-29,45.2059
2013-04-26,44.2519
2013-04-25,43.5876
2013-04-24,43.3666
2013-04-23,43.4052
2013-04-22,42.8438
2013-04-19,42.2247
2013-04-18,42.3094
2013-04-17,42.9123
2013-04-16,44.274
2013-04-15,43.7926
2013-04-12,44.3836
2013-04-11,44.6552
2013-04-10,44.7366
2013-04-09,44.0906
2013-04-08,44.0334
2013-04-05,43.8107
2013-04-04,44.0714
2013-04-03,44.318
2013-04-02,44.1588
2013-04-01,44.0952
2013-03-28,44.8832
2013-03-27,45.4338
2013-03-26,45.9706
2013-03-25,46.1162
2013-03-22,46.0005
2013-03-21,45.3622
2013-03-20,45.3169
2013-03-19,45.4553
2013-03-18,45.5255
2013-03-15,44.6961
2013-03-14,43.9137
2013-03-13,43.6201
2013-03-12,43.6244
2013-03-11,44.1397
2013-03-08,43.7109
2013-03-07,43.6316
2013-03-06,43.2898
2013-03-05,43.5813
2013-03-04,42.8098
2013-03-01,43.3612
2013-02-28,43.949
2013-02-27,44.1207
2013-02-26,44.3589
2013-02-25,43.9388
2013-02-22,44.3694
2013-02-21,44.0475
2013-02-20,44.1962
2013-02-19,44.794
2013-02-15,44.8031
2013-02-14,45.1487
2013-02-13,45.1712
2013-02-12,45.2186
2013-02-11,45.8617
2013-02-08,45.5462
2013-02-07,45.1138
2013-02-06,44.411
2013-02-05,44.4366
2013-02-04,43.4218
2013-02-01,44.001
2013-01-31,44.0973
2013-01-30,44.1659
2013-01-29,44.2391
2013-01-28,43.6976
2013-01-25,43.0521
2013-01-24,43.5801
2013-01-23,46.9914
2013-01-22,46.3872
2013-01-18,46.0729
2013-01-17,46.2236
2013-01-16,46.4149
2013-01-15,45.0842
2013-01-14,45.9712
2013-01-11,47.045
2013-01-10,47.234
2013-01-09,46.8116
2013-01-08,47.2917
2013-01-07,47.1996
2013-01-04,47.3798
2013-01-03,48.2679
2013-01-02,48.6828
2012-12-31,47.5986
2012-12-28,46.0878
2012-12-27,46.4087
2012-12-26,46.2692
2012-12-24,46.6878
2012-12-21,46.6319
2012-12-20,46.7709
2012-12-19,47.0357
2012-12-18,47.4767
2012-12-17,46.4905
2012-12-14,45.8873
2012-12-13,47.0432
2012-12-12,47.5987
2012-12-11,47.7418
2012-12-10,46.9772
2012-12-07,47.1798
2012-12-06,48.0165
2012-12-05,47.4594
2012-12-04,49.7746
2012-12-03,50.4549
2012-11-30,50.3959
2012-11-29,50.6639
2012-11-28,50.2517
2012-11-27,50.3711
2012-11-26,50.6788
2012-11-23,49.52
2012-11-21,48.8736
2012-11-20,48.8216
2012-11-19,49.1249
2012-11-16,46.5265
2012-11-15,46.3799
2012-11-14,47.0791
2012-11-13,47.4577
2012-11-12,47.453
2012-11-09,47.7174
2012-11-08,47.0749
2012-11-07,48.3545
2012-11-06,50.0057
2012-11-05,50.1265
2012-11-02,49.5942
2012-11-01,50.9529
2012-10-31,50.8706
2012-10-26,51.4794
2012-10-25,51.8716
2012-10-24,52.3918
2012-10-23,52.1655
2012-10-22,53.6683
2012-10-19,52.0688
2012-10-18,53.802
2012-10-17,54.7494
2012-10-16,55.1654
2012-10-15,54.1647
2012-10-12,53.8221
2012-10-11,53.7126
2012-10-10,54.7327
2012-10-09,54.394
2012-10-08,54.5794
2012-10-05,55.7484
2012-10-04,56.9382
2012-10-03,57.3346
2012-10-02,56.6836
2012-10-01,56.5593
2012-09-28,57.2122
2012-09-27,58.4428
2012-09-26,57.4131
2012-09-25,58.152
2012-09-24,59.722
2012-09-21,60.5956
2012-09-20,60.5099
2012-09-19,60.8292
2012-09-18,60.8178
2012-09-17,60.6904
2012-09-14,60.1787
2012-09-13,59.6713
2012-09-12,58.8463
2012-09-11,58.2566
2012-09-10,58.4504
2012-09-07,60.079
2012-09-06,59.8179
2012-09-05,59.4374
2012-09-04,59.8779
2012-08-31,59.2644
2012-08-30,59.1773
2012-08-29,60.0672
2012-08-28,60.1917
2012-08-27,60.2733
2012-08-24,59.5037
2012-08-23,59.4668
2012-08-22,60.0383
2012-08-21,59.2423
2012-08-20,60.083
2012-08-17,59.0031
2012-08-16,58.2304
2012-08-15,57.8623
2012-08-14,57.9412
2012-08-13,57.8294
2012-08-10,57.2769
2012-08-09,57.212
2012-08-08,57.1543
2012-08-07,57.2469
2012-08-06,57.3899
2012-08-03,56.9441
2012-08-02,56.4229
2012-08-01,56.3581
2012-07-31,56.6945
2012-07-30,55.6508
2012-07-27,54.9767
2012-07-26,54.2599
2012-07-25,54.2674
2012-07-24,56.493
2012-07-23,56.7514
2012-07-20,56.7929
2012-07-19,57.684
2012-07-18,57.1486
2012-07-17,57.209
2012-07-16,57.2071
2012-07-13,57.0801
2012-07-12,56.682
2012-07-11,57.1602
2012-07-10,57.4884
2012-07-09,57.9837
2012-07-06,57.4721
2012-07-05,57.8254
2012-07-03,57.1491
2012-07-02,56.6993
2012-06-29,56.1357
2012-06-28,55.1209
2012-06-27,55.585
2012-06-26,55.4162
2012-06-25,55.3307
2012-06-22,56.2927
2012-06-21,55.9967
2012-06-20,56.6891
2012-06-19,56.833
2012-06-18,56.7268
2012-06-15,55.9602
2012-06-14,55.7872
2012-06-13,55.8398
2012-06-12,56.173
2012-06-11,55.8476
2012-06-08,56.6105
2012-06-07,56.0519
2012-06-06,56.035
2012-06-05,55.471
2012-06-04,55.5904
2012-06-01,55.3754
2012-05-31,56.7553
2012-05-30,56.876
2012-05-29,56.4365
2012-05-25,55.7914
2012-05-24,56.0408
2012-05-23,56.4732
2012-05-22,55.5936
2012-05-21,55.9486
2012-05-18,53.8575
2012-05-17,53.8392
2012-05-16,55.165
2012-05-15,55.7695
2012-05-14,56.2036
2012-05-11,56.9411
2012-05-10,57.2751
2012-05-09,57.1876
2012-05-08,57.1228
2012-05-07,57.2343
2012-05-04,56.9637
2012-05-03,58.397
2012-05-02,58.7644
2012-05-01,58.5253
2012-04-30,58.6872
2012-04-27,60.3876
2012-04-26,60.8186
2012-04-25,61.0297
2012-04-24,57.9032
2012-04-23,58.9791
2012-04-20,59.101
2012-04-19,60.499
2012-04-18,62.6185
2012-04-17,62.7602
2012-04-16,60.8541
2012-04-13,63.5892
2012-04-12,65.6298
2012-04-11,66.0401
2012-04-10,66.3081
2012-04-09,67.2477
2012-04-05,67.0966
2012-04-04,66.535
2012-04-03,67.1416
2012-04-02,66.4963
2012-03-30,65.292
2012-03-29,66.5722
2012-03-28,67.5592
2012-03-27,67.3654
2012-03-26,66.8977
2012-03-23,66.1988
2012-03-22,66.6179
2012-03-21,67.0214
2012-03-20,67.4644
2012-03-19,67.1626
2012-03-16,66.1699
2012-03-15,66.1692
2012-03-14,66.6807
2012-03-13,65.2603
2012-03-12,64.1256
2012-03-09,63.6266
2012-03-08,63.3919
2012-03-07,62.5416
2012-03-06,62.5088
2012-03-05,62.8764
2012-03-02,64.4315
2012-03-01,64.38
2012-02-29,64.2334
2012-02-28,63.7214
2012-02-27,63.0016
2012-02-24,62.7476
2012-02-23,62.2869
2012-02-22,62.0283
2012-02-21,62.2567
2012-02-17,61.2635
2012-02-16,61.2748
2012-02-15,60.9152
2012-02-14,62.4049
2012-02-13,61.8677
2012-02-10,61.132
2012-02-09,61.1118
2012-02-08,59.7437
2012-02-07,59.065
2012-02-06,58.6375
2012-02-03,58.2566
2012-02-02,57.8482
2012-02-01,57.9799
2012-01-31,58.0154
2012-01-30,57.709
2012-01-27,57.1983
2012-01-26,56.9603
2012-01-25,57.2015
2012-01-24,54.7485
2012-01-23,55.5895
2012-01-20,54.8928
2012-01-19,55.801
2012-01-18,55.9684
2012-01-17,55.5403
2012-01-13,55.0607
2012-01-12,55.2514
2012-01-11,55.3908
2012-01-10,55.4732
2012-01-09,55.3292
2012-01-06,55.4079
2012-01-05,54.9945
2012-01-04,54.5563
2012-01-03,54.3445
2011-12-30,53.7426
2011-12-29,53.7561
2011-12-28,53.517
2011-12-27,53.9502
2011-12-23,53.6446
2011-12-22,53.1852
2011-12-21,52.982
2011-12-20,52.9345
2011-12-19,51.5891
2011-12-16,51.4701
2011-12-15,51.2629
2011-12-14,51.3934
2011-12-13,52.3028
2011-12-12,52.6269
2011-12-09,52.8172
2011-12-08,52.5346
2011-12-07,52.3849
2011-12-06,52.5794
2011-12-05,52.7944
2011-12-02,52.4854
2011-12-01,52.3201
2011-11-30,51.7827
2011-11-29,50.9224
2011-11-28,51.2159
2011-11-25,49.9895
2011-11-23,50.3308
2011-11-22,51.2962
2011-11-21,50.5565
2011-11-18,51.1647
2011-11-17,51.4198
2011-11-16,52.1873
2011-11-15,52.6162
2011-11-14,51.6897
2011-11-11,52.2563
2011-11-10,52.3198
2011-11-09,53.3978
2011-11-08,54.6102
2011-11-07,53.9964
2011-11-04,54.0532
2011-11-03,54.3672
2011-11-02,53.8361
2011-11-01,53.7514
2011-10-31,54.6642
2011-10-28,54.6831
2011-10-27,54.6593
2011-10-26,54.2865
2011-10-25,54.0275
2011-10-24,54.8979
2011-10-21,53.7074
2011-10-20,53.9742
2011-10-19,54.3366
2011-10-18,57.0429
2011-10-17,56.8402
2011-10-14,57.0784
2011-10-13,55.8415
2011-10-12,55.2544
2011-10-11,55.0744
2011-10-10,53.9665
2011-10-07,52.027
2011-10-06,52.9057
2011-10-05,53.0087
2011-10-04,52.4092
2011-10-03,52.6521
2011-09-30,53.4367
2011-09-29,54.5443
2011-09-28,55.3348
2011-09-27,55.6136
2011-09-26,56.0999
2011-09-23,56.2406
2011-09-22,56.0009
2011-09-21,57.2941
2011-09-20,57.4609
2011-09-19,57.2899
2011-09-16,56.2247
2011-09-15,55.48
2011-09-14,55.113
2011-09-13,54.6397
2011-09-12,54.1612
2011-09-09,53.9082
2011-09-08,54.7177
2011-09-07,54.6965
2011-09-06,54.2729
2011-09-02,53.6907
2011-09-01,54.5339
2011-08-31,54.9994
2011-08-30,55.6378
2011-08-29,55.6358
2011-08-26,55.0018
2011-08-25,53.9975
2011-08-24,54.2968
2011-08-23,54.0323
2011-08-22,52.2107
2011-08-19,52.1658
2011-08-18,53.3775
2011-08-17,55.2004
2011-08-16,55.2056
2011-08-15,55.5845
2011-08-12,54.9133
2011-08-11,54.5649
2011-08-10,53.4824
2011-08-09,54.8154
2011-08-08,52.4506
2011-08-05,55.2601
2011-08-04,55.8038
2011-08-03,58.0977
2011-08-02,57.683
2011-08-01,58.9195
2011-07-29,58.2102
2011-07-28,58.4236
2011-07-27,58.5457
2011-07-26,60.2989
2011-07-25,59.7575
2011-07-22,59.1738
2011-07-21,58.4848
2011-07-20,58.4398
2011-07-19,57.2562
2011-07-18,56.8873
2011-07-15,55.7876
2011-07-14,54.8699
2011-07-13,54.9093
2011-07-12,54.3544
2011-07-11,54.3932
2011-07-08,55.2856
2011-07-07,54.9641
2011-07-06,54.2583
2011-07-05,53.9523
2011-07-01,53.1303
2011-06-30,52.0887
2011-06-29,51.8613
2011-06-28,52.0444
2011-06-27,51.5979
2011-06-24,50.7966
2011-06-23,51.5208
2011-06-22,50.2812
2011-06-21,50.6816
2011-06-20,49.1958
2011-06-17,49.9329
2011-06-16,50.6787
2011-06-15,50.923
2011-06-14,51.8078
2011-06-13,50.9416
2011-06-10,50.8368
2011-06-09,51.7105
2011-06-08,51.8289
2011-06-07,51.7998
2011-06-06,52.7467
2011-06-03,53.62
2011-06-02,54.0568
2011-06-01,53.9743
2011-05-31,54.3531
2011-05-27,52.8824
2011-05-26,52.5323
2011-05-25,52.8193
2011-05-24,52.1519
2011-05-23,52.5059
2011-05-20,52.6372
2011-05-19,53.4945
2011-05-18,53.4011
2011-05-17,52.8716
2011-05-16,52.4644
2011-05-13,53.6273
2011-05-12,54.6382
2011-05-11,54.7493
2011-05-10,55.1225
2011-05-09,54.8686
2011-05-06,54.7399
2011-05-05,54.7547
2011-05-04,55.218
2011-05-03,55.035
2011-05-02,54.7786
2011-04-29,55.4058
2011-04-28,54.9576
2011-04-27,55.5132
2011-04-26,55.5574
2011-04-25,55.9801
2011-04-21,55.6819
2011-04-20,54.5907
2011-04-19,53.9747
2011-04-18,53.1434
2011-04-15,52.5234
2011-04-14,53.3125
2011-04-13,53.9123
2011-04-12,53.3904
2011-04-11,53.1651
2011-04-08,53.8511
2011-04-07,54.3432
2011-04-06,54.3377
2011-04-05,54.475
2011-04-04,54.8464
2011-04-01,55.3941
2011-03-31,56.0432
2011-03-30,56.0634
2011-03-29,56.4461
2011-03-28,56.3803
2011-03-25,56.5593
2011-03-24,55.7284
2011-03-23,54.9785
2011-03-22,55.301
2011-03-21,55.0543
2011-03-18,53.9103
2011-03-17,54.5425
2011-03-16,53.9185
2011-03-15,56.4745
2011-03-14,57.9073
2011-03-11,57.7022
2011-03-10,56.9991
2011-03-09,58.0404
2011-03-08,58.642
2011-03-07,58.5903
2011-03-04,59.4431
2011-03-03,59.3876
2011-03-02,58.4356
2011-03-01,58.068
2011-02-28,58.7822
2011-02-25,58.122
2011-02-24,57.4159
2011-02-23,57.3808
2011-02-22,56.8387
2011-02-18,59.055
2011-02-17,60.5694
2011-02-16,61.5444
2011-02-15,61.1302
2011-02-14,61.0375
2011-02-11,60.7378
2011-02-10,60.4391
2011-02-09,61.161
2011-02-08,60.7818
2011-02-07,60.352
2011-02-04,59.6423
2011-02-03,59.2315
2011-02-02,59.4037
2011-02-01,59.5419
2011-01-31,58.7781
2011-01-28,58.339
2011-01-27,59.7298
2011-01-26,59.857
2011-01-25,59.5305
2011-01-24,58.9981
2011-01-21,57.4944
2011-01-20,58.6777
2011-01-19,59.9401
2011-01-18,60.3176
2011-01-14,61.9894
2011-01-13,61.6127
2011-01-12,61.4425
2011-01-11,61.0654
2011-01-10,61.2392
2011-01-07,60.3711
2011-01-06,60.0368
2011-01-05,60.0935
2011-01-04,59.7154
2011-01-03,59.4742
2010-12-31,58.4709
2010-12-30,58.6966
2010-12-29,59.031
2010-12-28,59.0678
2010-12-27,58.9566
2010-12-23,58.8053
2010-12-22,59.117
2010-12-21,58.9853
2010-12-20,58.71
2010-12-17,58.4888
2010-12-16,58.6131
2010-12-15,58.4916
2010-12-14,58.4822
2010-12-13,58.7443
2010-12-10,58.5965
2010-12-09,58.4901
2010-12-08,58.7233
2010-12-07,58.3558
2010-12-06,58.7144
2010-12-03,58.3605
2010-12-02,58.4906
2010-12-01,58.2637
2010-11-30,57.575
2010-11-29,58.6183
2010-11-26,58.3742
2010-11-24,58.3475
2010-11-23,57.5509
2010-11-22,58.3949
2010-11-19,57.5115
2010-11-18,57.8232
2010-11-17,56.7406
2010-11-16,56.9395
2010-11-15,57.9439
2010-11-12,58.1294
2010-11-11,59.7716
2010-11-10,60.0392
2010-11-09,59.7864
2010-11-08,60.2782
2010-11-05,60.0876
2010-11-04,60.3068
2010-11-03,59.6066
2010-11-02,59.158
2010-11-01,58.4704
2010-10-29,58.0384
2010-10-28,58.8452
2010-10-27,59.3417
2010-10-26,59.3838
2010-10-25,59.5341
2010-10-22,59.3575
2010-10-21,59.7437
2010-10-20,59.9339
2010-10-19,59.8035
2010-10-18,61.4236
2010-10-15,61.0231
2010-10-14,59.4335
2010-10-13,59.1456
2010-10-12,58.9328
2010-10-11,58.5076
2010-10-08,58.3343
2010-10-07,57.6765
2010-10-06,57.6724
2010-10-05,57.6386
2010-10-04,56.2127
2010-10-01,56.9273
2010-09-30,57.1553
2010-09-29,57.8303
2010-09-28,57.7607
2010-09-27,58.5679
2010-09-24,58.7864
2010-09-23,58.3339
2010-09-22,58.1774
2010-09-21,57.6418
2010-09-20,57.5688
2010-09-17,56.4884
2010-09-16,56.7066
2010-09-15,55.8122
2010-09-14,55.5027
2010-09-13,55.3565
2010-09-10,54.8336
2010-09-09,54.7845
2010-09-08,54.763
2010-09-07,54.0264
2010-09-03,54.1905
2010-09-02,53.2233
2010-09-01,52.9491
2010-08-31,51.8513
2010-08-30,51.7588
2010-08-27,51.6239
2010-08-26,51.4191
2010-08-25,51.8424
2010-08-24,51.3932
2010-08-23,52.3519
2010-08-20,52.9921
2010-08-19,53.0322
2010-08-18,53.5659
2010-08-17,53.4058
2010-08-16,52.7713
2010-08-13,53.0123
2010-08-12,53.4576
2010-08-11,53.2262
2010-08-10,54.7797
2010-08-09,55.1844
2010-08-06,54.9508
2010-08-05,55.2272
2010-08-04,55.4468
2010-08-03,55.3024
2010-08-02,55.2915
2010-07-30,54.6606
2010-07-29,54.8037
2010-07-28,55.2787
2010-07-27,55.8028
2010-07-26,55.1552
2010-07-23,55.2654
2010-07-22,55.1422
2010-07-21,54.4943
2010-07-20,54.1724
2010-07-19,53.2942
2010-07-16,53.9956
2010-07-15,54.2491
2010-07-14,54.4577
2010-07-13,54.3313
2010-07-12,55.2281
2010-07-09,55.6148
2010-07-08,55.4123
2010-07-07,55.5065
2010-07-06,54.1595
2010-07-02,53.927
2010-07-01,54.1749
2010-06-30,54.6677
2010-06-29,55.4271
2010-06-28,57.4941
2010-06-25,57.2861
2010-06-24,57.6878
2010-06-23,58.0329
2010-06-22,58.5398
2010-06-21,58.0766
2010-06-18,58.7661
2010-06-17,58.4907
2010-06-16,57.9072
2010-06-15,56.9262
2010-06-14,56.2032
2010-06-11,56.0993
2010-06-10,55.6942
2010-06-09,54.6853
2010-06-08,55.739
2010-06-07,56.0197
2010-06-04,56.905
2010-06-03,58.2017
2010-06-02,58.3544
2010-06-01,57.9438
2010-05-28,57.4175
2010-05-27,56.9408
2010-05-26,55.6542
2010-05-25,55.8528
2010-05-24,56.1277
2010-05-21,55.5026
2010-05-20,54.8484
2010-05-19,56.7652
2010-05-18,57.5214
2010-05-17,57.8745
2010-05-14,57.8194
2010-05-13,58.6824
2010-05-12,59.4035
2010-05-11,58.6523
2010-05-10,58.3054
2010-05-07,55.6664
2010-05-06,59.8245
2010-05-05,59.8278
2010-05-04,60.4206
2010-05-03,62.1559
2010-04-30,61.4033
2010-04-29,63.189
2010-04-28,62.1735
2010-04-27,62.2798
2010-04-26,64.12
2010-04-23,64.4561
2010-04-22,63.8408
2010-04-21,62.7804
2010-04-20,60.4639
2010-04-19,61.1021
2010-04-16,61.1872
2010-04-15,61.5782
2010-04-14,61.0546
2010-04-13,60.517
2010-04-12,60.4939
2010-04-09,60.4117
2010-04-08,60.1093
2010-04-07,60.2703
2010-04-06,60.0978
2010-04-05,59.9271
2010-04-01,59.5157
2010-03-31,59.3567
2010-03-30,59.5585
2010-03-29,58.9944
2010-03-26,58.7487
2010-03-25,58.0388
2010-03-24,58.6786
2010-03-23,58.5105
2010-03-22,57.9044
2010-03-19,57.4785
2010-03-18,58.0365
2010-03-17,57.9473
2010-03-16,58.0233
2010-03-15,57.9222
2010-03-12,58.5539
2010-03-11,58.3748
2010-03-10,58.2677
2010-03-09,57.9724
2010-03-08,57.3253
2010-03-05,57.3038
2010-03-04,55.9116
2010-03-03,55.672
2010-03-02,55.5889
2010-03-01,55.619
2010-02-26,54.8633
2010-02-25,54.4025
2010-02-24,54.1648
2010-02-23,53.523
2010-02-22,54.2246
2010-02-19,54.4887
2010-02-18,54.7536
2010-02-17,54.688
2010-02-16,54.8649
2010-02-12,54.3455
2010-02-11,54.0491
2010-02-10,53.427
2010-02-09,53.6443
2010-02-08,53.2818
2010-02-05,53.5502
2010-02-04,52.9531
2010-02-03,54.411
2010-02-02,53.8202
2010-02-01,53.6207
2010-01-29,53.1477
2010-01-28,54.6426
2010-01-27,56.514
2010-01-26,56.1779
2010-01-25,55.6781
2010-01-22,54.7281
2010-01-21,57.0759
2010-01-20,57.9469
2010-01-19,58.7524
2010-01-15,57.1312
2010-01-14,57.9982
2010-01-13,58.3036
2010-01-12,57.775
2010-01-11,58.3726
2010-01-08,58.844
2010-01-07,58.5961
2010-01-06,58.6936
2010-01-05,59.5511
2010-01-04,59.4875
2009-12-31,58.9212
2009-12-30,59.1479
2009-12-29,58.7079
2009-12-28,59.3331
2009-12-24,58.8893
2009-12-23,57.6538
2009-12-22,57.3355
2009-12-21,56.9434
2009-12-18,56.422
2009-12-17,55.7457
2009-12-16,56.5168
2009-12-15,56.3546
2009-12-14,57.0427
2009-12-11,56.6116
2009-12-10,57.0434
2009-12-09,57.3807
2009-12-08,55.8859
2009-12-07,55.7075
2009-12-04,56.7876
2009-12-03,57.5868
2009-12-02,57.54
2009-12-01,57.7267
2009-11-30,58.4729
2009-11-27,58.6465
2009-11-25,59.5734
2009-11-24,59.6382
2009-11-23,60.0104
2009-11-20,58.9609
2009-11-19,59.1129
2009-11-18,60.5407
2009-11-17,60.8182
2009-11-16,60.7548
2009-11-13,60.3811
2009-11-12,59.9551
2009-11-11,60.2838
2009-11-10,60.2376
2009-11-09,59.9778
2009-11-06,58.7277
2009-11-05,58.6721
2009-11-04,58.0911
2009-11-03,57.7145
2009-11-02,57.8544
2009-10-30,57.7076
2009-10-29,59.7026
2009-10-28,58.9965
2009-10-27,60.313
2009-10-26,61.7148
2009-10-23,62.1232
2009-10-22,62.4764
2009-10-21,62.4294
2009-10-20,61.3757
2009-10-19,59.7616
2009-10-16,59.4202
2009-10-15,60.1205
2009-10-14,60.3253
2009-10-13,60.0912
2009-10-12,60.3103
2009-10-09,60.2486
2009-10-08,60.0313
2009-10-07,60.2978
2009-10-06,60.255
2009-10-05,59.5381
2009-10-02,59.3334
2009-10-01,58.5876
2009-09-30,59.7941
2009-09-29,59.8022
2009-09-28,60.0105
2009-09-25,59.3234
2009-09-24,59.7128
2009-09-23,60.1658
2009-09-22,59.9834
2009-09-21,59.9013
2009-09-18,60.1667
2009-09-17,60.0844
2009-09-16,59.6135
2009-09-15,58.3969
2009-09-14,58.1289
2009-09-11,57.8376
2009-09-10,57.9399
2009-09-09,57.6768
2009-09-08,58.1306
2009-09-04,57.6477
2009-09-03,56.9421
2009-09-02,56.6818
2009-09-01,56.7111
2009-08-31,57.4348
2009-08-28,57.897
2009-08-27,57.7874
2009-08-26,57.414
2009-08-25,57.9087
2009-08-24,57.8472
2009-08-21,57.8866
2009-08-20,57.3679
2009-08-19,57.0544
2009-08-18,56.9457
2009-08-17,56.1379
2009-08-14,57.8911
2009-08-13,58.3023
2009-08-12,57.7388
2009-08-11,57.283
2009-08-10,57.7529
2009-08-07,57.9496
2009-08-06,57.6605
2009-08-05,57.9564
2009-08-04,58.0645
2009-08-03,58.2799
2009-07-31,57.7439
2009-07-30,57.6376
2009-07-29,57.1464
2009-07-28,57.1411
2009-07-27,57.1646
2009-07-24,57.1447
2009-07-23,56.7665
2009-07-22,56.5773
2009-07-21,55.6468
2009-07-20,55.9644
2009-07-17,55.7573
2009-07-16,54.9926
2009-07-15,54.8758
2009-07-14,54.0247
2009-07-13,54.04
2009-07-10,53.3249
2009-07-09,52.9148
2009-07-08,53.0987
2009-07-07,52.7547
2009-07-06,53.4391
2009-07-02,53.7423
2009-07-01,54.3507
2009-06-30,54.2778
2009-06-29,54.1944
2009-06-26,54.2945
2009-06-25,53.8311
2009-06-24,53.1679
2009-06-23,52.76
2009-06-22,53.4608
2009-06-19,53.906
2009-06-18,53.2484
2009-06-17,53.1933
2009-06-16,53.3531
2009-06-15,53.3062
2009-06-12,53.4863
2009-06-11,54.0991
2009-06-10,54.1609
2009-06-09,54.6703
2009-06-08,54.9042
2009-06-05,55.0735
2009-06-04,54.9174
2009-06-03,54.4475
2009-06-02,54.2002
2009-06-01,54.1766
2009-05-29,53.5773
2009-05-28,53.4513
2009-05-27,53.1074
2009-05-26,52.7188
2009-05-22,51.2601
2009-05-21,51.5798
2009-05-20,51.9021
2009-05-19,52.204
2009-05-18,52.0642
2009-05-15,51.319
2009-05-14,51.4181
2009-05-13,50.8038
2009-05-12,51.7265
2009-05-11,52.7166
2009-05-08,52.6504
2009-05-07,52.628
2009-05-06,53.2904
2009-05-05,53.3309
2009-05-04,53.2235
2009-05-01,52.4049
2009-04-30,52.1629
2009-04-29,52.0448
2009-04-28,51.8336
2009-04-27,51.9852
2009-04-24,51.8454
2009-04-23,52.1169
2009-04-22,51.4644
2009-04-21,51.5091
2009-04-20,51.2982
2009-04-17,51.8151
2009-04-16,51.4886
2009-04-15,50.851
2009-04-14,50.9676
2009-04-13,51.2997
2009-04-09,51.1926
2009-04-08,50.6552
2009-04-07,50.4358
2009-04-06,51.0228
2009-04-03,50.6171
2009-04-02,50.0711
2009-04-01,49.3922
2009-03-31,48.7799
2009-03-30,48.6714
2009-03-27,49.0568
2009-03-26,49.5539
2009-03-25,48.9811
2009-03-24,49.0365
2009-03-23,49.1711
2009-03-20,48.141
2009-03-19,48.1458
2009-03-18,48.1288
2009-03-17,47.8143
2009-03-16,47.0901
2009-03-13,47.1681
2009-03-12,47.2318
2009-03-11,46.6077
2009-03-10,45.9084
2009-03-09,44.9362
2009-03-06,45.2558
2009-03-05,45.7769
2009-03-04,46.1229
2009-03-03,45.634
2009-03-02,45.5589
2009-02-27,45.7583
2009-02-26,45.7377
2009-02-25,46.0217
2009-02-24,45.868
2009-02-23,45.3089
2009-02-20,45.9135
2009-02-19,45.8192
2009-02-18,46.3521
2009-02-17,46.375
2009-02-13,47.0411
2009-02-12,47.057
2009-02-11,46.6595
2009-02-10,46.8029
2009-02-09,47.4721
2009-02-06,47.0251
2009-02-05,46.4984
2009-02-04,46.0241
2009-02-03,45.9311
2009-02-02,45.6924
2009-01-30,45.4686
2009-01-29,45.8577
2009-01-28,46.0207
2009-01-27,45.4657
2009-01-26,45.2908
2009-01-23,45.086
2009-01-22,45.086
2009-01-21,44.2017
2009-01-20,43.4468
2009-01-16,43.9721
2009-01-15,44.1064
2009-01-14,44.3553
2009-01-13,44.6599
2009-01-12,44.7814
2009-01-09,45.0265
2009-01-08,45.2976
2009-01-07,45.0365
2009-01-06,45.291
2009-01-05,45.4886
2009-01-02,44.9045
2008-12-31,44.0679
2008-12-30,44.1835
2008-12-29,44.2226
2008-12-26,44.1002
2008-12-24,43.983
2008-12-23,44.1424
2008-12-22,44.0465
2008-12-19,44.5505
2008-12-18,44.4663
2008-12-17,44.4268
2008-12-16,45.1664
2008-12-15,45.0682
2008-12-12,45.4857
2008-12-11,45.0173
2008-12-10,45.3963
2008-12-09,45.6155
2008-12-08,45.5677
2008-12-05,44.7589
2008-12-04,44.3885
2008-12-03,44.9052
2008-12-02,44.4158
2008-12-01,43.9067
2008-11-28,44.3314
2008-11-26,44.5975
2008-11-25,43.9977
2008-11-24,44.2404
2008-11-21,42.7318
2008-11-20,42.421
2008-11-19,43.0631
2008-11-18,43.4697
2008-11-17,43.2101
2008-11-14,43.4444
2008-11-13,44.144
2008-11-12,43.2213
2008-11-11,43.7477
2008-11-10,43.874
2008-11-07,44.1422
2008-11-06,44.2398
2008-11-05,44.7176
2008-11-04,45.6106
2008-11-03,45.0412
2008-10-31,45.1143
2008-10-30,45.5148
2008-10-29,44.5989
2008-10-28,43.9319
2008-10-27,42.7824
2008-10-24,43.2641
2008-10-23,43.4731
2008-10-22,43.2737
2008-10-21,42.479
2008-10-20,43.2539
2008-10-17,43.1002
2008-10-16,43.6052
2008-10-15,43.0252
2008-10-14,43.7178
2008-10-13,44.4316
2008-10-10,42.4038
2008-10-09,41.1302
2008-10-08,41.2479
2008-10-07,41.1479
2008-10-06,42.1603
2008-10-03,41.9919
2008-10-02,42.3374
2008-10-01,43.3895
2008-09-30,43.9335
2008-09-29,42.6156
2008-09-26,45.5131
2008-09-25,46.0104
2008-09-24,45.4959
2008-09-23,45.1956
2008-09-22,45.7575
2008-09-19,47.1155
2008-09-18,46.0184
2008-09-17,44.9813
2008-09-16,46.6908
2008-09-15,46.7609
2008-09-12,48.0368
2008-09-11,48.6046
2008-09-10,48.4354
2008-09-09,48.4461
2008-09-08,49.4023
2008-09-05,49.7544
2008-09-04,49.9165
2008-09-03,50.8211
2008-09-02,50.7025
2008-08-29,51.2333
2008-08-28,51.9115
2008-08-27,52.0622
2008-08-26,51.9091
2008-08-25,51.7477
2008-08-22,52.4254
2008-08-21,52.0589
2008-08-20,52.3062
2008-08-19,51.9695
2008-08-18,52.2636
2008-08-15,52.3188
2008-08-14,52.8839
2008-08-13,52.8811
2008-08-12,52.5202
2008-08-11,52.072
2008-08-08,51.4985
2008-08-07,50.6264
2008-08-06,50.72
2008-08-05,50.198
2008-08-04,49.0835
2008-08-01,49.5921
2008-07-31,49.934
2008-07-30,50.0729
2008-07-29,49.6557
2008-07-28,49.2539
2008-07-25,50.401
2008-07-24,49.939
2008-07-23,51.0404
2008-07-22,50.4053
2008-07-21,51.0657
2008-07-18,50.8957
2008-07-17,51.9394
2008-07-16,52.0983
2008-07-15,51.6341
2008-07-14,52.3052
2008-07-11,52.1163
2008-07-10,52.7608
2008-07-09,52.4185
2008-07-08,53.2696
2008-07-07,52.639
2008-07-03,51.9013
2008-07-02,51.6141
2008-07-01,52.657
2008-06-30,51.5782
2008-06-27,52.0076
2008-06-26,51.7329
2008-06-25,53.2383
2008-06-24,52.6193
2008-06-23,52.6058
2008-06-20,52.9561
2008-06-19,53.9041
2008-06-18,53.59
2008-06-17,54.0444
2008-06-16,53.374
2008-06-13,52.7089
2008-06-12,52.8575
2008-06-11,54.1396
2008-06-10,54.9844
2008-06-09,54.3966
2008-06-06,55.1089
2008-06-05,55.7891
2008-06-04,55.1764
2008-06-03,55.2085
2008-06-02,55.338
2008-05-30,55.8085
2008-05-29,55.5174
2008-05-28,55.5737
2008-05-27,55.4928
2008-05-23,54.7524
2008-05-22,54.1612
2008-05-21,54.3557
2008-05-20,55.6954
2008-05-19,55.3705
2008-05-16,56.0821
2008-05-15,56.459
2008-05-14,55.9772
2008-05-13,56.6388
2008-05-12,56.3906
2008-05-09,55.7341
2008-05-08,56.0195
2008-05-07,55.6748
2008-05-06,56.3958
2008-05-05,56.1291
2008-05-02,55.6011
2008-05-01,55.4695
2008-04-30,54.6123
2008-04-29,54.8022
2008-04-28,54.4012
2008-04-25,54.0407
2008-04-24,53.9272
2008-04-23,53.048
2008-04-22,52.6502
2008-04-21,53.9901
2008-04-18,52.9293
2008-04-17,51.9198
2008-04-16,51.7964
2008-04-15,50.9569
2008-04-14,50.8614
2008-04-11,50.7601
2008-04-10,51.9886
2008-04-09,51.5009
2008-04-08,51.7351
2008-04-07,52.2475
2008-04-04,51.8122
2008-04-03,51.5836
2008-04-02,50.9377
2008-04-01,51.273
2008-03-31,50.316
2008-03-28,50.2374
2008-03-27,49.7944
2008-03-26,50.5712
2008-03-25,49.9151
2008-03-24,49.6801
2008-03-20,48.6503
2008-03-19,48.045
2008-03-18,48.5406
2008-03-17,47.504
2008-03-14,47.4834
2008-03-13,47.6891
2008-03-12,47.3649
2008-03-11,47.5666
2008-03-10,46.2517
2008-03-07,46.6387
2008-03-06,46.4098
2008-03-05,46.9474
2008-03-04,46.9671
2008-03-03,46.4735
2008-02-29,46.9662
2008-02-28,47.7104
2008-02-27,46.518
2008-02-26,45.8478
2008-02-25,45.936
2008-02-22,45.8871
2008-02-21,46.1946
2008-02-20,46.533
2008-02-19,46.2526
2008-02-15,46.6141
2008-02-14,47.0345
2008-02-13,47.3242
2008-02-12,46.5617
2008-02-11,47.2462
2008-02-08,46.5737
2008-02-07,45.8438
2008-02-06,45.9552
2008-02-05,47.0515
2008-02-04,47.3999
2008-02-01,47.7206
2008-01-31,47.9669
2008-01-30,47.4363
2008-01-29,47.3293
2008-01-28,47.0743
2008-01-25,47.0743
2008-01-24,47.9049
2008-01-23,48.4303
2008-01-22,51.0768
2008-01-18,52.0489
2008-01-17,51.9746
2008-01-16,51.7777
2008-01-15,53.4077
2008-01-14,55.19
2008-01-11,54.2449
2008-01-10,55.2547
2008-01-09,55.5196
2008-01-08,54.2367
2008-01-07,55.4788
2008-01-04,55.9572
2008-01-03,59.0711
2008-01-02,59.0575
2007-12-31,59.7675
2007-12-28,60.1542
2007-12-27,59.9696
2007-12-26,60.0527
2007-12-24,60.031
2007-12-21,59.3199
2007-12-20,58.3138
2007-12-19,57.6813
2007-12-18,57.6595
2007-12-17,57.9589
2007-12-14,59.2436
2007-12-13,59.5578
2007-12-12,59.4143
2007-12-11,59.0703
2007-12-10,60.3069
2007-12-07,60.3267
2007-12-06,59.6924
2007-12-05,59.0282
2007-12-04,58.1558
2007-12-03,58.008
2007-11-30,58.7343
2007-11-29,59.1863
2007-11-28,58.5657
2007-11-27,57.7195
2007-11-26,57.3581
2007-11-23,57.1981
2007-11-21,56.7036
2007-11-20,56.7858
2007-11-19,55.992
2007-11-16,56.5037
2007-11-15,56.164
2007-11-14,56.5426
2007-11-13,57.3568
2007-11-12,54.6355
2007-11-09,57.2266
2007-11-08,59.6626
2007-11-07,62.4882
2007-11-06,64.0091
2007-11-05,63.1005
2007-11-02,63.5792
2007-11-01,63.5095
2007-10-31,64.2199
2007-10-30,63.7481
2007-10-29,63.439
2007-10-26,63.3759
2007-10-25,63.0651
2007-10-24,63.9464
2007-10-23,64.0111
2007-10-22,62.0626
2007-10-19,61.3713
2007-10-18,62.2492
2007-10-17,62.1186
2007-10-16,61.562
2007-10-15,61.0979
2007-10-12,61.1749
2007-10-11,60.2652
2007-10-10,61.5614
2007-10-09,61.8705
2007-10-08,61.8849
2007-10-05,60.7174
2007-10-04,59.7327
2007-10-03,60.2146
2007-10-02,60.3667
2007-10-01,59.9679
2007-09-28,59.4186
2007-09-27,59.7098
2007-09-26,59.3788
2007-09-25,59.4935
2007-09-24,58.5461
2007-09-21,57.7211
2007-09-20,56.932
2007-09-19,57.0583
2007-09-18,57.0992
2007-09-17,56.5838
2007-09-14,56.6912
2007-09-13,56.361
2007-09-12,56.2893
2007-09-11,56.0112
2007-09-10,56.3295
2007-09-07,55.3114
2007-09-06,56.1615
2007-09-05,56.6269
2007-09-04,58.662
2007-08-31,57.5014
2007-08-30,57.0325
2007-08-29,56.5709
2007-08-28,54.9686
2007-08-27,56.5125
2007-08-24,57.4091
2007-08-23,56.4606
2007-08-22,56.8876
2007-08-21,55.7512
2007-08-20,54.4642
2007-08-17,54.425
2007-08-16,53.174
2007-08-15,54.0089
2007-08-14,55.2536
2007-08-13,56.4256
2007-08-10,55.7358
2007-08-09,56.1744
2007-08-08,58.6803
2007-08-07,59.0293
2007-08-06,59.1043
2007-08-03,58.293
2007-08-02,59.8985
2007-08-01,59.5443
2007-07-31,58.7601
2007-07-30,62.33
2007-07-27,63.2825
2007-07-26,64.1447
2007-07-25,62.0646
2007-07-24,61.4645
2007-07-23,65.2642
2007-07-20,65.2869
2007-07-19,64.3676
2007-07-18,63.893
2007-07-17,64.249
2007-07-16,64.0456
2007-07-13,63.9529
2007-07-12,63.019
2007-07-11,62.5785
2007-07-10,62.568
2007-07-09,62.0349
2007-07-06,62.8998
2007-07-05,63.0987
2007-07-03,61.6079
2007-07-02,59.9097
2007-06-29,60.258
2007-06-28,59.8192
2007-06-27,60.4126
2007-06-26,59.7468
2007-06-25,60.9658
2007-06-22,61.2694
2007-06-21,61.6842
2007-06-20,61.0018
2007-06-19,61.9831
2007-06-18,62.6593
2007-06-15,61.3182
2007-06-14,60.7866
2007-06-13,60.4018
2007-06-12,61.7848
2007-06-11,61.7276
2007-06-08,63.8708
2007-06-07,63.7488
2007-06-06,63.6249
2007-06-05,63.3444
2007-06-04,62.9538
2007-06-01,62.0789
2007-05-31,63.4929
2007-05-30,62.7646
2007-05-29,61.3717
2007-05-25,61.1339
2007-05-24,60.1597
2007-05-23,61.3019
2007-05-22,61.6443
2007-05-21,61.1285
2007-05-18,60.4673
2007-05-17,60.2693
2007-05-16,59.5429
2007-05-15,59.6354
2007-05-14,60.5881
2007-05-11,60.3769
2007-05-10,59.8966
2007-05-09,59.7379
2007-05-08,59.1038
2007-05-07,58.7004
2007-05-04,57.5701
2007-05-03,57.418
2007-05-02,57.4143
2007-05-01,57.0759
2007-04-30,57.2375
2007-04-27,57.2958
2007-04-26,56.9042
2007-04-25,55.601
2007-04-24,54.7838
2007-04-23,54.9119
2007-04-20,53.9077
2007-04-19,53.6259
2007-04-18,53.6863
2007-04-17,53.6664
2007-04-16,54.1629
2007-04-13,53.6956
2007-04-12,54.5986
2007-04-11,54.7857
2007-04-10,55.5681
2007-04-09,55.3399
2007-04-05,55.8272
2007-04-04,55.6733
2007-04-03,55.7812
2007-04-02,55.4655
2007-03-30,55.1897
2007-03-29,55.5765
2007-03-28,55.3886
2007-03-27,56.4169
2007-03-26,56.5996
2007-03-23,55.7519
2007-03-22,55.9562
2007-03-21,55.9235
2007-03-20,55.0457
2007-03-19,54.9155
2007-03-16,54.3395
2007-03-15,54.332
2007-03-14,54.5227
2007-03-13,53.9271
2007-03-12,54.5772
2007-03-09,53.8656
2007-03-08,53.8788
2007-03-07,53.7742
2007-03-06,53.9776
2007-03-05,53.2813
2007-03-02,52.9383
2007-03-01,53.6453
2007-02-28,52.717
2007-02-27,52.4553
2007-02-26,54.5288
2007-02-23,54.7194
2007-02-22,54.9184
2007-02-21,54.8037
2007-02-20,53.5589
2007-02-16,53.1446
2007-02-15,53.3118
2007-02-14,53.3511
2007-02-13,53.1227
2007-02-12,53.2001
2007-02-09,52.5887
2007-02-08,53.8475
2007-02-07,53.8362
2007-02-06,53.0795
2007-02-05,52.9994
2007-02-02,53.3471
2007-02-01,53.3434
2007-01-31,53.7659
2007-01-30,53.6999
2007-01-29,53.8649
2007-01-26,53.6625
2007-01-25,54.027
2007-01-24,54.2156
2007-01-23,53.8613
2007-01-22,54.3148
2007-01-19,55.0346
2007-01-18,55.2763
2007-01-17,57.8723
2007-01-16,58.8731
2007-01-12,58.0445
2007-01-11,58.6007
2007-01-10,59.1714
2007-01-09,57.6644
2007-01-08,55.0307
2007-01-05,54.8663
2007-01-04,55.1563
2007-01-03,54.4292
2006-12-29,54.9221
2006-12-28,53.3247
2006-12-27,53.6327
2006-12-26,53.6287
2006-12-22,53.953
2006-12-21,54.2827
2006-12-20,55.1696
2006-12-19,55.9234
2006-12-18,55.5979
2006-12-15,56.7084
2006-12-14,57.1251
2006-12-13,57.3765
2006-12-12,56.2674
2006-12-11,57.5982
2006-12-08,57.411
2006-12-07,56.9424
2006-12-06,58.3971
2006-12-05,59.1695
2006-12-04,59.1137
2006-12-01,59.2205
2006-11-30,59.4011
2006-11-29,59.475
2006-11-28,59.4802
2006-11-27,58.6626
2006-11-24,59.7618
2006-11-22,59.2848
2006-11-21,58.6562
2006-11-20,57.8539
2006-11-17,57.6169
2006-11-16,57.5253
2006-11-15,56.9267
2006-11-14,57.4146
2006-11-13,57.1659
2006-11-10,56.6922
2006-11-09,56.8034
2006-11-08,56.4612
2006-11-07,55.7041
2006-11-06,55.3873
2006-11-03,54.8196
2006-11-02,55.1573
2006-11-01,55.2452
2006-10-31,56.1905
2006-10-30,55.9339
2006-10-27,55.93
2006-10-26,56.8097
2006-10-25,56.6162
2006-10-24,56.3771
2006-10-23,56.578
2006-10-20,56.0064
2006-10-19,55.6389
2006-10-18,53.8664
2006-10-17,53.768
2006-10-16,54.2984
2006-10-13,54.1451
2006-10-12,54.2589
2006-10-11,53.4395
2006-10-10,53.7116
2006-10-09,54.0972
2006-10-06,53.9335
2006-10-05,54.2184
2006-10-04,54.4751
2006-10-03,53.961
2006-10-02,54.3273
2006-09-29,55.3251
2006-09-28,55.3393
2006-09-27,55.1106
2006-09-26,55.6752
2006-09-25,54.9672
2006-09-22,53.8892
2006-09-21,54.6665
2006-09-20,54.9567
2006-09-19,54.371
2006-09-18,54.4275
2006-09-15,54.5255
2006-09-14,54.5579
2006-09-13,54.5717
2006-09-12,53.9698
2006-09-11,53.9197
2006-09-08,53.9287
2006-09-07,54.0527
2006-09-06,52.9934
2006-09-05,53.6342
2006-09-01,52.4164
2006-08-31,52.2039
2006-08-30,51.8464
2006-08-29,51.6533
2006-08-28,51.8678
2006-08-25,52.6337
2006-08-24,52.2631
2006-08-23,52.0656
2006-08-22,52.1981
2006-08-21,51.7826
2006-08-18,52.3564
2006-08-17,52.2322
2006-08-16,52.397
2006-08-15,51.8063
2006-08-14,50.815
2006-08-11,50.6991
2006-08-10,50.8711
2006-08-09,50.6817
2006-08-08,51.1657
2006-08-07,52.1727
2006-08-04,52.6327
2006-08-03,53.1822
2006-08-02,52.6396
2006-08-01,52.2643
2006-07-31,52.5927
2006-07-28,51.6793
2006-07-27,50.8124
2006-07-26,51.0069
2006-07-25,50.2278
2006-07-24,50.022
2006-07-21,49.7385
2006-07-20,49.6496
2006-07-19,46.9481
2006-07-18,46.4144
2006-07-17,46.1776
2006-07-14,45.4118
2006-07-13,46.0142
2006-07-12,46.2874
2006-07-11,47.3416
2006-07-10,47.0531
2006-07-07,47.2107
2006-07-06,47.3559
2006-07-05,47.8408
2006-07-03,48.2173
2006-06-30,47.9264
2006-06-29,48.602
2006-06-28,47.3264
2006-06-27,47.8888
2006-06-26,48.5204
2006-06-23,48.4513
2006-06-22,48.7547
2006-06-21,48.0157
2006-06-20,47.8469
2006-06-19,47.7305
2006-06-16,47.8715
2006-06-15,48.5897
2006-06-14,47.8362
2006-06-13,48.1203
2006-06-12,47.5507
2006-06-09,48.5505
2006-06-08,49.0529
2006-06-07,48.1119
2006-06-06,48.5805
2006-06-05,48.6929
2006-06-02,49.37
2006-06-01,49.5797
2006-05-31,48.5618
2006-05-30,49.1554
2006-05-26,50.1298
2006-05-25,50.4618
2006-05-24,50.0466
2006-05-23,49.9669
2006-05-22,50.0626
2006-05-19,50.5334
2006-05-18,49.9853
2006-05-17,50.8578
2006-05-16,50.7432
2006-05-15,51.9465
2006-05-12,51.9103
2006-05-11,52.1044
2006-05-10,53.1759
2006-05-09,53.3666
2006-05-08,53.7483
2006-05-05,53.7483
2006-05-04,53.46
2006-05-03,53.4643
2006-05-02,53.6714
2006-05-01,52.9115
2006-04-28,53.2497
2006-04-27,52.8608
2006-04-26,52.4004
2006-04-25,51.635
2006-04-24,51.4711
2006-04-21,52.0069
2006-04-20,52.2532
2006-04-19,51.49
2006-04-18,51.7256
2006-04-17,51.1788
2006-04-13,51.8632
2006-04-12,51.9631
2006-04-11,52.4953
2006-04-10,52.7796
2006-04-07,53.2498
2006-04-06,53.8648
2006-04-05,52.3505
2006-04-04,49.911
2006-04-03,50.5387
2006-03-31,50.5684
2006-03-30,50.5811
2006-03-29,50.4092
2006-03-28,48.8926
2006-03-27,49.222
2006-03-24,49.4073
2006-03-23,49.4893
2006-03-22,50.1108
2006-03-21,50.1687
2006-03-20,51.0774
2006-03-17,51.3605
2006-03-16,51.2207
2006-03-15,52.0329
2006-03-14,52.5009
2006-03-13,51.856
2006-03-10,50.853
2006-03-09,51.1666
2006-03-08,51.9075
2006-03-07,52.1886
2006-03-06,51.8591
2006-03-03,52.832
2006-03-02,53.6732
2006-03-01,53.4753
2006-02-28,53.2388
2006-02-27,54.3601
2006-02-24,54.574
2006-02-23,54.7055
2006-02-22,54.5447
2006-02-21,53.6971
2006-02-17,54.238
2006-02-16,54.3634
2006-02-15,53.8539
2006-02-14,53.2511
2006-02-13,52.0967
2006-02-10,53.2499
2006-02-09,52.3011
2006-02-08,54.0783
2006-02-07,53.5889
2006-02-06,53.4672
2006-02-03,55.6576
2006-02-02,55.7835
2006-02-01,57.4723
2006-01-31,57.519
2006-01-30,57.3243
2006-01-27,56.1663
2006-01-26,56.3191
2006-01-25,57.2809
2006-01-24,58.25
2006-01-23,59.1272
2006-01-20,58.5275
2006-01-19,60.1558
2006-01-18,62.164
2006-01-17,63.5127
2006-01-13,64.0579
2006-01-12,63.6012
2006-01-11,63.4628
2006-01-10,62.3615
2006-01-09,60.4964
2006-01-06,60.651
2006-01-05,59.8711
2006-01-04,60.2343
2006-01-03,60.145
2005-12-30,58.9595
2005-12-29,58.7727
2005-12-28,60.0769
2005-12-27,60.4907
2005-12-23,60.1282
2005-12-22,60.5469
2005-12-21,60.3347
2005-12-20,59.7619
2005-12-19,59.4575
2005-12-16,59.3449
2005-12-15,59.9988
2005-12-14,59.9293
2005-12-13,61.7843
2005-12-12,61.7567
2005-12-09,61.5288
2005-12-08,61.4305
2005-12-07,61.3797
2005-12-06,61.4413
2005-12-05,60.5685
2005-12-02,61.0655
2005-12-01,60.6591
2005-11-30,59.1082
2005-11-29,59.2796
2005-11-28,60.243
2005-11-25,60.1113
2005-11-23,59.1788
2005-11-22,58.9272
2005-11-21,58.254
2005-11-18,58.0795
2005-11-17,58.0622
2005-11-16,58.319
2005-11-15,57.1539
2005-11-14,56.7821
2005-11-11,56.835
2005-11-10,56.675
2005-11-09,56.1974
2005-11-08,56.1033
2005-11-07,56.2913
2005-11-04,56.8168
2005-11-03,57.2191
2005-11-02,56.3893
2005-11-01,55.2819
2005-10-31,55.333
2005-10-28,53.8696
2005-10-27,54.4012
2005-10-26,55.3329
2005-10-25,54.8939
2005-10-24,55.293
2005-10-21,54.7597
2005-10-20,55.0358
2005-10-19,54.4675
2005-10-18,53.1336
2005-10-17,53.8371
2005-10-14,54.1603
2005-10-13,54.0335
2005-10-12,51.7508
2005-10-11,53.1116
2005-10-10,52.4665
2005-10-07,53.017
2005-10-06,53.2549
2005-10-05,53.9016
2005-10-04,54.4898
2005-10-03,54.9119
2005-09-30,54.4921
2005-09-29,53.8412
2005-09-28,53.1834
2005-09-27,54.6268
2005-09-26,54.8767
2005-09-23,54.5473
2005-09-22,53.8702
2005-09-21,53.9989
2005-09-20,54.6635
2005-09-19,54.3804
2005-09-16,53.6352
2005-09-15,52.9218
2005-09-14,52.7822
2005-09-13,53.5131
2005-09-12,53.8671
2005-09-09,53.8202
2005-09-08,53.0158
2005-09-07,52.426
2005-09-06,52.4972
2005-09-02,51.0837
2005-09-01,51.1071
2005-08-31,51.4738
2005-08-30,51.2981
2005-08-29,50.8965
2005-08-26,50.8415
2005-08-25,51.0224
2005-08-24,50.8655
2005-08-23,50.8494
2005-08-22,50.9211
2005-08-19,50.9
2005-08-18,51.1557
2005-08-17,51.62
2005-08-16,51.1553
2005-08-15,51.9401
2005-08-12,51.1198
2005-08-11,49.9969
2005-08-10,49.6589
2005-08-09,49.8959
2005-08-08,49.2585
2005-08-05,49.4394
2005-08-04,49.2875
2005-08-03,49.556
2005-08-02,49.54
2005-08-01,49.3064
2005-07-29,49.2536
2005-07-28,49.8451
2005-07-27,49.9433
2005-07-26,49.7578
2005-07-25,49.8492
2005-07-22,49.9451
2005-07-21,49.5863
2005-07-20,49.7554
2005-07-19,49.5349
2005-07-18,48.6733
2005-07-15,48.7023
2005-07-14,48.2949
2005-07-13,47.0459
2005-07-12,46.9878
2005-07-11,46.9144
2005-07-08,46.9834
2005-07-07,46.6624
2005-07-06,46.5383
2005-07-05,46.8032
2005-07-01,46.0404
2005-06-30,46.1777
2005-06-29,45.9512
2005-06-28,46.3639
2005-06-27,46.2571
2005-06-24,46.5454
2005-06-23,47.0422
2005-06-22,46.8733
2005-06-21,46.5306
2005-06-20,46.4066
2005-06-17,46.7069
2005-06-16,46.5455
2005-06-15,46.1294
2005-06-14,45.5719
2005-06-13,45.5225
2005-06-10,45.4784
2005-06-09,46.2357
2005-06-08,45.8818
2005-06-07,45.6975
2005-06-06,46.2638
2005-06-03,46.3958
2005-06-02,47.1447
2005-06-01,47.2538
2005-05-31,47.0013
2005-05-27,47.3335
2005-05-26,47.408
2005-05-25,46.9669
2005-05-24,46.9302
2005-05-23,46.9544
2005-05-20,45.9404
2005-05-19,45.9404
2005-05-18,45.1452
2005-05-17,44.9201
2005-05-16,44.9925
2005-05-13,44.6299
2005-05-12,44.3319
2005-05-11,44.885
2005-05-10,45.1905
2005-05-09,45.3982
2005-05-06,45.4998
2005-05-05,45.2481
2005-05-04,45.4224
2005-05-03,45.003
2005-05-02,45.0832
2005-04-29,44.9196
2005-04-28,44.6904
2005-04-27,44.8361
2005-04-26,44.9209
2005-04-25,45.1997
2005-04-22,44.5616
2005-04-21,45.1382
2005-04-20,44.4308
2005-04-19,44.9874
2005-04-18,44.3452
2005-04-15,44.2268
2005-04-14,44.8957
2005-04-13,46.2667
2005-04-12,46.874
2005-04-11,46.5567
2005-04-08,47.2437
2005-04-07,47.1673
2005-04-06,46.6451
2005-04-05,46.4577
2005-04-04,46.117
2005-04-01,46.032
2005-03-31,46.3141
2005-03-30,46.7247
2005-03-29,46.2866
2005-03-28,46.5683
2005-03-24,46.5559
2005-03-23,46.5737
2005-03-22,46.6726
2005-03-21,46.9797
2005-03-18,46.6843
2005-03-17,46.4007
2005-03-16,45.9718
2005-03-15,45.8837
2005-03-14,45.6282
2005-03-11,45.6084
2005-03-10,45.4348
2005-03-09,45.246
2005-03-08,45.6302
2005-03-07,46.3634
2005-03-04,46.3833
2005-03-03,45.9923
2005-03-02,46.7638
2005-03-01,46.8904
2005-02-28,47.0101
2005-02-25,68.1053
2005-02-24,68.086
2005-02-23,67.8616
2005-02-22,66.894
2005-02-18,67.941
2005-02-17,68.6408
2005-02-16,70.3039
2005-02-15,69.7662
2005-02-14,68.5264
2005-02-11,67.3263
2005-02-10,66.2651
2005-02-09,66.5504
2005-02-08,68.203
2005-02-07,67.4775
2005-02-04,67.4399
2005-02-03,67.0523
2005-02-02,68.4785
2005-02-01,67.6935
2005-01-31,67.4528
2005-01-28,66.3007
2005-01-27,65.7499
2005-01-26,65.5879
2005-01-25,65.505
2005-01-24,64.9663
2005-01-21,64.8526
2005-01-20,64.84
2005-01-19,64.5979
2005-01-18,65.1878
2005-01-14,65.0029
2005-01-13,64.8386
2005-01-12,62.9709
2005-01-11,62.5626
2005-01-10,66.0893
2005-01-07,66.3333
2005-01-06,64.2135
2005-01-05,64.1898
2005-01-04,63.9243
2005-01-03,63.6144
2004-12-31,64.5519
2004-12-30,64.8931
2004-12-29,64.727
2004-12-28,64.6073
2004-12-27,64.1344
2004-12-23,64.8492
2004-12-22,64.7302
2004-12-21,64.7028
2004-12-20,64.26
2004-12-17,66.1839
2004-12-16,67.6016
2004-12-15,67.0198
2004-12-14,67.0466
2004-12-13,66.8807
2004-12-10,67.0918
2004-12-09,66.5871
2004-12-08,66.2736
2004-12-07,66.1007
2004-12-06,68.6844
2004-12-03,67.3283
2004-12-02,69.7695
2004-12-01,72.4205
2004-11-30,72.1197
2004-11-29,73.6128
2004-11-26,72.0072
2004-11-24,71.7887
2004-11-23,70.5226
2004-11-22,70.6129
2004-11-19,67.4234
2004-11-18,67.6822
2004-11-17,67.4063
2004-11-16,67.447
2004-11-15,67.8004
2004-11-12,68.1016
2004-11-11,67.9933
2004-11-10,67.6948
2004-11-09,67.3107
2004-11-08,67.6863
2004-11-05,68.0738
2004-11-04,67.9295
2004-11-03,68.9119
2004-11-02,67.946
2004-11-01,67.3636
2004-10-29,67.3356
2004-10-28,67.2188
2004-10-27,66.1395
2004-10-26,64.7221
2004-10-25,64.4565
2004-10-22,64.368
2004-10-21,64.9744
2004-10-20,64.6823
2004-10-19,64.6513
2004-10-18,65.0247
2004-10-15,63.6056
2004-10-14,63.2645
2004-10-13,59.4842
2004-10-12,58.2982
2004-10-11,58.6474
2004-10-08,59.1974
2004-10-07,59.8596
2004-10-06,61.0919
2004-10-05,60.0789
2004-10-04,59.6033
2004-10-01,59.5045
2004-09-30,59.6007
2004-09-29,59.5441
2004-09-28,59.0239
2004-09-27,58.6039
2004-09-24,58.4053
2004-09-23,58.3889
2004-09-22,58.1015
2004-09-21,59.3657
2004-09-20,59.1233
2004-09-17,58.6595
2004-09-16,58.0058
2004-09-15,57.0264
2004-09-14,57.3604
2004-09-13,57.4753
2004-09-10,57.7962
2004-09-09,57.6541
2004-09-08,58.3986
2004-09-07,57.9102
2004-09-03,57.4661
2004-09-02,57.9573
2004-09-01,58.1862
2004-08-31,57.0351
2004-08-30,56.7165
2004-08-27,56.9765
2004-08-26,57.3272
2004-08-25,55.9326
2004-08-24,54.9365
2004-08-23,54.1245
2004-08-20,53.8596
2004-08-19,53.7746
2004-08-18,54.9201
2004-08-17,54.1026
2004-08-16,54.0172
2004-08-13,54.0836
2004-08-12,53.6415
2004-08-11,54.3469
2004-08-10,54.9165
2004-08-09,53.7689
2004-08-06,53.2669
2004-08-05,55.1008
2004-08-04,55.5714
2004-08-03,55.0968
2004-08-02,55.4368
2004-07-30,56.3389
2004-07-29,56.6994
2004-07-28,56.3584
2004-07-27,56.5491
2004-07-26,55.4582
2004-07-23,54.922
2004-07-22,56.0919
2004-07-21,56.0352
2004-07-20,56.7372
2004-07-19,56.5233
2004-07-16,56.8013
2004-07-15,57.6926
2004-07-14,54.4448
2004-07-13,54.0697
2004-07-12,53.9863
2004-07-09,55.0874
2004-07-08,55.2253
2004-07-07,55.5379
2004-07-06,56.244
2004-07-02,56.4088
2004-07-01,57.9876
2004-06-30,58.3054
2004-06-29,58.2677
2004-06-28,58.2583
2004-06-25,59.8652
2004-06-24,59.3886
2004-06-23,60.095
2004-06-22,59.4522
2004-06-21,58.8238
2004-06-18,59.6157
2004-06-17,59.5227
2004-06-16,59.458
2004-06-15,57.4875
2004-06-14,56.911
2004-06-10,57.7544
2004-06-09,57.2076
2004-06-08,57.4119
2004-06-07,56.8628
2004-06-04,55.7862
2004-06-03,55.3794
2004-06-02,56.0783
2004-06-01,55.1516
2004-05-28,55.1516
2004-05-27,55.2979
2004-05-26,55.7503
2004-05-25,55.6446
2004-05-24,54.4935
2004-05-21,54.2408
2004-05-20,53.7991
2004-05-19,53.5326
2004-05-18,54.2947
2004-05-17,53.8315
2004-05-14,54.3771
2004-05-13,54.5465
2004-05-12,54.6892
2004-05-11,54.5178
2004-05-10,53.5837
2004-05-07,54.0824
2004-05-06,53.9845
2004-05-05,54.0733
2004-05-04,53.5224
2004-05-03,53.4465
2004-04-30,53.1326
2004-04-29,54.3714
2004-04-28,54.0284
2004-04-27,54.6512
2004-04-26,54.894
2004-04-23,55.6283
2004-04-22,55.7319
2004-04-21,55.6808
2004-04-20,55.6808
2004-04-19,56.4725
2004-04-16,57.557
2004-04-15,57.7157
2004-04-14,54.9932
2004-04-13,55.3781
2004-04-12,56.8865
2004-04-08,56.3456
2004-04-07,56.1105
2004-04-06,56.8267
2004-04-05,57.5116
2004-04-02,56.646
2004-04-01,56.226
2004-03-31,56.1506
2004-03-30,57.3818
2004-03-29,57.3713
2004-03-26,56.4457
2004-03-25,56.262
2004-03-24,54.7387
2004-03-23,54.4982
2004-03-22,55.2876
2004-03-19,55.2876
2004-03-18,55.075
2004-03-17,55.7937
2004-03-16,55.3836
2004-03-15,56.2635
2004-03-12,57.8672
2004-03-11,57.4234
2004-03-10,58.208
2004-03-09,57.5801
2004-03-08,56.3486
2004-03-05,57.4596
2004-03-04,55.6096
2004-03-03,54.0573
2004-03-02,53.9158
2004-03-01,54.2315
2004-02-27,54.1048
2004-02-26,52.9705
2004-02-25,52.6678
2004-02-24,52.0703
2004-02-23,51.843
2004-02-20,52.1455
2004-02-19,52.2461
2004-02-18,53.3971
2004-02-17,53.2681
2004-02-13,53.0623
2004-02-12,54.1394
2004-02-11,54.2439
2004-02-10,53.1959
2004-02-09,52.7873
2004-02-06,52.85
2004-02-05,52.4728
2004-02-04,51.6406
2004-02-03,52.3172
2004-02-02,52.4039
2004-01-30,52.7504
2004-01-29,52.9236
2004-01-28,52.7187
2004-01-27,53.5113
2004-01-26,53.4357
2004-01-23,52.8665
2004-01-22,52.3798
2004-01-21,52.9928
2004-01-20,53.1647
2004-01-16,53.1521
2004-01-15,53.3359
2004-01-14,55.3012
2004-01-13,55.2043
2004-01-12,54.731
2004-01-09,53.827
2004-01-08,54.357
2004-01-07,53.3851
2004-01-06,52.7381
2004-01-05,52.8543
2004-01-02,51.6819
2003-12-31,51.8109
2003-12-30,51.6915
2003-12-29,51.5198
2003-12-26,51.0293
2003-12-24,50.5338
2003-12-23,49.717
2003-12-22,49.7713
2003-12-19,49.567
2003-12-18,50.0235
2003-12-17,49.8081
2003-12-16,50.1289
2003-12-15,50.1956
2003-12-12,51.1657
2003-12-11,51.6046
2003-12-10,50.5147
2003-12-09,50.6099
2003-12-08,51.432
2003-12-05,51.1703
2003-12-04,51.5831
2003-12-03,51.4279
2003-12-02,52.131
2003-12-01,52.3673
2003-11-28,51.3399
2003-11-26,51.0919
2003-11-25,51.0399
2003-11-24,51.6792
2003-11-21,50.5439
2003-11-20,50.6726
2003-11-19,50.7331
2003-11-18,50.7203
2003-11-17,51.6895
2003-11-14,52.1417
2003-11-13,53.4891
2003-11-12,53.3773
2003-11-11,52.3824
2003-11-10,52.8916
2003-11-07,53.7537
2003-11-06,54.6653
2003-11-05,54.5545
2003-11-04,54.4075
2003-11-03,54.7583
2003-10-31,54.4433
2003-10-30,54.7335
2003-10-29,55.6139
2003-10-28,55.6583
2003-10-27,54.3126
2003-10-24,54.3126
2003-10-23,54.881
2003-10-22,54.6036
2003-10-21,55.2173
2003-10-20,55.2759
2003-10-17,54.7171
2003-10-16,55.4467
2003-10-15,57.8443
2003-10-14,57.5317
2003-10-13,57.2994
2003-10-10,56.5107
2003-10-09,56.2359
2003-10-08,55.7668
2003-10-07,56.0107
2003-10-06,54.8753
2003-10-03,54.119
2003-10-02,52.6524
2003-10-01,52.9817
2003-09-30,52.8889
2003-09-29,53.7595
2003-09-26,52.9531
2003-09-25,52.6044
2003-09-24,53.9599
2003-09-23,55.7331
2003-09-22,55.2743
2003-09-19,56.0966
2003-09-18,56.5967
2003-09-17,55.604
2003-09-16,56.0045
2003-09-15,55.8076
2003-09-12,57.3145
2003-09-11,56.6107
2003-09-10,56.1066
2003-09-09,56.4311
2003-09-08,57.0676
2003-09-05,56.7544
2003-09-04,57.3237
2003-09-03,57.5314
2003-09-02,57.4041
2003-08-29,57.0984
2003-08-28,56.5583
2003-08-27,55.6233
2003-08-26,55.0431
2003-08-25,54.7845
2003-08-22,54.8174
2003-08-21,56.151
2003-08-20,55.2483
2003-08-19,54.2889
2003-08-18,54.3223
2003-08-15,53.4283
2003-08-14,53.859
2003-08-13,54.2084
2003-08-12,53.5261
2003-08-11,53.4689
2003-08-08,53.4406
2003-08-07,53.9123
2003-08-06,53.4919
2003-08-05,54.7276
2003-08-04,56.1487
2003-08-01,55.487
2003-07-31,56.0981
2003-07-30,54.976
2003-07-29,55.7519
2003-07-28,56.2341
2003-07-25,57.2323
2003-07-24,55.7769
2003-07-23,56.2924
2003-07-22,56.3108
2003-07-21,56.0405
2003-07-18,56.494
2003-07-17,56.5686
2003-07-16,55.0934
2003-07-15,54.7089
2003-07-14,55.231
2003-07-11,55.158
2003-07-10,54.7634
2003-07-09,55.3167
2003-07-08,56.2422
2003-07-07,55.4758
2003-07-03,54.3711
2003-07-02,54.625
2003-07-01,54.3537
2003-06-30,54.3086
2003-06-27,53.812
2003-06-26,54.8129
2003-06-25,54.5138
2003-06-24,54.047
2003-06-23,54.5475
2003-06-20,54.7988
2003-06-19,54.7103
2003-06-18,54.681
2003-06-17,53.2908
2003-06-16,53.4303
2003-06-13,52.1109
2003-06-12,52.7198
2003-06-11,52.2144
2003-06-10,51.7839
2003-06-09,51.1546
2003-06-06,51.7721
2003-06-05,52.6281
2003-06-04,52.5648
2003-06-03,52.1048
2003-06-02,52.3474
2003-05-30,53.2236
2003-05-29,53.4895
2003-05-28,53.8088
2003-05-27,54.8904
2003-05-23,54.0367
2003-05-22,53.9134
2003-05-21,53.3087
2003-05-20,53.2152
2003-05-19,53.7659
2003-05-16,55.0392
2003-05-15,54.9335
2003-05-14,54.6623
2003-05-13,54.8803
2003-05-12,54.7164
2003-05-09,54.3282
2003-05-08,53.8766
2003-05-07,53.3437
2003-05-06,53.1138
2003-05-05,50.8611
2003-05-02,47.9833
2003-05-01,47.8173
2003-04-30,47.5595
2003-04-29,47.2647
2003-04-28,46.8954
2003-04-25,45.9395
2003-04-24,46.0844
2003-04-23,46.3094
2003-04-22,46.1793
2003-04-21,45.4883
2003-04-17,45.4509
2003-04-16,45.6372
2003-04-15,45.87
2003-04-14,46.1653
2003-04-11,45.4703
2003-04-10,47.3329
2003-04-09,47.0022
2003-04-08,47.428
2003-04-07,47.4936
2003-04-04,47.3495
2003-04-03,47.43
2003-04-02,47.6546
2003-04-01,46.8718
2003-03-31,46.8361
2003-03-28,47.5172
2003-03-27,47.3762
2003-03-26,47.2359
2003-03-25,47.4551
2003-03-24,47.1429
2003-03-21,48.1338
2003-03-20,47.9792
2003-03-19,48.0422
2003-03-18,48.1204
2003-03-17,48.1359
2003-03-14,47.7523
2003-03-13,47.6523
2003-03-12,46.8123
2003-03-11,46.8272
2003-03-10,47.0344
2003-03-07,47.271
2003-03-06,47.3152
2003-03-05,47.4029
2003-03-04,47.3062
2003-03-03,47.4357
2003-02-28,47.9557
2003-02-27,47.7193
2003-02-26,47.1489
2003-02-25,47.8962
2003-02-24,47.4522
2003-02-21,47.8269
2003-02-20,47.4636
2003-02-19,47.5777
2003-02-18,48.1795
2003-02-14,47.2356
2003-02-13,47.0286
2003-02-12,46.7902
2003-02-11,46.7269
2003-02-10,46.7269
2003-02-07,46.4145
2003-02-06,46.7948
2003-02-05,46.8219
2003-02-04,47.0244
2003-02-03,47.105
2003-01-31,46.6521
2003-01-30,46.5917
2003-01-29,46.9335
2003-01-28,46.9335
2003-01-27,46.2649
2003-01-24,45.7689
2003-01-23,46.2427
2003-01-22,45.8074
2003-01-21,45.9854
2003-01-17,46.0867
2003-01-16,46.7493
2003-01-15,46.4709
2003-01-14,46.6999
2003-01-13,46.7253
2003-01-10,46.8384
2003-01-09,46.7817
2003-01-08,46.5984
2003-01-07,46.968
2003-01-06,47.0296
2003-01-03,47.0296
2003-01-02,46.8931
2002-12-31,46.249
2002-12-30,45.8896
2002-12-27,45.8758
2002-12-26,46.2725
2002-12-24,46.2183
2002-12-23,46.3687
2002-12-20,45.8995
2002-12-19,45.9678
2002-12-18,46.3889
2002-12-17,46.9762
2002-12-16,46.6748
2002-12-13,46.5964
2002-12-12,47.053
2002-12-11,47.3978
2002-12-10,47.1293
2002-12-09,46.4462
2002-12-06,46.6715
2002-12-05,46.2586
2002-12-04,46.6384
2002-12-03,46.8512
2002-12-02,46.8735
2002-11-29,47.2294
2002-11-27,47.4748
2002-11-26,47.0914
2002-11-25,47.7142
2002-11-22,47.7589
2002-11-21,48.1382
2002-11-20,47.1358
2002-11-19,46.8132
2002-11-18,47.2303
2002-11-15,47.5615
2002-11-14,47.9499
2002-11-13,47.0821
2002-11-12,47.1369
2002-11-11,46.5456
2002-11-08,47.2874
2002-11-07,47.4636
2002-11-06,48.8372
2002-11-05,48.4498
2002-11-04,48.4377
2002-11-01,47.7959
2002-10-31,47.4415
2002-10-30,47.3317
2002-10-29,46.6696
2002-10-28,46.8531
2002-10-25,46.6208
2002-10-24,45.7183
2002-10-23,45.9183
2002-10-22,45.6955
2002-10-21,45.5226
2002-10-18,45.2515
2002-10-17,44.9681
2002-10-16,45.4236
2002-10-15,46.0392
2002-10-14,45.5645
2002-10-11,45.2465
2002-10-10,44.7675
2002-10-09,44.1221
2002-10-08,44.2106
2002-10-07,44.2888
2002-10-04,44.5423
2002-10-03,44.8059
2002-10-02,44.6497
2002-10-01,44.9792
2002-09-30,44.9674
2002-09-27,45.1788
2002-09-26,45.1556
2002-09-25,45.3743
2002-09-24,45.042
2002-09-23,45.2393
2002-09-20,45.258
2002-09-19,44.9314
2002-09-18,45.3377
2002-09-17,45.0919
2002-09-16,44.7566
2002-09-13,44.3868
2002-09-12,44.3532
2002-09-11,44.486
2002-09-10,44.5212
2002-09-09,44.5561
2002-09-06,44.5647
2002-09-05,44.351
2002-09-04,44.6064
2002-09-03,44.15
2002-08-30,44.7441
2002-08-29,44.6915
2002-08-28,44.6915
2002-08-27,44.817
2002-08-26,45.389
2002-08-23,45.5584
2002-08-22,45.7612
2002-08-21,45.8876
2002-08-20,45.6796
2002-08-19,45.7376
2002-08-16,45.5714
2002-08-15,45.3766
2002-08-14,44.9474
2002-08-13,44.3771
2002-08-12,44.6932
2002-08-09,44.7011
2002-08-08,44.9365
2002-08-07,44.6769
2002-08-06,44.3983
2002-08-05,43.6719
2002-08-02,44.0211
2002-08-01,44.2878
2002-07-31,44.6398
2002-07-30,44.77
2002-07-29,44.3827
2002-07-26,43.735
2002-07-25,43.7498
2002-07-24,44.3758
2002-07-23,43.6825
2002-07-22,44.0173
2002-07-19,44.047
2002-07-18,44.0691
2002-07-17,44.5407
2002-07-16,46.2481
2002-07-15,46.5411
2002-07-12,45.8712
2002-07-11,46.5034
2002-07-10,45.594
2002-07-09,45.759
2002-07-08,46.1369
2002-07-05,46.7178
2002-07-03,45.6127
2002-07-02,45.0342
2002-07-01,45.1277
2002-06-28,45.6436
2002-06-27,45.0214
2002-06-26,44.5357
2002-06-25,44.9909
2002-06-24,45.0914
2002-06-21,44.6962
2002-06-20,44.8942
2002-06-19,44.9018
2002-06-18,47.2962
2002-06-17,47.6198
2002-06-14,47.2164
2002-06-13,46.6993
2002-06-12,47.1484
2002-06-11,47.4524
2002-06-10,48.3022
2002-06-07,48.2302
2002-06-06,48.8703
2002-06-05,49.348
2002-06-04,49.3992
2002-06-03,49.5094
2002-05-31,49.8397
2002-05-30,50.6111
2002-05-29,50.4254
2002-05-28,50.4254
2002-05-24,50.5694
2002-05-23,51.4507
2002-05-22,50.7411
2002-05-21,50.0179
2002-05-20,51.1239
2002-05-17,51.361
2002-05-16,51.5364
2002-05-15,51.5974
2002-05-14,51.8841
2002-05-13,50.5061
2002-05-10,49.9796
2002-05-09,50.7293
2002-05-08,50.8856
2002-05-07,49.2512
2002-05-06,49.4054
2002-05-03,50.148
2002-05-02,50.3047
2002-05-01,50.5567
2002-04-30,50.8086
2002-04-29,50.5478
2002-04-26,49.7394
2002-04-25,50.6981
2002-04-24,50.3997
2002-04-23,50.8173
2002-04-22,51.0616
2002-04-19,51.4553
2002-04-18,51.8333
2002-04-17,52.4544
2002-04-16,52.1544
2002-04-15,51.5491
2002-04-12,51.6015
2002-04-11,51.4386
2002-04-10,51.2762
2002-04-09,50.8205
2002-04-08,51.21
2002-04-05,51.3626
2002-04-04,51.4975
2002-04-03,50.5733
2002-04-02,50.8402
2002-04-01,51.166
2002-03-28,50.5303
2002-03-27,50.3683
2002-03-26,50.3603
2002-03-25,50.2725
2002-03-22,50.8715
2002-03-21,51.0179
2002-03-20,51.5481
2002-03-19,51.4944
2002-03-18,51.4105
2002-03-15,51.579
2002-03-14,51.1868
2002-03-13,51.2342
2002-03-12,51.4149
2002-03-11,51.6817
2002-03-08,51.3879
2002-03-07,51.1822
2002-03-06,50.9547
2002-03-05,50.5574
2002-03-04,51.1346
2002-03-01,50.5164
2002-02-28,49.1908
2002-02-27,49.3854
2002-02-26,50.6911
2002-02-25,50.7999
2002-02-22,49.9873
2002-02-21,49.0212
2002-02-20,50.2853
2002-02-19,49.885
2002-02-15,50.9034
2002-02-14,51.4723
2002-02-13,51.808
2002-02-12,51.5792
2002-02-11,51.7983
2002-02-08,51.0744
2002-02-07,51.2911
2002-02-06,51.5881
2002-02-05,52.2193
2002-02-04,52.145
2002-02-01,51.4422
2002-01-31,51.69
2002-01-30,51.2172
2002-01-29,50.4397
2002-01-28,50.5962
2002-01-25,50.5811
2002-01-24,50.551
2002-01-23,50.409
2002-01-22,49.5023
2002-01-18,49.765
2002-01-17,49.9977
2002-01-16,48.6954
2002-01-15,49.3845
2002-01-14,48.957
2002-01-11,48.8793
2002-01-10,49.0123
2002-01-09,49.3222
2002-01-08,50.0384
2002-01-07,50.2566
2002-01-04,50.8547
2002-01-03,50.7739
2002-01-02,50.5693
2001-12-31,49.5304
2001-12-28,49.9236
2001-12-27,49.6549
2001-12-26,49.2202
2001-12-24,49.1227
2001-12-21,48.8535
2001-12-20,48.6067
2001-12-19,49.2844
2001-12-18,48.8309
2001-12-17,48.5397
2001-12-14,48.3681
2001-12-13,48.7953
2001-12-12,49.1404
2001-12-11,49.3449
2001-12-10,49.8835
2001-12-07,49.8835
2001-12-06,50.0526
2001-12-05,50.748
2001-12-04,49.7896
2001-12-03,48.8107
2001-11-30,48.9858
2001-11-29,48.34
2001-11-28,48.4159
2001-11-27,48.7393
2001-11-26,48.9944
2001-11-23,47.8776
2001-11-21,47.7592
2001-11-20,47.6488
2001-11-19,47.9632
2001-11-16,47.2074
2001-11-15,47.5259
2001-11-14,47.6319
2001-11-13,47.4578
2001-11-12,47.0073
2001-11-09,46.9783
2001-11-08,46.9783
2001-11-07,47.54
2001-11-06,47.5259
2001-11-05,47.174
2001-11-02,46.8211
2001-11-01,46.8334
2001-10-31,46.1062
2001-10-30,46.1304
2001-10-29,46.1485
2001-10-26,46.7759
2001-10-25,47.0929
2001-10-24,46.9285
2001-10-23,46.3721
2001-10-22,46.901
2001-10-19,46.4058
2001-10-18,46.1989
2001-10-17,45.4974
2001-10-16,46.0983
2001-10-15,46.0845
2001-10-12,46.0962
2001-10-11,45.9126
2001-10-10,45.284
2001-10-09,44.7171
2001-10-08,44.8292
2001-10-05,44.7881
2001-10-04,44.611
2001-10-03,43.9952
2001-10-02,44.0329
2001-10-01,44.2959
2001-09-28,44.2757
2001-09-27,44.2757
2001-09-26,44.0373
2001-09-25,44.2403
2001-09-24,44.7164
2001-09-21,44.2464
2001-09-20,44.2138
2001-09-19,44.9106
2001-09-18,44.4318
2001-09-17,44.8017
2001-09-10,45.0002
2001-09-07,44.943
2001-09-06,45.1703
2001-09-05,45.601
2001-09-04,45.4148
2001-08-31,45.5693
2001-08-30,45.1258
2001-08-29,45.1258
2001-08-28,45.4129
2001-08-27,45.6753
2001-08-24,45.4653
2001-08-23,45.0083
2001-08-22,45.2057
2001-08-21,45.0327
2001-08-20,45.13
2001-08-17,45.1006
2001-08-16,45.3794
2001-08-15,45.2581
2001-08-14,45.396
2001-08-13,45.5665
2001-08-10,45.5271
2001-08-09,45.5411
2001-08-08,45.4582
2001-08-07,45.6186
2001-08-06,45.5534
2001-08-03,45.7208
2001-08-02,45.8652
2001-08-01,45.4603
2001-07-31,45.3165
2001-07-30,45.378
2001-07-27,45.391
2001-07-26,45.1985
2001-07-25,45.1365
2001-07-24,45.3995
2001-07-23,45.5905
2001-07-20,45.7768
2001-07-19,45.7669
2001-07-18,46.1155
2001-07-17,47.9948
2001-07-16,47.4338
2001-07-13,47.8326
2001-07-12,47.5924
2001-07-11,46.6901
2001-07-10,45.9818
2001-07-09,46.6657
2001-07-06,46.3263
2001-07-05,46.8373
2001-07-03,47.1256
2001-07-02,47.1521
2001-06-29,46.8311
2001-06-28,46.9571
2001-06-27,46.8595
2001-06-26,47.0352
2001-06-25,47.1376
2001-06-22,46.3034
2001-06-21,46.3997
2001-06-20,46.0031
2001-06-19,45.2795
2001-06-18,45.3364
2001-06-15,45.3807
2001-06-14,45.1101
2001-06-13,45.3444
2001-06-12,45.2681
2001-06-11,45.1401
2001-06-08,45.6411
2001-06-07,45.7747
2001-06-06,45.3414
2001-06-05,45.4226
2001-06-04,45.2933
2001-06-01,45.3807
2001-05-31,44.951
2001-05-30,44.8734
2001-05-29,45.5051
2001-05-25,45.9944
2001-05-24,46.162
2001-05-23,46.1733
2001-05-22,46.2748
2001-05-21,46.2971
2001-05-18,46.2843
2001-05-17,46.2916
2001-05-16,46.4916
2001-05-15,46.106
2001-05-14,46.1453
2001-05-11,45.9626
2001-05-10,46.0153
2001-05-09,46.359
2001-05-08,46.5664
2001-05-07,46.7031
2001-05-04,46.9796
2001-05-03,46.667
2001-05-02,47.2359
2001-05-01,46.9768
2001-04-30,46.8044
2001-04-27,47.0488
2001-04-26,46.4601
2001-04-25,46.4703
2001-04-24,46.2023
2001-04-23,46.2755
2001-04-20,46.5372
2001-04-19,46.7627
2001-04-18,45.6394
2001-04-17,44.6971
2001-04-16,45.0334
2001-04-12,45.3517
2001-04-11,45.1087
2001-04-10,45.1857
2001-04-09,44.6005
2001-04-06,44.6163
2001-04-05,44.7036
2001-04-04,44.1743
2001-04-03,44.4016
2001-04-02,44.818
2001-03-30,44.9665
2001-03-29,45.1083
2001-03-28,44.9739
2001-03-27,45.1869
2001-03-26,44.7837
2001-03-23,45.1517
2001-03-22,44.6423
2001-03-21,44.0835
2001-03-20,43.9229
2001-03-19,44.1771
2001-03-16,43.8294
2001-03-15,43.8495
2001-03-14,44.0643
2001-03-13,43.7442
2001-03-12,43.4017
2001-03-09,43.8601
2001-03-08,44.0182
2001-03-07,44.142
2001-03-06,44.2119
2001-03-05,43.8136
2001-03-02,43.4172
2001-03-01,43.2402
2001-02-28,43.0639
2001-02-27,43.3626
2001-02-26,43.3972
2001-02-23,43.1589
2001-02-22,43.1589
2001-02-21,43.1744
2001-02-20,42.9854
2001-02-16,43.1605
2001-02-15,43.4297
2001-02-14,43.2446
2001-02-13,43.1195
2001-02-12,43.2611
2001-02-09,43.0761
2001-02-08,43.4774
2001-02-07,43.4774
2001-02-06,43.5676
2001-02-05,43.2745
2001-02-02,43.3776
2001-02-01,43.497
2001-01-31,43.6158
2001-01-30,43.6465
2001-01-29,43.6284
2001-01-26,42.984
2001-01-25,43.071
2001-01-24,43.1985
2001-01-23,43.1985
2001-01-22,42.8282
2001-01-19,42.8836
2001-01-18,42.6459
2001-01-17,42.0921
2001-01-16,42.1585
2001-01-12,42.1734
2001-01-11,42.3447
2001-01-10,41.9296
2001-01-09,42.0608
2001-01-08,41.8808
2001-01-05,41.8268
2001-01-04,41.9669
2001-01-03,41.7739
2001-01-02,41.3569
2000-12-29,41.3569
2000-12-28,41.3376
2000-12-27,41.3376
2000-12-26,41.305
2000-12-22,41.3637
2000-12-21,41.1126
2000-12-20,41.1721
2000-12-19,41.0719
2000-12-18,41.1175
2000-12-15,41.0683
2000-12-14,41.1364
2000-12-13,41.2361
2000-12-12,41.3033
2000-12-11,41.2559
2000-12-08,41.2237
2000-12-07,41.0394
2000-12-06,41.0394
2000-12-05,41.497
2000-12-04,41.4224
2000-12-01,41.4849
2000-11-30,41.3524
2000-11-29,41.5286
2000-11-28,41.6064
2000-11-27,41.715
2000-11-24,41.8166
2000-11-22,41.6328
2000-11-21,41.6827
2000-11-20,41.7034
2000-11-17,41.6061
2000-11-16,41.6844
2000-11-15,41.82
2000-11-14,41.879
2000-11-13,41.6906
2000-11-10,41.6246
2000-11-09,41.7953
2000-11-08,41.7681
2000-11-07,41.9547
2000-11-06,41.974
2000-11-03,42.0935
2000-11-02,42.1023
2000-11-01,41.739
2000-10-31,41.5504
2000-10-30,41.5006
2000-10-27,41.352
2000-10-26,41.3402
2000-10-25,41.3402
2000-10-24,41.3905
2000-10-23,41.5937
2000-10-20,41.4286
2000-10-19,41.3229
2000-10-18,41.4791
2000-10-17,41.4791
2000-10-16,41.6595
2000-10-13,41.7325
2000-10-12,41.3586
2000-10-11,41.2898
2000-10-10,41.4481
2000-10-09,41.5592
2000-10-06,41.6144
2000-10-05,41.5917
2000-10-04,41.7847
2000-10-03,41.5593
2000-10-02,41.7966
2000-09-29,41.9801
2000-09-28,45.6503
2000-09-27,44.8662
2000-09-26,45.2203
2000-09-25,45.5133
2000-09-22,45.2901
2000-09-21,45.93
2000-09-20,46.561
2000-09-19,46.3753
2000-09-18,46.479
2000-09-15,45.5702
2000-09-14,45.8013
2000-09-13,45.9627
2000-09-12,45.9214
2000-09-11,46.0176
2000-09-08,46.0786
2000-09-07,46.5113
2000-09-06,45.9379
2000-09-05,46.4923
2000-09-01,46.6316
2000-08-31,46.2329
2000-08-30,46.0029
2000-08-29,45.9536
2000-08-28,45.775
2000-08-25,45.578
2000-08-24,45.4682
2000-08-23,45.1867
2000-08-22,44.7758
2000-08-21,44.589
2000-08-18,44.511
2000-08-17,44.6905
2000-08-16,44.2359
2000-08-15,43.9552
2000-08-14,44
2000-08-11,44.0758
2000-08-10,44.0561
2000-08-09,44.0471
2000-08-08,43.9355
2000-08-07,44.0736
2000-08-04,43.9916
2000-08-03,44.0624
2000-08-02,43.9544
2000-08-01,44.1864
2000-07-31,44.3552
2000-07-28,44.0022
2000-07-27,44.4139
2000-07-26,44.1419
2000-07-25,44.1419
2000-07-24,43.9521
2000-07-21,44.4841
2000-07-20,44.6566
2000-07-19,44.3244
2000-07-18,44.8222
2000-07-17,44.9384
2000-07-14,44.8556
2000-07-13,44.6977
2000-07-12,44.9526
2000-07-11,44.6981
2000-07-10,44.7181
2000-07-07,44.3685
2000-07-06,44.0258
2000-07-05,44.0024
2000-07-03,44.1728
2000-06-30,44.0541
2000-06-29,43.9106
2000-06-28,44.2277
2000-06-27,43.8894
2000-06-26,44.1238
2000-06-23,43.8193
2000-06-22,44.0198
2000-06-21,44.2025
2000-06-20,49.0998
2000-06-19,48.5268
2000-06-16,47.8451
2000-06-15,47.9818
2000-06-14,47.74
2000-06-13,48.2067
2000-06-12,47.7948
2000-06-09,48.3189
2000-06-08,48.203
2000-06-07,48.403
2000-06-06,47.9521
2000-06-05,47.761
2000-06-02,47.9005
2000-06-01,47.4826
2000-05-31,46.8544
2000-05-30,47.2434
2000-05-26,47.098
2000-05-25,47.1954