Date,Open,High,Low,Close,Volume,Sentiment,Label,,Date,Sentiment
6/29/18,186.29,187.19,182.91,185.11,22737666,1.313,1,,6/29/18,1.313
6/28/18,184.1,186.21,183.8,185.5,17365235,0.409,1,,6/28/18,0.409
6/27/18,185.2278,187.28,184.03,184.16,25285328,1.13,0,,6/27/18,1.13
6/26/18,182.99,186.53,182.54,184.43,24569201,1.341,1,,6/26/18,1.341
6/25/18,183.4,184.92,180.73,182.17,31663096,0.804,0,,6/25/18,0.804
6/22/18,186.12,186.15,184.7,184.92,27200447,1.75,1,,6/24/18,1.75
6/21/18,187.25,188.35,184.94,185.46,25711898,2.222,1,,6/23/18,2.222
6/20/18,186.35,187.2,185.73,186.5,20628701,0.333,1,,6/22/18,0.333
6/19/18,185.14,186.33,183.45,185.69,33578455,1.321,0,,6/21/18,1.321
6/18/18,187.88,189.22,187.2,188.74,18484865,0.738,1,,6/20/18,0.738
6/15/18,190.03,190.16,188.26,188.84,61719160,0.623,0,,6/19/18,0.623
6/14/18,191.55,191.57,190.22,190.8,21610074,1.508,1,,6/18/18,1.508
6/13/18,192.42,192.88,190.44,190.7,21638393,1.75,0,,6/17/18,1.75
6/12/18,191.385,192.611,191.15,192.28,16911141,1.556,1,,6/16/18,1.556
6/11/18,191.35,191.97,190.21,191.23,18308460,1.121,0,,6/15/18,1.121
6/8/18,191.17,192,189.77,191.7,26656799,0.231,0,,6/14/18,0.231
6/7/18,194.14,194.2,192.335,193.46,21347180,1.056,1,,6/13/18,1.056
6/6/18,193.63,194.08,191.92,193.98,20933619,1.654,1,,6/12/18,1.654
6/5/18,193.065,193.94,192.36,193.31,21565963,0.469,0,,6/11/18,0.469
6/4/18,191.635,193.42,191.35,191.83,26266174,1.333,0,,6/10/18,1.333
6/1/18,187.9912,190.26,187.75,190.24,23442510,1.6,1,,6/9/18,1.6
5/31/18,187.22,188.23,186.14,186.87,27482793,-1.09,0,,6/8/18,-1.09
5/30/18,187.72,188,186.78,187.5,18690547,1.273,1,,6/7/18,1.273
5/29/18,187.6,188.75,186.87,187.9,22514075,0.774,0,,6/6/18,0.774
5/25/18,188.23,189.65,187.65,188.58,17460963,1.45,1,,6/5/18,1.45
5/24/18,188.77,188.84,186.21,188.15,23233975,2.193,0,,6/4/18,2.193
5/23/18,186.35,188.5,185.76,188.36,20058415,2.308,1,,6/3/18,2.308
5/22/18,188.375,188.88,186.78,187.16,15240704,2.833,1,,6/2/18,2.833
5/21/18,188,189.27,186.9106,187.63,18400787,1.725,0,,6/1/18,1.725
5/18/18,187.19,187.8102,186.13,186.31,18297728,1.333,1,,5/31/18,1.333
5/17/18,188,188.91,186.36,186.99,17294029,1.8,1,,5/30/18,1.8
5/16/18,186.07,188.46,186,188.18,19183064,1.7,0,,5/29/18,1.7
5/15/18,186.78,187.07,185.1,186.44,23695159,2.533,0,,5/28/18,2.533
5/14/18,189.01,189.53,187.86,188.15,20778772,1.556,1,,5/27/18,1.556
5/11/18,189.49,190.06,187.45,188.59,26212221,1.4,0,,5/26/18,1.4
5/10/18,187.74,190.37,187.65,190.04,27989289,0.781,0,,5/25/18,0.781
5/9/18,186.55,187.4,185.22,187.36,23211241,1.277,1,,5/24/18,1.277
5/8/18,184.99,186.22,183.665,186.05,28402777,1.357,0,,5/23/18,1.357
5/7/18,185.18,187.67,184.75,185.16,42451423,2,0,,5/22/18,2
5/4/18,178.25,184.25,178.17,183.83,56201317,2.167,0,,5/21/18,2.167
5/3/18,175.88,177.5,174.4411,176.89,34068180,1.286,1,,5/20/18,1.286
5/2/18,175.225,177.75,173.8,176.57,66539371,1,0,,5/19/18,1
5/1/18,166.4102,169.2,165.27,169.1,53569376,1.55,1,,5/18/18,1.55
4/30/18,162.1302,167.26,161.84,165.26,42427424,0.813,1,,5/17/18,0.813
4/27/18,164,164.33,160.63,162.32,35655839,0.69,1,,5/16/18,0.69
4/26/18,164.12,165.73,163.37,164.22,27963014,1.226,1,,5/15/18,1.226
4/25/18,162.62,165.42,162.41,163.65,28382084,1.31,0,,5/14/18,1.31
4/24/18,165.67,166.33,161.2201,162.94,33692017,1,0,,5/13/18,1
4/23/18,166.8348,166.92,164.09,165.24,36515477,0.769,0,,5/12/18,0.769
4/20/18,170.595,171.2184,165.43,165.72,65491140,1.652,0,,5/11/18,1.652
4/19/18,174.95,175.39,172.66,172.8,34808800,0.875,1,,5/10/18,0.875
4/18/18,177.81,178.82,176.88,177.84,20754538,1.524,1,,5/9/18,1.524
4/17/18,176.49,178.9365,176.41,178.24,26605442,1.286,0,,5/8/18,1.286
4/16/18,175.0301,176.19,174.8301,175.82,21578420,1.88,1,,5/7/18,1.88
4/13/18,174.78,175.84,173.85,174.73,25124255,1.606,0,,5/6/18,1.606
4/12/18,173.41,175,173.04,174.14,22889285,0.806,1,,5/5/18,0.806
4/11/18,172.23,173.9232,171.7,172.44,22431640,0.967,1,,5/4/18,0.967
4/10/18,173,174,171.53,173.25,28614241,1.778,0,,5/3/18,1.778
4/9/18,169.88,173.09,169.845,170.05,29017718,0.973,0,,5/2/18,0.973
4/6/18,170.97,172.48,168.2,168.38,35005290,-1.45,0,,5/1/18,-1.45
4/5/18,172.58,174.2304,172.08,172.8,26933197,-1.109,1,,4/30/18,-1.109
4/4/18,164.88,172.01,164.77,171.61,34605489,2,0,,4/29/18,2
4/3/18,167.64,168.7455,164.88,168.39,30278046,0.941,1,,4/28/18,0.941
4/2/18,167.88,168.94,164.47,166.68,37586791,1.075,0,,4/27/18,1.075
3/29/18,167.805,171.75,166.9,167.78,38398505,1.316,0,,4/26/18,1.316
3/28/18,167.25,170.02,165.19,166.48,41668545,0.757,0,,4/25/18,0.757
3/27/18,173.68,175.15,166.92,168.34,40922579,0.45,1,,4/24/18,0.45
3/26/18,168.07,173.1,166.44,172.77,37541236,0.333,1,,4/23/18,0.333
3/23/18,168.39,169.92,164.94,164.94,41028784,1.267,0,,4/22/18,1.267
3/22/18,170,172.68,168.6,168.85,41490767,0.5,0,,4/21/18,0.5
3/21/18,175.04,175.09,171.26,171.27,37054935,-1.772,1,,4/20/18,-1.772
3/20/18,175.24,176.8,174.94,175.24,19649350,0.532,1,,4/19/18,0.532
3/19/18,177.32,177.47,173.66,175.3,33446771,1.385,0,,4/18/18,1.385
3/16/18,178.65,179.12,177.62,178.02,39404688,2.111,0,,4/17/18,2.111
3/15/18,178.5,180.24,178.0701,178.65,22743798,0.429,1,,4/16/18,0.429
3/14/18,180.32,180.52,177.81,178.44,29368356,0.625,0,,4/15/18,0.625
3/13/18,182.59,183.5,179.24,179.97,31693529,0.375,0,,4/14/18,0.375
3/12/18,180.29,182.39,180.21,181.72,32207081,2,0,,4/13/18,2
3/9/18,177.96,180,177.39,179.98,32185162,1.444,1,,4/12/18,1.444
3/8/18,175.48,177.12,175.07,176.94,23774107,1.111,1,,4/11/18,1.111
3/7/18,174.94,175.85,174.27,175.03,31703462,1,0,,4/10/18,1
3/6/18,177.91,178.25,176.13,176.67,23788506,1.947,1,,4/9/18,1.947
3/5/18,175.21,177.74,174.52,176.82,28401366,1.857,0,,4/8/18,1.857
3/2/18,172.8,176.3,172.45,176.21,38453950,1.5,0,,4/7/18,1.5
3/1/18,178.54,179.775,172.66,175,48801970,1.31,0,,4/6/18,1.31
2/28/18,179.26,180.615,178.05,178.12,37782138,1.55,1,,4/5/18,1.55
2/27/18,179.1,180.48,178.16,178.39,38928125,1.638,0,,4/4/18,1.638
2/26/18,176.35,179.39,176.21,178.97,38162174,1.595,1,,4/3/18,1.595
2/23/18,173.67,175.65,173.54,175.5,33812360,0.757,1,,4/2/18,0.757
2/22/18,171.8,173.95,171.71,172.5,30991940,1.091,1,,4/1/18,1.091
2/21/18,172.83,174.12,171.01,171.07,37471623,1.25,0,,3/31/18,1.25
2/20/18,172.05,174.26,171.42,171.85,33930540,1.333,1,,3/30/18,1.333
2/16/18,172.36,174.82,171.77,172.43,40176091,1.235,0,,3/29/18,1.235
2/15/18,169.79,173.09,169,172.99,51147171,0.432,0,,3/28/18,0.432
2/14/18,163.045,167.54,162.88,167.37,40644933,1.308,1,,3/27/18,1.308
2/13/18,161.95,164.75,161.65,164.34,32549163,1.383,1,,3/26/18,1.383
2/12/18,158.5,163.89,157.51,162.71,60819539,1.5,0,,3/25/18,1.5
2/9/18,157.07,157.89,150.24,156.41,70672608,1.161,0,,3/24/18,1.161
2/8/18,160.29,161,155.03,155.15,54390516,0.535,1,,3/23/18,0.535
2/7/18,163.085,163.4,159.0685,159.54,51608580,0.846,1,,3/22/18,0.846
2/6/18,154.83,163.72,154,163.03,68243838,0.367,0,,3/21/18,0.367
2/5/18,159.1,163.88,156,156.49,72738522,1.696,0,,3/20/18,1.696
2/2/18,166,166.8,160.1,160.5,86593825,0.073,0,,3/19/18,0.073
2/1/18,167.165,168.62,166.76,167.78,47230787,-2.143,1,,3/18/18,-2.143
1/31/18,166.87,168.4417,166.5,167.43,32478930,0.889,1,,3/17/18,0.889
1/30/18,165.525,167.37,164.7,166.97,46048185,1.923,0,,3/16/18,1.923
1/29/18,170.16,170.16,167.07,167.96,50640406,0.042,0,,3/15/18,0.042
1/26/18,172,172,170.06,171.51,39143011,-1.273,1,,3/14/18,-1.273
1/25/18,174.505,174.95,170.53,171.11,41529004,1.519,0,,3/13/18,1.519
1/24/18,177.25,177.3,173.2,174.22,51105090,1.609,0,,3/12/18,1.609
1/23/18,177.3,179.44,176.82,177.04,32689146,0.75,1,,3/11/18,0.75
1/22/18,177.3,177.78,176.6016,177,27108551,1.111,1,,3/10/18,1.111
1/19/18,178.61,179.58,177.41,178.46,32425067,1.892,0,,3/9/18,1.892
1/18/18,179.37,180.1,178.25,179.26,31193352,-1.067,1,,3/8/18,-1.067
1/17/18,176.15,179.25,175.07,179.1,34386836,0.957,0,,3/7/18,0.957
1/16/18,177.9,179.39,176.14,176.19,29565947,-1.037,1,,3/6/18,-1.037
1/12/18,176.18,177.36,175.65,177.09,25418080,-1.521,1,,3/5/18,-1.521
1/11/18,174.59,175.4886,174.49,175.28,18667729,-1.133,1,,3/4/18,-1.133
1/10/18,173.16,174.3,173,174.29,23959895,2,0,,3/3/18,2
1/9/18,174.55,175.06,173.41,174.33,21583997,1.05,1,,3/2/18,1.05
1/8/18,174.35,175.61,173.93,174.35,20567766,0.2,1,,3/1/18,0.2
1/5/18,173.44,175.37,173.05,175,23660018,0.763,0,,2/28/18,0.763
1/4/18,172.54,173.47,172.08,173.03,22434597,0.731,1,,2/27/18,0.731
1/3/18,172.53,174.55,171.96,172.23,29517899,0.986,0,,2/26/18,0.986
1/2/18,170.16,172.3,169.26,172.26,25555934,-1.452,1,,2/25/18,-1.452
12/29/17,170.52,170.59,169.22,169.23,25999922,0.325,0,,2/24/18,0.325
12/28/17,171,171.85,170.48,171.08,16480187,-1.538,1,,2/23/18,-1.538
12/27/17,170.1,170.78,169.71,170.6,21498213,0.173,0,,2/22/18,0.173
12/26/17,170.8,171.47,169.679,170.57,33185536,0.512,0,,2/21/18,0.512
12/22/17,174.68,175.424,174.5,175.01,16349444,0.091,1,,2/20/18,0.091
12/21/17,174.17,176.02,174.1,175.01,20949896,1,0,,2/19/18,1
12/20/17,174.87,175.42,173.25,174.35,23475649,0.25,0,,2/18/18,0.25
12/19/17,175.03,175.39,174.09,174.54,27436447,-1.75,0,,2/17/18,-1.75
12/18/17,174.88,177.2,174.86,176.42,29421114,0.075,0,,2/16/18,0.075
12/15/17,173.63,174.17,172.46,173.97,40169307,0.905,0,,2/15/18,0.905
12/14/17,172.4,173.13,171.65,172.22,20476541,0.929,1,,2/14/18,0.929
12/13/17,172.5,173.54,172,172.27,23818447,1.72,0,,2/13/18,1.72
12/12/17,172.15,172.39,171.461,171.7,19409230,0.487,1,,2/12/18,0.487
12/11/17,169.2,172.89,168.79,172.67,35273759,-3,0,,2/11/18,-3
12/8/17,170.49,171,168.82,169.37,23355231,-1.857,1,,2/10/18,-1.857
12/7/17,169.03,170.44,168.91,169.32,25673308,-2.156,0,,2/9/18,-2.156
12/6/17,167.5,170.2047,166.46,169.01,28560000,1.306,0,,2/8/18,1.306
12/5/17,169.06,171.52,168.4,169.64,27350154,1.4,1,,2/7/18,1.4
12/4/17,172.48,172.62,169.63,169.8,32542385,0.182,0,,2/6/18,0.182
12/1/17,169.95,171.67,168.5,171.05,39759288,0.269,0,,2/5/18,0.269
11/30/17,170.43,172.14,168.44,171.85,41527218,0.771,0,,2/4/18,0.771
11/29/17,172.63,172.92,167.16,169.48,41666364,0.594,0,,2/3/18,0.594
11/28/17,174.3,174.87,171.86,173.07,26428802,0.482,1,,2/2/18,0.482
11/27/17,175.05,175.08,173.34,174.09,20716802,0.384,1,,2/1/18,0.384
11/24/17,175.1,175.5,174.6459,174.97,14026673,-1.343,1,,1/31/18,-1.343
11/22/17,173.36,175,173.05,174.96,25588925,-2.067,0,,1/30/18,-2.067
11/21/17,170.78,173.7,170.78,173.14,25131295,0.25,1,,1/29/18,0.25
11/20/17,170.29,170.56,169.56,169.98,16262447,1.652,1,,1/28/18,1.652
11/17/17,171.04,171.39,169.64,170.15,21899544,1.438,0,,1/27/18,1.438
11/16/17,171.18,171.87,170.3,171.1,23637484,0.921,0,,1/26/18,0.921
11/15/17,169.97,170.3197,168.38,169.08,29158070,0.3,0,,1/25/18,0.3
11/14/17,173.04,173.48,171.18,171.34,24782487,0.299,1,,1/24/18,0.299
11/13/17,173.5,174.5,173.4,173.97,16982080,0.68,1,,1/23/18,0.68
11/10/17,175.11,175.38,174.27,174.67,25145500,0.776,0,,1/22/18,0.776
11/9/17,175.11,176.095,173.14,175.88,29185668,2,0,,1/21/18,2
11/8/17,174.66,176.24,174.33,176.24,23907639,0.929,1,,1/20/18,0.929
11/7/17,173.91,175.25,173.6,174.81,24361485,0.122,0,,1/19/18,0.122
11/6/17,172.365,174.99,171.72,174.25,35026306,0.5,0,,1/18/18,0.5
11/3/17,174,174.26,171.12,172.5,59398631,0.776,0,,1/17/18,0.776
11/2/17,167.64,168.5,165.28,168.11,41393373,1.259,1,,1/16/18,1.259
11/1/17,169.87,169.94,165.61,166.89,33637762,1,1,,1/15/18,1
10/31/17,167.9,169.6499,166.94,169.04,36046828,0.647,0,,1/14/18,0.647
10/30/17,163.89,168.07,163.72,166.72,44700772,0.429,0,,1/13/18,0.429
10/27/17,159.29,163.6,158.7,163.05,44454160,0.548,1,,1/12/18,0.548
10/26/17,157.23,157.8295,156.78,157.41,17000469,2,1,,1/11/18,2
10/25/17,156.91,157.55,155.27,156.41,21207098,-1.157,0,,1/10/18,-1.157
10/24/17,156.29,157.42,156.2,157.1,17757230,-1.085,1,,1/9/18,-1.085
10/23/17,156.89,157.69,155.5,156.17,21984327,-1.263,0,,1/8/18,-1.263
10/20/17,156.61,157.75,155.96,156.25,23974146,-1.529,0,,1/7/18,-1.529
10/19/17,156.75,157.08,155.02,155.98,42584166,-1.741,0,,1/6/18,-1.741
10/18/17,160.42,160.71,159.6,159.76,16374164,-1.89,1,,1/5/18,-1.89
10/17/17,159.78,160.87,159.23,160.47,18997275,-2.246,0,,1/4/18,-2.246
10/16/17,157.9,160,157.65,159.88,24121452,0.304,0,,1/3/18,0.304
10/13/17,156.73,157.28,156.41,156.99,16394188,2,1,,1/2/18,2
10/12/17,156.35,157.37,155.7299,156,16125054,-1.083,1,,1/1/18,-1.083
10/11/17,155.97,156.98,155.75,156.55,16905640,-1.1,0,,12/31/17,-1.1
10/10/17,156.055,158,155.1,155.9,15617014,2.4,1,,12/30/17,2.4
10/9/17,155.81,156.73,155.485,155.84,16262923,0.097,0,,12/29/17,0.097
10/6/17,154.97,155.49,154.56,155.3,17407558,0.722,0,,12/28/17,0.722
10/5/17,154.18,155.44,154.05,155.39,21283769,0.425,0,,12/27/17,0.425
10/4/17,153.63,153.86,152.46,153.48,20163750,-1.24,1,,12/26/17,-1.24
10/3/17,154.01,155.09,153.91,154.48,16230293,-1.556,1,,12/25/17,-1.556
10/2/17,154.26,154.45,152.72,153.81,18698842,1,0,,12/24/17,1
9/29/17,153.21,154.13,152,154.12,26299810,-2.154,0,,12/23/17,-2.154
9/28/17,153.89,154.28,152.7,153.28,22005455,0.073,1,,12/22/17,0.073
9/27/17,153.8,154.7189,153.54,154.23,25504227,0.526,0,,12/21/17,0.526
9/26/17,151.78,153.92,151.69,153.14,36660045,-1.067,0,,12/20/17,-1.067
9/25/17,149.99,151.83,149.16,150.55,44387336,0.313,0,,12/19/17,0.313
9/22/17,152.02,152.27,150.56,151.89,46645443,1.04,0,,12/18/17,1.04
9/21/17,155.8,155.8,152.75,153.39,37511661,-1.6,1,,12/17/17,-1.6
9/20/17,157.9,158.26,153.83,156.07,52951364,-1,0,,12/16/17,-1
9/19/17,159.51,159.77,158.44,158.73,20810632,2.021,1,,12/15/17,2.021
9/18/17,160.11,160.5,157.995,158.67,28269435,2.459,0,,12/14/17,2.459
9/15/17,158.47,160.97,158,159.88,49114602,1.982,0,,12/13/17,1.982
9/14/17,158.99,159.4,158.09,158.28,23760749,1.474,1,,12/12/17,1.474
9/13/17,159.87,159.96,157.91,159.65,44907361,1.696,0,,12/11/17,1.696
9/12/17,162.61,163.96,158.77,160.86,71714046,0.75,0,,12/10/17,0.75
9/11/17,160.5,162.05,159.89,161.5,31580798,-1.444,1,,12/9/17,-1.444
9/8/17,160.86,161.15,158.53,158.63,28611535,1.809,1,,12/8/17,1.809
9/7/17,162.09,162.24,160.36,161.26,21928502,2.625,1,,12/7/17,2.625
9/6/17,162.71,162.99,160.52,161.91,21651726,1.477,1,,12/6/17,1.477
9/5/17,163.75,164.25,160.56,162.08,29536314,1,0,,12/5/17,1
9/1/17,164.8,164.94,163.63,164.05,16591051,-1.5,1,,12/4/17,-1.5
8/31/17,163.64,164.52,163.48,164,26785096,1.444,0,,12/3/17,1.444
8/30/17,163.8,163.89,162.61,163.35,27269584,-2,0,,12/2/17,-2
8/29/17,160.1,163.12,160,162.91,29516910,-1.25,0,,12/1/17,-1.25
8/28/17,160.14,162,159.93,161.47,25965972,1.063,1,,11/30/17,1.063
8/25/17,159.65,160.56,159.27,159.86,25480063,0.906,1,,11/29/17,0.906
8/24/17,160.43,160.74,158.55,159.27,19818918,1.063,1,,11/28/17,1.063
8/23/17,159.07,160.47,158.88,159.98,19399081,2.333,1,,11/27/17,2.333
8/22/17,158.23,160,158.02,159.78,21604585,0.857,0,,11/26/17,0.857
8/21/17,157.5,157.89,155.1101,157.21,26368528,0,0,,11/25/17,0
8/18/17,157.86,159.5,156.72,157.5,27428069,1.222,0,,11/24/17,1.222
8/17/17,160.52,160.71,157.84,157.86,27940565,0.538,0,,11/23/17,0.538
8/16/17,161.94,162.51,160.15,160.95,27671612,1.605,1,,11/22/17,1.605
8/15/17,160.66,162.195,160.14,161.6,29465487,1.583,0,,11/21/17,1.583
8/14/17,159.32,160.21,158.75,159.85,22122734,0.412,1,,11/20/17,0.412
8/11/17,156.6,158.5728,156.07,157.48,26257096,1,0,,11/19/17,1
8/10/17,159.9,160,154.63,155.32,40804273,0,0,,11/18/17,0
8/9/17,159.26,161.27,159.11,161.059998,26131530,0.545,1,,11/17/17,0.545
8/8/17,158.6,161.83,158.27,160.08,36205896,1.091,0,,11/16/17,1.091
8/7/17,157.06,158.92,156.6701,158.81,21870321,-1.264,1,,11/15/17,-1.264
8/4/17,156.07,157.4,155.69,156.39,20559852,1.206,1,,11/14/17,1.206
8/3/17,157.05,157.21,155.02,155.57,27097296,0.55,0,,11/13/17,0.55
8/2/17,159.28,159.75,156.16,157.14,69936800,0.8,0,,11/12/17,0.8
8/1/17,149.1,150.22,148.41,150.05,35368645,2,1,,11/11/17,2
7/31/17,149.9,150.33,148.13,148.73,19845920,1.32,1,,11/10/17,1.32
7/28/17,149.89,150.23,149.19,149.5,17213653,1.932,1,,11/9/17,1.932
7/27/17,153.75,153.99,147.3,150.56,32476337,-1.219,0,,11/8/17,-1.219
7/26/17,153.35,153.93,153.06,153.46,15780951,0.13,1,,11/7/17,0.13
7/25/17,151.8,153.84,151.8,152.74,18853932,1.75,0,,11/6/17,1.75
7/24/17,150.58,152.44,149.9,152.09,21493160,1.273,0,,11/5/17,1.273
7/21/17,149.99,150.44,148.88,150.27,26252630,3.5,0,,11/4/17,3.5
7/20/17,151.5,151.74,150.19,150.34,17243748,1.8,1,,11/3/17,1.8
7/19/17,150.48,151.42,149.95,151.02,20922969,1.107,0,,11/2/17,1.107
7/18/17,149.2,150.13,148.67,150.08,17868792,1.75,1,,11/1/17,1.75
7/17/17,148.82,150.9,148.57,149.56,23793456,1.308,0,,10/31/17,1.308
7/14/17,147.97,149.33,147.33,149.04,20132061,0.733,1,,10/30/17,0.733
7/13/17,145.5,148.49,145.44,147.77,25199373,-1,0,,10/29/17,-1
7/12/17,145.87,146.18,144.82,145.74,24884478,0.722,1,,10/28/17,0.722
7/11/17,144.73,145.85,144.38,145.53,19781836,1.486,1,,10/27/17,1.486
7/10/17,144.11,145.95,143.37,145.06,21090636,1.579,0,,10/26/17,1.579
7/7/17,142.9,144.75,142.9,144.18,19201712,0.917,1,,10/25/17,0.917
7/6/17,143.02,143.5,142.41,142.73,24128782,0.464,0,,10/24/17,0.464
7/5/17,143.69,144.79,142.7237,144.09,21569557,0.026,1,,10/23/17,0.026
7/3/17,144.88,145.3,143.1,143.5,14258300,-1.31,1,,10/22/17,-1.31
6/30/17,144.45,144.96,143.78,144.02,23024107,-1.538,0,,10/21/17,-1.538
6/29/17,144.71,145.13,142.28,143.68,31499368,1.07,0,,10/20/17,1.07
6/28/17,144.49,146.11,143.1601,145.83,22082432,-1.333,1,,10/19/17,-1.333
6/27/17,145.01,146.16,143.62,143.73,24761891,1.8,0,,10/18/17,1.8
6/26/17,147.17,148.28,145.38,145.82,25692361,0.3,0,,10/17/17,0.3
6/23/17,145.13,147.16,145.11,146.28,35439389,1.077,0,,10/16/17,1.077
6/22/17,145.77,146.7,145.1199,145.63,19106294,-1.312,1,,10/15/17,-1.312
6/21/17,145.52,146.0693,144.61,145.87,21265751,1.571,0,,10/14/17,1.571
6/20/17,146.87,146.87,144.94,145.01,24900073,1.59,0,,10/13/17,1.59
6/19/17,143.66,146.74,143.66,146.34,32541404,-1.167,0,,10/12/17,-1.167
6/16/17,143.78,144.5,142.2,142.27,50361093,1.625,0,,10/11/17,1.625
6/15/17,143.32,144.4798,142.21,144.29,32165373,1.833,1,,10/10/17,1.833
6/14/17,147.5,147.5,143.84,145.16,31531232,0.941,1,,10/9/17,0.941
6/13/17,147.16,147.45,145.15,146.59,34165445,2.5,0,,10/8/17,2.5
6/12/17,145.74,146.09,142.51,145.42,72307330,0.429,0,,10/7/17,0.429
6/9/17,155.19,155.19,146.02,148.98,64882657,1.528,1,,10/6/17,1.528
6/8/17,155.25,155.54,154.4,154.99,21250798,1.143,1,,10/5/17,1.143
6/7/17,155.02,155.98,154.48,155.37,21069647,1.031,1,,10/4/17,1.031
6/6/17,153.9,155.81,153.78,154.45,26624926,0.625,0,,10/3/17,0.625
6/5/17,154.34,154.45,153.46,153.93,25331662,1,1,,10/2/17,1
6/2/17,153.58,155.45,152.89,155.45,27770715,2.2,0,,10/1/17,2.2
6/1/17,153.17,153.33,152.22,153.18,16404088,2.333,1,,9/30/17,2.333
5/31/17,153.97,154.17,152.38,152.76,24451164,1.8,0,,9/29/17,1.8
5/30/17,153.42,154.43,153.33,153.67,20126851,-1.04,1,,9/28/17,-1.04
5/26/17,154,154.24,153.31,153.61,21927637,0.571,0,,9/27/17,0.571
5/25/17,153.73,154.35,153.03,153.87,19235598,-1.344,1,,9/26/17,-1.344
5/24/17,153.84,154.17,152.67,153.34,19219154,0.219,1,,9/25/17,0.219
5/23/17,154.9,154.9,153.31,153.8,19918871,-1,0,,9/24/17,-1
5/22/17,154,154.58,152.91,153.99,22966437,-1,0,,9/23/17,-1
5/19/17,153.38,153.98,152.63,153.06,26960788,0.6,0,,9/22/17,0.6
5/18/17,151.27,153.34,151.13,152.54,33568215,0.032,0,,9/21/17,0.032
5/17/17,153.6,154.57,149.71,150.25,50767678,-1.491,0,,9/20/17,-1.491
5/16/17,155.94,156.06,154.72,155.47,20048478,1.5,1,,9/19/17,1.5
5/15/17,156.01,156.65,155.05,155.7,26009719,0.8,0,,9/18/17,0.8
5/12/17,154.7,156.42,154.67,156.1,32527017,0.857,0,,9/17/17,0.857
5/11/17,152.45,154.07,152.31,153.95,27255058,2.235,1,,9/16/17,2.235
5/10/17,153.63,153.94,152.11,153.26,25805692,1.611,1,,9/15/17,1.611
5/9/17,153.87,154.88,153.45,153.99,39130363,1.538,0,,9/14/17,1.538
5/8/17,149.03,153.7,149.03,153.01,48752413,1.728,0,,9/13/17,1.728
5/5/17,146.76,148.98,146.76,148.96,27327725,2.141,1,,9/12/17,2.141
5/4/17,146.52,147.14,145.81,146.53,23371872,0.745,1,,9/11/17,0.745
5/3/17,145.59,147.49,144.27,147.06,45697034,0.357,0,,9/10/17,0.357
5/2/17,147.54,148.09,146.84,147.51,45352194,0.4,1,,9/9/17,0.4
5/1/17,145.1,147.2,144.96,146.58,33602943,0.385,1,,9/8/17,0.385
4/28/17,144.09,144.3,143.27,143.65,20860358,0.118,1,,9/7/17,0.118
4/27/17,143.9225,144.16,143.31,143.79,14246347,0.31,1,,9/6/17,0.31
4/26/17,144.47,144.6,143.3762,143.68,20041241,0.577,0,,9/5/17,0.577
4/25/17,143.91,144.9,143.87,144.53,18871501,-1,1,,9/4/17,-1
4/24/17,143.5,143.95,143.18,143.64,17116599,1.182,1,,9/3/17,1.182
4/21/17,142.44,142.68,141.85,142.27,17320928,0.75,0,,9/2/17,0.75
4/20/17,141.22,142.92,141.16,142.44,23319562,0.081,0,,9/1/17,0.081
4/19/17,141.88,142,140.45,140.68,17328375,0.446,1,,8/31/17,0.446
4/18/17,141.41,142.04,141.11,141.2,14697544,0.717,1,,8/30/17,0.717
4/17/17,141.48,141.88,140.87,141.83,16582094,0.7,0,,8/29/17,0.7
4/13/17,141.91,142.38,141.05,141.05,17822880,0.643,0,,8/28/17,0.643
4/12/17,141.6,142.15,141.01,141.8,20350000,1,0,,8/27/17,1
4/11/17,142.94,143.35,140.06,141.63,30379376,-1.375,0,,8/26/17,-1.375
4/10/17,143.6,143.8792,142.9,143.17,18933397,-1.522,1,,8/25/17,-1.522
4/7/17,143.73,144.18,143.27,143.34,16658543,0.093,1,,8/24/17,0.093
4/6/17,144.29,144.52,143.45,143.66,21149034,1.533,0,,8/23/17,1.533
4/5/17,144.22,145.46,143.81,144.02,27717854,1.04,0,,8/22/17,1.04
4/4/17,143.25,144.89,143.17,144.77,19891354,1.444,1,,8/21/17,1.444
4/3/17,143.71,144.12,143.05,143.7,19985714,-2,0,,8/20/17,-2
3/31/17,143.72,144.27,143.01,143.66,19661651,2,1,,8/19/17,2
3/30/17,144.19,144.5,143.5,143.93,21207252,1.083,0,,8/18/17,1.083
3/29/17,143.68,144.49,143.19,144.12,29189955,0.757,0,,8/17/17,0.757
3/28/17,140.91,144.04,140.62,143.8,33374805,-1.192,0,,8/16/17,-1.192
3/27/17,139.39,141.22,138.62,140.88,23575094,0.25,1,,8/15/17,0.25
3/24/17,141.5,141.74,140.35,140.64,22395563,-1.235,1,,8/14/17,-1.235
3/23/17,141.26,141.5844,140.61,140.92,20346301,-3,1,,8/13/17,-3
3/22/17,139.845,141.6,139.76,141.42,25860165,-1.4,0,,8/12/17,-1.4
3/21/17,142.11,142.8,139.73,139.84,39529912,0.545,0,,8/11/17,0.545
3/20/17,140.4,141.5,140.23,141.46,21542038,0.41,1,,8/10/17,0.41
3/17/17,141,141,139.89,139.99,43884952,0.118,0,,8/9/17,0.118
3/16/17,140.72,141.02,140.26,140.69,19231998,0.8,1,,8/8/17,0.8
3/15/17,139.41,140.7501,139.025,140.46,25691774,0.8,0,,8/7/17,0.8
3/14/17,139.3,139.65,138.84,138.99,15309065,0.143,1,,8/6/17,0.143
3/13/17,138.85,139.43,138.82,139.2,17421717,0.846,0,,8/5/17,0.846
3/10/17,139.25,139.3571,138.64,139.14,19612801,0.889,0,,8/4/17,0.889
3/9/17,138.74,138.79,137.05,138.68,22155904,0.304,0,,8/3/17,0.304
3/8/17,138.95,139.8,138.82,139,18707236,0.811,1,,8/2/17,0.811
3/7/17,139.06,139.98,138.79,139.52,17446297,-1.413,1,,8/1/17,-1.413
3/6/17,139.365,139.77,138.5959,139.34,21750044,1.578,0,,7/31/17,1.578
3/3/17,138.78,139.83,138.59,139.78,21571121,0.833,1,,7/30/17,0.833
3/2/17,140,140.2786,138.76,138.96,26210984,-1.4,0,,7/29/17,-1.4
3/1/17,137.89,140.15,137.595,139.79,36414585,0.542,0,,7/28/17,0.542
2/28/17,137.08,137.435,136.7,136.99,23482860,2.435,1,,7/27/17,2.435
2/27/17,137.14,137.435,136.28,136.93,20257426,0.679,1,,7/26/17,0.679
2/24/17,135.91,136.66,135.28,136.66,21776585,0.065,0,,7/25/17,0.065
2/23/17,137.38,137.48,136.3,136.53,20788186,1.263,1,,7/24/17,1.263
2/22/17,136.43,137.12,136.11,137.11,20836932,-1,0,,7/23/17,-1
2/21/17,136.23,136.75,135.98,136.7,24507156,1.5,0,,7/22/17,1.5
2/17/17,135.1,135.83,135.1,135.72,22198197,-1.722,1,,7/21/17,-1.722
2/16/17,135.67,135.9,134.8398,135.345,22584555,0.5,0,,7/20/17,0.5
2/15/17,135.52,136.27,134.62,135.51,35623100,0.414,0,,7/19/17,0.414
2/14/17,133.47,135.09,133.25,135.02,33226223,1.5,1,,7/18/17,1.5
2/13/17,133.08,133.82,132.75,133.29,23035421,0.647,1,,7/17/17,0.647
2/10/17,132.46,132.94,132.05,132.12,20065458,0.5,1,,7/16/17,0.5
2/9/17,131.65,132.445,131.12,132.42,28349859,2,0,,7/15/17,2
2/8/17,131.35,132.22,131.22,132.04,23004072,-1,1,,7/14/17,-1
2/7/17,130.54,132.09,130.45,131.53,38183841,-1.389,0,,7/13/17,-1.389
2/6/17,129.13,130.5,128.9,130.29,26845924,0.675,1,,7/12/17,0.675
2/3/17,128.31,129.19,128.16,129.08,24507301,1,1,,7/11/17,1
2/2/17,127.975,129.39,127.78,128.53,33710411,0.147,0,,7/10/17,0.147
2/1/17,127.03,130.49,127.01,128.75,111985040,1.833,0,,7/9/17,1.833
1/31/17,121.15,121.39,120.62,121.35,49200993,1.167,1,,7/8/17,1.167
1/30/17,120.93,121.63,120.66,121.63,30377503,1.045,1,,7/7/17,1.045
1/27/17,122.14,122.35,121.6,121.95,20562944,0.345,1,,7/6/17,0.345
1/26/17,121.67,122.44,121.6,121.94,26337576,0.714,0,,7/5/17,0.714
1/25/17,120.42,122.1,120.28,121.88,32586673,-1.064,0,,7/4/17,-1.064
1/24/17,119.55,120.1,119.5,119.97,23211038,0.929,1,,7/3/17,0.929
1/23/17,120,120.81,119.77,120.08,22050218,1,1,,7/2/17,1
1/20/17,120.45,120.45,119.7346,120,32597892,1.25,0,,7/1/17,1.25
1/19/17,119.4,120.09,119.37,119.78,25597291,1.161,1,,6/30/17,1.161
1/18/17,120,120.5,119.71,119.99,23712961,0.095,1,,6/29/17,0.095
1/17/17,118.34,120.24,118.22,120,34439843,0.367,0,,6/28/17,0.367
1/13/17,119.11,119.62,118.81,119.04,26111948,-1.017,1,,6/27/17,-1.017
1/12/17,118.895,119.3,118.21,119.25,27086220,0.694,0,,6/26/17,0.694
1/11/17,118.74,119.93,118.6,119.75,27588593,2.75,0,,6/25/17,2.75
1/10/17,118.77,119.38,118.3,119.11,24462051,1,1,,6/24/17,1
1/9/17,117.95,119.43,117.94,118.99,33561948,0.25,0,,6/23/17,0.25
1/6/17,116.78,118.16,116.47,117.91,31751900,1.479,1,,6/22/17,1.479
1/5/17,115.92,116.8642,115.81,116.61,22193587,-1.17,1,,6/21/17,-1.17
1/4/17,115.85,116.51,115.75,116.02,21118116,1.121,1,,6/20/17,1.121
1/3/17,115.8,116.33,114.76,116.15,28781865,1.158,0,,6/19/17,1.158
12/30/16,116.65,117.2,115.43,115.82,30586265,0,0,,6/18/17,0
12/29/16,116.45,117.1095,116.4,116.73,15039519,-1.625,1,,6/17/17,-1.625
12/28/16,117.52,118.0166,116.2,116.76,20905892,0.69,0,,6/16/17,0.69
12/27/16,116.52,117.8,116.49,117.26,18296855,-1.333,1,,6/15/17,-1.333
12/23/16,115.59,116.52,115.59,116.52,14249484,0.727,1,,6/14/17,0.727
12/22/16,116.35,116.51,115.64,116.29,26085854,1.205,0,,6/13/17,1.205
12/21/16,116.8,117.4,116.78,117.06,23783165,0.16,1,,6/12/17,0.16
12/20/16,116.74,117.5,116.68,116.95,21424965,1,1,,6/11/17,1
12/19/16,115.8,117.38,115.75,116.64,27779423,-1.444,0,,6/10/17,-1.444
12/16/16,116.47,116.5,115.645,115.97,44351134,0.083,0,,6/9/17,0.083
12/15/16,115.38,116.73,115.23,115.82,46524544,0.28,0,,6/8/17,0.28
12/14/16,115.04,116.2,114.98,115.19,34031834,0.438,1,,6/7/17,0.438
12/13/16,113.84,115.92,113.75,115.19,43733811,-1.017,0,,6/6/17,-1.017
12/12/16,113.29,115,112.49,113.3,26374377,0.782,1,,6/5/17,0.782
12/9/16,112.31,114.7,112.31,113.95,34402627,1.6,0,,6/4/17,1.6
12/8/16,110.86,112.43,110.6,112.12,27068316,2.313,1,,6/3/17,2.313
12/7/16,109.26,111.19,109.16,111.03,29998719,0.786,0,,6/2/17,0.786
12/6/16,109.5,110.36,109.19,109.95,26195462,1.086,1,,6/1/17,1.086
12/5/16,110,110.03,108.25,109.11,34324540,0.444,0,,5/31/17,0.444
12/2/16,109.17,110.09,108.85,109.9,26527997,2,1,,5/30/17,2
12/1/16,110.365,110.94,109.03,109.49,37086862,2.333,0,,5/29/17,2.333
11/30/16,111.56,112.2,110.27,110.52,36162258,0.2,1,,5/28/17,0.2
11/29/16,110.78,112.03,110.07,111.46,28528750,2.667,1,,5/27/17,2.667
11/28/16,111.43,112.465,111.39,111.57,27193983,0.857,1,,5/26/17,0.857
11/25/16,111.13,111.87,110.95,111.79,11475922,0.158,1,,5/25/17,0.158
11/23/16,111.36,111.51,110.33,111.23,27426394,0.313,0,,5/24/17,0.313
11/22/16,111.95,112.42,111.4,111.8,25965534,0.22,1,,5/23/17,0.22
11/21/16,110.12,111.99,110.01,111.73,29264571,2.133,0,,5/22/17,2.133
11/18/16,109.72,110.54,109.66,110.06,28428917,2.333,1,,5/21/17,2.333
11/17/16,109.81,110.35,108.83,109.95,27632003,1.708,1,,5/20/17,1.708
11/16/16,106.7,110.23,106.6,109.99,58840522,1.351,0,,5/19/17,1.351
11/15/16,106.57,107.68,106.1593,107.11,32264510,0.5,1,,5/18/17,0.5
11/14/16,107.32,107.809,104.08,105.71,51175504,0,0,,5/17/17,0
11/11/16,106.92,108.87,106.55,108.43,34143898,1.077,1,,5/16/17,1.077
11/10/16,111.09,111.09,105.83,107.79,57134541,0.438,0,,5/15/17,0.438
11/9/16,109.88,111.32,108.05,110.88,59176361,1.333,0,,5/14/17,1.333
11/8/16,110.31,111.72,109.7,111.06,24254179,1.875,1,,5/13/17,1.875
11/7/16,110.08,110.51,109.46,110.41,32560000,0.676,0,,5/12/17,0.676
11/4/16,108.53,110.25,108.11,108.84,30836997,0.313,1,,5/11/17,0.313
11/3/16,110.98,111.46,109.55,109.83,26932602,2.396,1,,5/10/17,2.396
11/2/16,111.4,112.35,111.23,111.59,28331709,1.638,0,,5/9/17,1.638
11/1/16,113.46,113.77,110.53,111.49,43825812,0.69,0,,5/8/17,0.69
10/31/16,113.65,114.23,113.2,113.54,26419398,-2,1,,5/7/17,-2
10/28/16,113.87,115.21,113.45,113.72,37861662,0,0,,5/6/17,0
10/27/16,115.39,115.86,114.1,114.48,34562045,0.339,1,,5/5/17,0.339
10/26/16,114.31,115.7,113.31,115.59,66134219,0.709,0,,5/4/17,0.709
10/25/16,117.95,118.36,117.31,118.25,48128970,0,1,,5/3/17,0
10/24/16,117.1,117.74,117,117.65,23538673,0.611,1,,5/2/17,0.611
10/21/16,116.81,116.91,116.28,116.6,23192665,1.4,1,,5/1/17,1.4
10/20/16,116.86,117.38,116.33,117.06,24125801,0.857,0,,4/30/17,0.857
10/19/16,117.25,117.76,113.8,117.12,20034594,0.263,1,,4/29/17,0.263
10/18/16,118.18,118.21,117.45,117.47,24553478,0.092,0,,4/28/17,0.092
10/17/16,117.33,117.84,116.78,117.55,23624896,1.782,1,,4/27/17,1.782
10/14/16,117.88,118.17,117.13,117.63,35652191,1.581,0,,4/26/17,1.581
10/13/16,116.79,117.44,115.72,116.98,35192406,-1.115,1,,4/25/17,-1.115
10/12/16,117.35,117.98,116.75,117.34,37586787,1,0,,4/24/17,1
10/11/16,117.7,118.69,116.2,116.3,64041043,1.429,0,,4/23/17,1.429
10/10/16,115.02,116.75,114.72,116.05,36235956,2.538,1,,4/22/17,2.538
10/7/16,114.31,114.56,113.51,114.06,24358443,1.136,1,,4/21/17,1.136
10/6/16,113.7,114.34,113.13,113.89,28779313,-1.213,0,,4/20/17,-1.213
10/5/16,113.4,113.66,112.69,113.05,21453089,0,1,,4/19/17,0
10/4/16,113.06,114.31,112.63,113,29736835,0,0,,4/18/17,0
10/3/16,112.71,113.05,112.28,112.52,21701760,1,1,,4/17/17,1
9/30/16,112.46,113.37,111.8,113.05,36379106,1,0,,4/16/17,1
9/29/16,113.16,113.8,111.8,112.18,35886990,0.529,1,,4/15/17,0.529
9/28/16,113.69,114.64,113.43,113.95,29641085,0.905,1,,4/14/17,0.905
9/27/16,113,113.18,112.34,113.09,24607412,0.426,1,,4/13/17,0.426
9/26/16,111.64,113.39,111.55,112.88,29869442,-1,0,,4/12/17,-1
9/23/16,114.42,114.79,111.55,112.71,52481151,-1.022,0,,4/11/17,-1.022
9/22/16,114.35,114.94,114,114.62,31073984,1.906,1,,4/10/17,1.906
9/21/16,113.85,113.989,112.441,113.55,36003185,-2.5,0,,4/9/17,-2.5
9/20/16,113.05,114.12,112.51,113.57,34514269,1,1,,4/8/17,1
9/19/16,115.19,116.18,113.25,113.58,47023046,2.594,0,,4/7/17,2.594
9/16/16,115.12,116.13,114.04,114.92,79886911,-1.049,0,,4/6/17,-1.049
9/15/16,113.86,115.73,113.49,115.57,90613177,1.328,0,,4/5/17,1.328
9/14/16,108.73,113.03,108.6,111.77,112340318,0.467,0,,4/4/17,0.467
9/13/16,107.51,108.79,107.24,107.95,62176190,-1.195,1,,4/3/17,-1.195
9/12/16,102.65,105.72,102.53,105.44,45292770,1.833,1,,4/2/17,1.833
9/9/16,104.64,105.72,103.13,103.13,46556984,0.208,0,,4/1/17,0.208
9/8/16,107.25,107.27,105.24,105.52,53002026,0.18,0,,3/31/17,0.18
9/7/16,107.83,108.76,107.07,108.36,42364328,1.182,1,,3/30/17,1.182
9/6/16,107.9,108.3,107.51,107.7,26880391,1.02,1,,3/29/17,1.02
9/2/16,107.7,108,106.82,107.73,26802450,0.548,1,,3/28/17,0.548
9/1/16,106.14,106.8,105.62,106.73,26701523,1,1,,3/27/17,1
8/31/16,105.66,106.5699,105.64,106.1,29662406,0.833,0,,3/26/17,0.833
8/30/16,105.8,106.5,105.5,106,24863945,-1,1,,3/25/17,-1
8/29/16,106.62,107.44,106.29,106.82,24970300,0.407,0,,3/24/17,0.407
8/26/16,107.41,107.95,106.31,106.94,27766291,0.484,0,,3/23/17,0.484
8/25/16,107.39,107.88,106.68,107.57,25086248,1.079,1,,3/22/17,1.079
8/24/16,108.565,108.75,107.68,108.03,23675081,1,1,,3/21/17,1
8/23/16,108.59,109.32,108.53,108.85,21257669,1.485,1,,3/20/17,1.485
8/22/16,108.86,109.1,107.85,108.51,25820230,-1.5,0,,3/19/17,-1.5
8/19/16,108.77,109.69,108.36,109.36,25368072,-1.143,1,,3/18/17,-1.143
8/18/16,109.23,109.6,109.02,109.08,21984703,0.667,1,,3/17/17,0.667
8/17/16,109.1,109.37,108.34,109.22,25355976,-1.024,0,,3/16/17,-1.024
8/16/16,109.63,110.23,109.21,109.38,33794448,1,0,,3/15/17,1
8/15/16,108.14,109.54,108.08,109.48,25868209,1.909,1,,3/14/17,1.909
8/12/16,107.78,108.44,107.78,108.18,18660434,0.438,1,,3/13/17,0.438
8/11/16,108.52,108.93,107.85,107.93,27484506,1.2,0,,3/12/17,1.2
8/10/16,108.71,108.9,107.76,108,24008505,2,1,,3/11/17,2
8/9/16,108.23,108.94,108.01,108.81,26315204,0.688,0,,3/10/17,0.688
8/8/16,107.52,108.37,107.16,108.37,28037220,0.122,0,,3/9/17,0.122
8/5/16,106.27,107.65,106.18,107.48,40553402,0.143,0,,3/8/17,0.143
8/4/16,105.58,106,105.28,105.87,27408650,1.13,1,,3/7/17,1.13
8/3/16,104.81,105.84,104.77,105.79,30202641,1.15,0,,3/6/17,1.15
8/2/16,106.05,106.07,104,104.48,33816556,2.5,0,,3/5/17,2.5
8/1/16,104.41,106.15,104.41,106.05,38167871,0.818,0,,3/4/17,0.818
7/29/16,104.19,104.55,103.68,104.21,27733688,0.833,1,,3/3/17,0.833
7/28/16,102.83,104.45,102.82,104.34,39869839,0.8,0,,3/2/17,0.8
7/27/16,104.265,104.35,102.75,102.95,92344820,0.118,0,,3/1/17,0.118
7/26/16,96.82,97.97,96.42,96.67,56239822,0.267,1,,2/28/17,0.267
7/25/16,98.25,98.84,96.92,97.34,40382921,0.857,1,,2/27/17,0.857
7/22/16,99.26,99.3,98.31,98.66,28313669,1.48,1,,2/26/17,1.48
7/21/16,99.83,101,99.13,99.43,32702028,0,0,,2/25/17,0
7/20/16,100,100.46,99.735,99.96,26275968,0,1,,2/24/17,0
7/19/16,99.56,100,99.34,99.87,23779924,1.25,1,,2/23/17,1.25
7/18/16,98.7,100.13,98.6,99.83,36493867,1.5,0,,2/22/17,1.5
7/15/16,98.92,99.3,98.5,98.78,30136990,0.938,1,,2/21/17,0.938
7/14/16,97.39,98.99,97.32,98.79,38918997,0.474,0,,2/20/17,0.474
7/13/16,97.41,97.67,96.84,96.87,25892171,1.25,1,,2/19/17,1.25
7/12/16,97.17,97.7,97.12,97.42,24167463,0.333,1,,2/18/17,0.333
7/11/16,96.75,97.65,96.73,96.98,23794945,-1,1,,2/17/17,-1
7/8/16,96.49,96.89,96.05,96.68,28912103,0.682,0,,2/16/17,0.682
7/7/16,95.7,96.5,95.62,95.94,25139558,0.649,1,,2/15/17,0.649
7/6/16,94.6,95.66,94.37,95.53,30949090,1.594,0,,2/14/17,1.594
7/5/16,95.39,95.4,94.46,94.99,27705210,1.627,1,,2/13/17,1.627
7/1/16,95.49,96.465,95.33,95.89,26026540,2.667,1,,2/12/17,2.667
6/30/16,94.44,95.77,94.3,95.6,35836356,0.846,0,,2/11/17,0.846
6/29/16,93.97,94.55,93.63,94.4,36531006,1.424,0,,2/10/17,1.424
6/28/16,92.9,93.66,92.14,93.59,40444914,1.625,0,,2/9/17,1.625
6/27/16,93,93.05,91.5,92.04,46622188,0.077,0,,2/8/17,0.077
6/24/16,92.91,94.655,92.65,93.4,75311356,0.603,0,,2/7/17,0.603
6/23/16,95.94,96.29,95.25,96.1,32240187,0.754,1,,2/6/17,0.754
6/22/16,96.25,96.89,95.35,95.55,29219122,1.857,1,,2/5/17,1.857
6/21/16,94.94,96.35,94.676,95.91,35546358,0.842,0,,2/4/17,0.842
6/20/16,96,96.57,95.03,95.1,34411901,0.5,1,,2/3/17,0.5
6/17/16,96.62,96.65,95.3,95.33,61008219,1.193,0,,2/2/17,1.193
6/16/16,96.45,97.75,96.07,97.55,31326815,1.954,1,,2/1/17,1.954
6/15/16,97.82,98.41,97.03,97.14,29445227,0.945,1,,1/31/17,0.945
6/14/16,97.32,98.475,96.75,97.46,31931944,0.149,0,,1/30/17,0.149
6/13/16,98.69,99.12,97.1,97.34,38020494,-1.043,0,,1/29/17,-1.043
6/10/16,98.53,99.3457,98.48,98.83,31712936,0.385,1,,1/28/17,0.385
6/9/16,98.5,99.99,98.46,99.65,26601354,0.842,1,,1/27/17,0.842
6/8/16,99.02,99.56,98.68,98.94,20848131,-1.719,1,,1/26/17,-1.719
6/7/16,99.25,99.87,98.96,99.03,22409450,0.919,0,,1/25/17,0.919
6/6/16,97.99,101.89,97.55,98.63,23292504,0.283,0,,1/24/17,0.283
6/3/16,97.79,98.27,97.45,97.92,28504888,-1.406,0,,1/23/17,-1.406
6/2/16,97.6,97.84,96.63,97.72,40191600,-1.765,0,,1/22/17,-1.765
6/1/16,99.02,99.54,98.33,98.46,29173285,-2.429,1,,1/21/17,-2.429
5/31/16,99.6,100.4,98.82,99.86,42307212,0.146,0,,1/20/17,0.146
5/27/16,99.44,100.47,99.245,100.35,36341240,0.257,1,,1/19/17,0.257
5/26/16,99.68,100.73,98.64,100.41,56331159,0.431,0,,1/18/17,0.431
5/25/16,98.67,99.74,98.11,99.62,38642108,0.292,1,,1/17/17,0.292
5/24/16,97.22,98.09,96.84,97.9,35140174,1.385,1,,1/16/17,1.385
5/23/16,95.87,97.19,95.67,96.43,38018643,0.333,0,,1/15/17,0.333
5/20/16,94.64,95.43,94.52,95.22,32025968,1.167,1,,1/14/17,1.167
5/19/16,94.64,94.64,93.57,94.2,30442100,0.095,1,,1/13/17,0.095
5/18/16,94.16,95.21,93.89,94.56,42062391,0.136,0,,1/12/17,0.136
5/17/16,94.55,94.7,93.01,93.49,46916939,1.051,0,,1/11/17,1.051
5/16/16,92.39,94.39,91.65,93.88,61259756,0.5,0,,1/10/17,0.5
5/13/16,90,91.67,90,90.52,44392765,0.688,1,,1/9/17,0.688
5/12/16,92.72,92.78,89.47,90.34,76314690,0.333,0,,1/8/17,0.333
5/11/16,93.48,93.57,92.46,92.51,28719109,0.167,1,,1/7/17,0.167
5/10/16,93.33,93.57,92.11,93.42,33686836,1.278,0,,1/6/17,1.278
5/9/16,93,93.77,92.59,92.79,32936436,0.484,1,,1/5/17,0.484
5/6/16,93.37,93.45,91.85,92.72,43699886,0.685,0,,1/4/17,0.685
5/5/16,94,94.07,92.68,93.24,35890500,1.1,1,,1/3/17,1.1
5/4/16,95.2,95.9,93.82,94.19,41025475,2.15,0,,1/2/17,2.15
5/3/16,94.2,95.74,93.68,95.18,56831277,2.25,0,,1/1/17,2.25
5/2/16,93.965,94.08,92.4,93.64,48160104,0.867,1,,12/31/16,0.867
4/29/16,93.99,94.72,92.51,93.74,68531478,0.214,0,,12/30/16,0.214
4/28/16,97.61,97.88,94.25,94.83,82242690,1.643,0,,12/29/16,1.643
4/27/16,96,98.71,95.68,97.82,114602142,0.659,0,,12/28/16,0.659
4/26/16,103.91,105.3,103.91,104.35,56016165,2.048,1,,12/27/16,2.048
4/25/16,105,105.65,104.51,105.08,28031588,3,1,,12/26/16,3
4/22/16,105.01,106.48,104.62,105.68,33683121,2.167,0,,12/25/16,2.167
4/21/16,106.93,106.93,105.52,105.97,31552525,0.364,1,,12/24/16,0.364
4/20/16,106.64,108.09,106.06,107.13,30611030,0.757,1,,12/23/16,0.757
4/19/16,107.88,108,106.23,106.91,32384879,-1.31,0,,12/22/16,-1.31
4/18/16,108.89,108.95,106.94,107.48,60821461,-1.44,0,,12/21/16,-1.44
4/15/16,112.11,112.3,109.73,109.85,46938969,-1.102,1,,12/20/16,-1.102
4/14/16,111.62,112.39,111.33,112.1,25473923,0.627,1,,12/19/16,0.627
4/13/16,110.8,112.34,110.8,112.04,33257316,0.714,0,,12/18/16,0.714
4/12/16,109.34,110.5,108.66,110.44,27232325,1.556,1,,12/17/16,1.556
4/11/16,108.97,110.61,108.83,109.02,29407518,0.964,0,,12/16/16,0.964
4/8/16,108.91,109.77,108.17,108.66,23581740,0.548,1,,12/15/16,0.548
4/7/16,109.95,110.42,108.121,108.54,31801870,1.618,0,,12/14/16,1.618
4/6/16,110.23,110.98,109.2,110.96,26404077,1.148,1,,12/13/16,1.148
4/5/16,109.51,110.73,109.42,109.81,26578652,1,0,,12/12/16,1
4/4/16,110.42,112.19,110.27,111.12,37356204,0.667,0,,12/11/16,0.667
4/1/16,108.78,110,108.2,109.99,25873950,0.556,1,,12/10/16,0.556
3/31/16,109.72,109.9,108.88,108.99,25888449,1.421,0,,12/9/16,1.421
3/30/16,108.65,110.42,108.6,109.56,45601149,0.443,0,,12/8/16,0.443
3/29/16,104.89,107.79,104.88,107.68,31190083,0.914,1,,12/7/16,0.914
3/28/16,106,106.19,105.06,105.19,19411372,1.181,1,,12/6/16,1.181
3/24/16,105.47,106.25,104.89,105.67,26132955,0.821,0,,12/5/16,0.821
3/23/16,106.48,107.07,105.9,106.13,25703495,0.267,1,,12/4/16,0.267
3/22/16,105.25,107.29,105.21,106.72,32444375,0.81,0,,12/3/16,0.81
3/21/16,105.93,107.65,105.1401,105.91,35502678,-1.152,0,,12/2/16,-1.152
3/18/16,106.34,106.5,105.19,105.92,44205171,0.71,0,,12/1/16,0.71
3/17/16,105.52,106.47,104.96,105.8,34420705,0.667,1,,11/30/16,0.667
3/16/16,104.61,106.31,104.59,105.97,38303493,0.5,0,,11/29/16,0.5
3/15/16,103.96,105.18,103.85,104.58,40067734,0,0,,11/28/16,0
3/14/16,101.91,102.91,101.78,102.52,25076062,0,1,,11/27/16,0
3/11/16,102.24,102.28,101.5,102.26,27408237,0,0,,11/26/16,0
3/10/16,101.41,102.24,100.15,101.17,33513577,0,0,,11/25/16,0
3/9/16,101.31,101.58,100.27,101.12,27201683,-1.947,1,,11/24/16,-1.947
3/8/16,100.78,101.76,100.4,101.03,31182194,1.313,0,,11/23/16,1.313
3/7/16,102.39,102.83,100.96,101.87,35915810,0.35,0,,11/22/16,0.35
3/4/16,102.37,103.75,101.37,103.01,46055100,-1.643,0,,11/21/16,-1.643
3/3/16,100.58,101.7099,100.45,101.5,36955742,0.25,1,,11/20/16,0.25
3/2/16,100.51,100.89,99.64,100.75,33169560,0.333,1,,11/19/16,0.333
3/1/16,97.65,100.77,97.42,100.53,50407147,0.795,0,,11/18/16,0.795
2/29/16,96.86,98.23,96.65,96.69,35216277,0.958,1,,11/17/16,0.958
2/26/16,97.2,98.0237,96.58,96.91,28991131,0.361,1,,11/16/16,0.361
2/25/16,96.05,96.76,95.25,96.76,27582659,0.525,1,,11/15/16,0.525
2/24/16,93.98,96.38,93.32,96.1,36255745,1.371,0,,11/14/16,1.371
2/23/16,96.4,96.5,94.55,94.69,31942633,1.167,1,,11/13/16,1.167
2/22/16,96.31,96.9,95.92,96.88,34280758,2.25,0,,11/12/16,2.25
2/19/16,96,96.7599,95.8,96.04,35374173,0.269,0,,11/11/16,0.269
2/18/16,98.84,98.89,96.091,96.26,39020983,0.68,0,,11/10/16,0.68
2/17/16,96.67,98.21,96.15,98.12,44863243,0.643,0,,11/9/16,0.643
2/16/16,95.02,96.85,94.61,96.64,49057916,0.84,0,,11/8/16,0.84
2/12/16,94.19,94.5,93.01,93.99,40351381,0.708,1,,11/7/16,0.708
2/11/16,93.79,94.72,92.59,93.7,50074711,2.333,0,,11/6/16,2.333
2/10/16,95.92,96.35,94.1,94.27,42343601,-2,1,,11/5/16,-2
2/9/16,94.29,95.94,93.93,94.99,44331195,-1.261,0,,11/4/16,-1.261
2/8/16,93.13,95.7,93.04,95.01,54021375,1.204,0,,11/3/16,1.204
2/5/16,96.52,96.92,93.69,94.02,46418064,1,1,,11/2/16,1
2/4/16,95.86,97.33,95.19,96.6,46471652,-1.24,0,,11/1/16,-1.24
2/3/16,95,96.84,94.08,96.35,45964294,1.472,1,,10/31/16,1.472
2/2/16,95.42,96.04,94.28,94.48,37357215,-1,1,,10/30/16,-1
2/1/16,96.47,96.71,95.4,96.43,40943541,1.727,0,,10/29/16,1.727
1/29/16,94.79,97.34,94.35,97.34,64416504,1.5,0,,10/28/16,1.5
1/28/16,93.79,94.52,92.39,94.09,55678825,0.474,1,,10/27/16,0.474
1/27/16,96.04,96.6289,93.34,93.42,133369674,-1.594,0,,10/26/16,-1.594
1/26/16,99.93,100.88,98.07,99.99,75077002,0.381,1,,10/25/16,0.381
1/25/16,101.52,101.53,99.21,99.44,51794525,0.82,1,,10/24/16,0.82
1/22/16,98.63,101.46,98.37,101.42,65800467,0.611,0,,10/23/16,0.611
1/21/16,97.06,97.88,94.94,96.3,52161463,1.433,1,,10/22/16,1.433
1/20/16,95.1,98.1897,93.42,96.79,72334416,0.946,0,,10/21/16,0.946
1/19/16,98.41,98.65,95.5,96.66,53087747,-1.053,1,,10/20/16,-1.053
1/15/16,96.2,97.71,95.36,97.13,79833891,0.481,0,,10/19/16,0.481
1/14/16,97.96,100.48,95.74,99.52,63170127,1.515,1,,10/18/16,1.515
1/13/16,100.32,101.19,97.3,97.39,62439631,0.906,1,,10/17/16,0.906
1/12/16,100.55,100.69,98.8399,99.96,49154227,-1.25,1,,10/16/16,-1.25
1/11/16,98.97,99.06,97.34,98.53,49739377,0.647,0,,10/15/16,0.647
1/8/16,98.55,99.11,96.76,96.96,70798016,0.703,0,,10/14/16,0.703
1/7/16,98.68,100.13,96.43,96.45,81094428,-1,0,,10/13/16,-1
1/6/16,100.56,102.37,99.87,100.7,68457388,-1.345,1,,10/12/16,-1.345
1/5/16,105.75,105.85,102.41,102.71,55790992,-1.51,1,,10/11/16,-1.51
1/4/16,102.61,105.368,102,105.35,67649387,-1.303,0,,10/10/16,-1.303
12/31/15,107.01,107.03,104.82,105.26,40912316,2,1,,10/9/16,2
12/30/15,108.58,108.7,107.18,107.32,25213777,-1.077,1,,10/8/16,-1.077
12/29/15,106.96,109.43,106.86,108.74,30931243,1.065,0,,10/7/16,1.065
12/28/15,107.59,107.69,106.1807,106.82,26704210,0.75,1,,10/6/16,0.75
12/24/15,109,109,107.95,108.03,13596680,0.618,1,,10/5/16,0.618
12/23/15,107.27,108.85,107.2,108.61,32657354,0.597,0,,10/4/16,0.597
12/22/15,107.4,107.72,106.451,107.23,32789367,0.259,0,,10/3/16,0.259
12/21/15,107.28,107.37,105.57,107.33,47590610,0.625,0,,10/2/16,0.625
12/18/15,108.91,109.52,105.81,106.03,96453327,0.409,0,,10/1/16,0.409
12/17/15,112.02,112.25,108.98,108.98,44772827,0.487,1,,9/30/16,0.487
12/16/15,111.07,111.99,108.8,111.34,56238467,0.448,0,,9/29/16,0.448
12/15/15,111.94,112.8,110.35,110.49,53323105,1,1,,9/28/16,1
12/14/15,112.18,112.68,109.79,112.48,65003609,0.759,0,,9/27/16,0.759
12/11/15,115.19,115.39,112.851,113.18,46886161,0.233,1,,9/26/16,0.233
12/10/15,116.04,116.94,115.51,116.17,29212727,0.8,1,,9/25/16,0.8
12/9/15,117.64,117.69,115.08,115.62,46361357,0.765,0,,9/24/16,0.765
12/8/15,117.52,118.6,116.86,118.23,34309450,0.049,1,,9/23/16,0.049
12/7/15,118.98,119.86,117.81,118.28,32084249,0.929,1,,9/22/16,0.929
12/4/15,115.29,119.25,115.11,119.03,57776977,0.133,0,,9/21/16,0.133
12/3/15,116.55,116.79,114.22,115.2,41569509,0.327,1,,9/20/16,0.327
12/2/15,117.05,118.11,116.08,116.28,33386563,0.043,1,,9/19/16,0.043
12/1/15,118.75,118.81,116.86,117.34,34852374,0.333,0,,9/18/16,0.333
11/30/15,117.99,119.41,117.75,118.3,39180322,1.138,0,,9/17/16,1.138
11/27/15,118.29,118.41,117.6,117.81,13046445,1.326,1,,9/16/16,1.326
11/25/15,119.21,119.23,117.92,118.03,21388308,0.773,0,,9/15/16,0.773
11/24/15,117.33,119.35,117.12,118.88,42803172,0.25,0,,9/14/16,0.25
11/23/15,119.27,119.73,117.34,117.75,32482528,0.345,1,,9/13/16,0.345
11/20/15,119.2,119.92,118.85,119.3,34287096,-1.164,0,,9/12/16,-1.164
11/19/15,117.64,119.75,116.76,118.78,43295820,1.571,0,,9/11/16,1.571
11/18/15,115.76,117.49,115.5,117.29,46674697,0.054,0,,9/10/16,0.054
11/17/15,114.92,115.05,113.32,113.69,27583101,-1.15,1,,9/9/16,-1.15
11/16/15,111.38,114.24,111,114.175,38106701,0.698,0,,9/8/16,0.698
11/13/15,115.2,115.57,112.27,112.34,45812403,1.161,0,,9/7/16,1.161
11/12/15,116.26,116.82,115.65,115.72,32525579,0.407,1,,9/6/16,0.407
11/11/15,116.37,117.42,115.21,116.11,45217971,0.143,0,,9/5/16,0.143
11/10/15,116.9,118.07,116.061,116.77,59127931,1.154,0,,9/4/16,1.154
11/9/15,120.96,121.81,120.05,120.57,33871405,0.219,1,,9/3/16,0.219
11/6/15,121.11,121.81,120.62,121.06,33042283,-1.634,1,,9/2/16,-1.634
11/5/15,121.85,122.69,120.18,120.92,39552680,0.198,0,,9/1/16,0.198
11/4/15,123.13,123.82,121.62,122,44886050,0.6,0,,8/31/16,0.6
11/3/15,120.79,123.49,120.7,122.57,45518976,0.2,0,,8/30/16,0.2
11/2/15,119.87,121.36,119.61,121.18,32203267,-1.305,1,,8/29/16,-1.305
10/30/15,120.99,121.22,119.45,119.5,49365254,-1,0,,8/28/16,-1
10/29/15,118.7,120.69,118.27,120.53,51227334,-1.231,0,,8/27/16,-1.231
10/28/15,116.93,119.3,116.06,119.27,85551352,-1.116,0,,8/26/16,-1.116
10/27/15,115.4,116.54,113.99,114.55,69884400,-1,1,,8/25/16,-1
10/26/15,118.08,118.13,114.92,115.28,66333781,2.038,1,,8/24/16,2.038
10/23/15,116.7,119.228,116.33,119.08,59366914,1.372,1,,8/23/16,1.372
10/22/15,114.33,115.5,114.1,115.5,41654089,0.316,1,,8/22/16,0.316
10/21/15,114,115.58,113.7,113.76,42326974,1.222,0,,8/21/16,1.222
10/20/15,111.34,114.17,110.82,113.77,48967763,1.5,0,,8/20/16,1.5
10/19/15,110.8,111.75,110.11,111.73,29759153,1.848,1,,8/19/16,1.848
10/16/15,111.78,112,110.53,111.04,39232609,-1.125,0,,8/18/16,-1.125
10/15/15,110.93,112.1,110.49,111.86,37673452,0.343,1,,8/17/16,0.343
10/14/15,111.29,111.52,109.56,110.21,44462449,0.159,0,,8/16/16,0.159
10/13/15,110.82,112.45,110.68,111.79,33049256,1.519,1,,8/15/16,1.519
10/12/15,112.73,112.75,111.44,111.6,30467204,1,1,,8/14/16,1
10/9/15,110,112.28,109.49,112.12,52766140,0.333,0,,8/13/16,0.333
10/8/15,110.19,110.19,108.21,109.5,61979577,0.5,0,,8/12/16,0.5
10/7/15,111.74,111.77,109.41,110.78,46765550,0.515,1,,8/11/16,0.515
10/6/15,110.63,111.74,109.765,111.31,48856977,0.24,0,,8/10/16,0.24
10/5/15,109.88,111.3698,109.07,110.78,52064743,0.333,0,,8/9/16,0.333
10/2/15,108.01,111.0136,107.55,110.38,58019758,0.821,0,,8/8/16,0.821
10/1/15,109.07,109.62,107.31,109.58,63929100,0,0,,8/7/16,0
9/30/15,110.17,111.54,108.73,109.95,65041596,0,0,,8/6/16,0
9/29/15,112.83,113.51,107.86,109.06,73365384,-1.429,0,,8/5/16,-1.429
9/28/15,113.85,114.57,112.44,112.44,50782189,0.955,1,,8/4/16,0.955
9/25/15,116.44,116.69,114.02,114.71,56151926,1.065,0,,8/3/16,1.065
9/24/15,113.25,115.5,112.37,115,50219475,0.28,1,,8/2/16,0.28
9/23/15,113.63,114.72,113.3,114.32,35756716,-1.239,1,,8/1/16,-1.239
9/22/15,113.38,114.18,112.5201,113.4,50346159,0.571,0,,7/31/16,0.571
9/21/15,113.67,115.37,113.66,115.21,50221965,1.5,1,,7/30/16,1.5
9/18/15,112.21,114.3,111.87,113.45,74285291,1.143,0,,7/29/16,1.143
9/17/15,115.66,116.49,113.715,113.92,64112641,1.2,1,,7/28/16,1.2
9/16/15,116.25,116.54,115.44,116.41,37173489,1.075,1,,7/27/16,1.075
9/15/15,115.93,116.53,114.42,116.28,43341155,0.3,0,,7/26/16,0.3
9/14/15,116.58,116.89,114.86,115.31,58363431,0.868,0,,7/25/16,0.868
9/11/15,111.79,114.21,111.76,114.21,49915473,0.2,1,,7/24/16,0.2
9/10/15,110.27,113.2825,109.9,112.57,62892831,1.182,0,,7/23/16,1.182
9/9/15,113.76,114.02,109.77,110.15,85010804,0.526,0,,7/22/16,0.526
9/8/15,111.65,112.56,110.32,112.31,54843626,0.806,1,,7/21/16,0.806
9/4/15,108.97,110.45,108.51,109.27,49996311,0.938,1,,7/20/16,0.938
9/3/15,112.49,112.78,110.04,110.37,53233940,-1.429,0,,7/19/16,-1.429
9/2/15,110,112.34,109.131,112.34,61888812,0.703,0,,7/18/16,0.703
9/1/15,110.18,111.88,107.36,107.72,76845860,0.625,0,,7/17/16,0.625
8/31/15,112.13,114.53,112,112.76,56229271,0.583,1,,7/16/16,0.583
8/28/15,112.17,113.31,111.54,113.29,53164407,0.719,1,,7/15/16,0.719
8/27/15,112.25,113.24,110.02,112.92,84616056,1.073,0,,7/14/16,1.073
8/26/15,107.085,109.89,105.05,109.69,96774611,0.032,0,,7/13/16,0.032
8/25/15,111.11,111.11,103.5,103.74,103601599,0.643,0,,7/12/16,0.643
8/24/15,94.87,108.8,92,103.12,162206292,0.966,0,,7/11/16,0.966
8/21/15,110.43,111.9,105.645,105.76,128275471,1.4,1,,7/10/16,1.4
8/20/15,114.08,114.35,111.63,112.65,68501622,0.667,1,,7/9/16,0.667
8/19/15,116.1,116.52,114.68,115.01,48286510,1.167,1,,7/8/16,1.167
8/18/15,116.43,117.44,116.01,116.5,34560708,2.385,1,,7/7/16,2.385
8/17/15,116.04,117.65,115.5,117.16,40884745,0.257,0,,7/6/16,0.257
8/14/15,114.32,116.31,114.01,115.96,42929516,1.641,0,,7/5/16,1.641
8/13/15,116.04,116.4,114.54,115.15,48535789,1.286,0,,7/4/16,1.286
8/12/15,112.53,115.42,109.63,115.24,101685610,0.375,0,,7/3/16,0.375
8/11/15,117.81,118.18,113.33,113.49,97082814,-1.882,1,,7/2/16,-1.882
8/10/15,116.53,119.99,116.53,119.72,54951597,0.906,1,,7/1/16,0.906
8/7/15,114.58,116.25,114.5,115.52,38670405,0.19,1,,6/30/16,0.19
8/6/15,115.97,116.5,114.115,115.13,52903040,0.533,0,,6/29/16,0.533
8/5/15,112.95,117.44,112.1,115.4,98384461,0.172,0,,6/28/16,0.172
8/4/15,117.42,117.7,113.25,114.64,124138623,0.769,0,,6/27/16,0.769
8/3/15,121.5,122.57,117.52,118.44,69975968,2.2,1,,6/26/16,2.2
7/31/15,122.6,122.6425,120.91,121.3,42884953,-1.818,1,,6/25/16,-1.818
7/30/15,122.32,122.5699,121.71,122.37,33628268,-1.773,1,,6/24/16,-1.773
7/29/15,123.15,123.5,122.27,122.99,37011653,0.265,0,,6/23/16,0.265
7/28/15,123.38,123.91,122.55,123.38,33618097,0.344,1,,6/22/16,0.344
7/27/15,123.09,123.61,122.12,122.77,44455540,0.857,0,,6/21/16,0.857
7/24/15,125.32,125.74,123.9,124.5,42162332,0.864,1,,6/20/16,0.864
7/23/15,126.2,127.09,125.06,125.16,50999452,1.167,0,,6/19/16,1.167
7/22/15,121.99,125.5,121.99,125.22,115450607,0.174,0,,6/18/16,0.174
7/21/15,132.85,132.92,130.32,130.75,76756427,-1.732,1,,6/17/16,-1.732
7/20/15,130.97,132.97,130.7,132.07,58900203,0.2,1,,6/16/16,0.2
7/17/15,129.08,129.62,128.31,129.62,46164710,1.405,1,,6/15/16,1.405
7/16/15,127.74,128.57,127.35,128.51,36222447,1.882,1,,6/14/16,1.882
7/15/15,125.72,127.15,125.58,126.82,33649200,1.514,1,,6/13/16,1.514
7/14/15,126.04,126.37,125.04,125.61,31768139,0.6,1,,6/12/16,0.6
7/13/15,125.03,125.755,124.32,125.66,41440538,0.444,0,,6/11/16,0.444
7/10/15,121.94,123.85,121.21,123.28,61354474,1.413,0,,6/10/16,1.413
7/9/15,123.85,124.06,119.22,120.07,78595038,-1.217,0,,6/9/16,-1.217
7/8/15,124.48,124.64,122.54,122.57,60761614,1.133,1,,6/8/16,1.133
7/7/15,125.89,126.15,123.77,125.69,46946811,1.256,1,,6/7/16,1.256
7/6/15,124.94,126.23,124.85,126,28060431,0.105,1,,6/6/16,0.105
7/2/15,126.43,126.69,125.77,126.44,27210952,-1,1,,6/5/16,-1
7/1/15,126.9,126.94,125.99,126.6,30238811,0.25,0,,6/4/16,0.25
6/30/15,125.57,126.12,124.86,125.425,44370682,0.772,0,,6/3/16,0.772
6/29/15,125.46,126.47,124.48,124.53,49161427,0.843,0,,6/2/16,0.843
,,,,,,,,,,
,,,,,,,,,,
,,,,,,,,,,
,,,,,,,,,,
,,,,,,,,,,
,,,,,,,,,,
,,,,,,,,,,
,,,,,,,,,,
,,,,,,,,,,
,,,,,,,,,,
,,,,,,,,,,
,,,,,,,,,,
,,,,,,,,,,
,,,,,,,,,,
,,,,,,,,,,
,,,,,,,,,,
,,,,,,,,,,
,,,,,,,,,,
,,,,,,,,,,
,,,,,,,,,,
,,,,,,,,,,
,,,,,,,,,,
,,,,,,,,,,
,,,,,,,,,,
,,,,,,,,,,
,,,,,,,,,,
,,,,,,,,,,
,,,,,,,,,,
,,,,,,,,,,
,,,,,,,,,,
,,,,,,,,,,
,,,,,,,,,,
,,,,,,,,,,
,,,,,,,,,,
,,,,,,,,,,
,,,,,,,,,,
,,,,,,,,,,
,,,,,,,,,,
,,,,,,,,,,
,,,,,,,,,,
,,,,,,,,,,
,,,,,,,,,,
,,,,,,,,,,
,,,,,,,,,,
,,,,,,,,,,
,,,,,,,,,,
,,,,,,,,,,
,,,,,,,,,,
,,,,,,,,,,
,,,,,,,,,,
,,,,,,,,,,
,,,,,,,,,,
,,,,,,,,,,
,,,,,,,,,,
,,,,,,,,,,
,,,,,,,,,,
,,,,,,,,,,
,,,,,,,,,,
,,,,,,,,,,
,,,,,,,,,,
,,,,,,,,,,
,,,,,,,,,,
,,,,,,,,,,
,,,,,,,,,,
,,,,,,,,,,
,,,,,,,,,,
,,,,,,,,,,
,,,,,,,,,,
,,,,,,,,,,
,,,,,,,,,,
,,,,,,,,,,
,,,,,,,,,,
,,,,,,,,,,
,,,,,,,,,,
,,,,,,,,,,
,,,,,,,,,,
,,,,,,,,,,
,,,,,,,,,,
,,,,,,,,,,
,,,,,,,,,,
,,,,,,,,,,
,,,,,,,,,,
,,,,,,,,,,
,,,,,,,,,,
,,,,,,,,,,
,,,,,,,,,,
,,,,,,,,,,
,,,,,,,,,,
,,,,,,,,,,
,,,,,,,,,,
,,,,,,,,,,
,,,,,,,,,,
,,,,,,,,,,
,,,,,,,,,,
,,,,,,,,,,
,,,,,,,,,,
,,,,,,,,,,
,,,,,,,,,,
,,,,,,,,,,
,,,,,,,,,,
,,,,,,,,,,
,,,,,,,,,,
,,,,,,,,,,
,,,,,,,,,,
,,,,,,,,,,
,,,,,,,,,,
,,,,,,,,,,
,,,,,,,,,,
,,,,,,,,,,
,,,,,,,,,,
,,,,,,,,,,
,,,,,,,,,,
,,,,,,,,,,
,,,,,,,,,,
,,,,,,,,,,
,,,,,,,,,,
,,,,,,,,,,
,,,,,,,,,,
,,,,,,,,,,
,,,,,,,,,,
,,,,,,,,,,
,,,,,,,,,,
,,,,,,,,,,
,,,,,,,,,,
,,,,,,,,,,
,,,,,,,,,,
,,,,,,,,,,
,,,,,,,,,,
,,,,,,,,,,
,,,,,,,,,,
,,,,,,,,,,
,,,,,,,,,,
,,,,,,,,,,
,,,,,,,,,,
,,,,,,,,,,
,,,,,,,,,,
,,,,,,,,,,
,,,,,,,,,,
,,,,,,,,,,
,,,,,,,,,,
,,,,,,,,,,
,,,,,,,,,,
,,,,,,,,,,
,,,,,,,,,,
,,,,,,,,,,
,,,,,,,,,,
,,,,,,,,,,
,,,,,,,,,,
,,,,,,,,,,
,,,,,,,,,,
,,,,,,,,,,
,,,,,,,,,,
,,,,,,,,,,
,,,,,,,,,,
,,,,,,,,,,
,,,,,,,,,,
,,,,,,,,,,
,,,,,,,,,,
,,,,,,,,,,
,,,,,,,,,,
,,,,,,,,,,
,,,,,,,,,,
,,,,,,,,,,
,,,,,,,,,,
,,,,,,,,,,
,,,,,,,,,,
,,,,,,,,,,
,,,,,,,,,,
,,,,,,,,,,
,,,,,,,,,,
,,,,,,,,,,
,,,,,,,,,,
,,,,,,,,,,
,,,,,,,,,,
,,,,,,,,,,
,,,,,,,,,,
,,,,,,,,,,
,,,,,,,,,,
,,,,,,,,,,
,,,,,,,,,,
,,,,,,,,,,
,,,,,,,,,,
,,,,,,,,,,
,,,,,,,,,,
,,,,,,,,,,
,,,,,,,,,,
,,,,,,,,,,
,,,,,,,,,,
,,,,,,,,,,
,,,,,,,,,,
,,,,,,,,,,
,,,,,,,,,,
,,,,,,,,,,
,,,,,,,,,,
,,,,,,,,,,
,,,,,,,,,,
,,,,,,,,,,
,,,,,,,,,,
,,,,,,,,,,
,,,,,,,,,,
,,,,,,,,,,
,,,,,,,,,,
,,,,,,,,,,
,,,,,,,,,,
,,,,,,,,,,
,,,,,,,,,,
,,,,,,,,,,
,,,,,,,,,,
,,,,,,,,,,
,,,,,,,,,,
,,,,,,,,,,
,,,,,,,,,,
,,,,,,,,,,
,,,,,,,,,,
,,,,,,,,,,
,,,,,,,,,,
,,,,,,,,,,
,,,,,,,,,,
,,,,,,,,,,
,,,,,,,,,,
,,,,,,,,,,
,,,,,,,,,,
,,,,,,,,,,
,,,,,,,,,,
,,,,,,,,,,
,,,,,,,,,,
,,,,,,,,,,
,,,,,,,,,,
,,,,,,,,,,
,,,,,,,,,,
,,,,,,,,,,
,,,,,,,,,,
,,,,,,,,,,
,,,,,,,,,,
,,,,,,,,,,
,,,,,,,,,,
,,,,,,,,,,
,,,,,,,,,,
,,,,,,,,,,
,,,,,,,,,,
,,,,,,,,,,
,,,,,,,,,,
,,,,,,,,,,
,,,,,,,,,,
,,,,,,,,,,
,,,,,,,,,,
,,,,,,,,,,
,,,,,,,,,,
,,,,,,,,,,
,,,,,,,,,,
,,,,,,,,,,
,,,,,,,,,,
,,,,,,,,,,
,,,,,,,,,,
,,,,,,,,,,
,,,,,,,,,,
,,,,,,,,,,
,,,,,,,,,,
,,,,,,,,,,
,,,,,,,,,,
,,,,,,,,,,
,,,,,,,,,,
,,,,,,,,,,
,,,,,,,,,,
,,,,,,,,,,
,,,,,,,,,,
,,,,,,,,,,
,,,,,,,,,,
,,,,,,,,,,
,,,,,,,,,,
,,,,,,,,,,
,,,,,,,,,,
,,,,,,,,,,
,,,,,,,,,,
,,,,,,,,,,
,,,,,,,,,,
,,,,,,,,,,
,,,,,,,,,,
,,,,,,,,,,
,,,,,,,,,,
,,,,,,,,,,
,,,,,,,,,,
,,,,,,,,,,
,,,,,,,,,,
,,,,,,,,,,
,,,,,,,,,,
,,,,,,,,,,
,,,,,,,,,,
,,,,,,,,,,
,,,,,,,,,,
,,,,,,,,,,
,,,,,,,,,,
,,,,,,,,,,
,,,,,,,,,,
,,,,,,,,,,
,,,,,,,,,,
,,,,,,,,,,
,,,,,,,,,,
,,,,,,,,,,
,,,,,,,,,,
,,,,,,,,,,
,,,,,,,,,,
,,,,,,,,,,
,,,,,,,,,,
,,,,,,,,,,
,,,,,,,,,,
,,,,,,,,,,
,,,,,,,,,,
,,,,,,,,,,
,,,,,,,,,,
,,,,,,,,,,
,,,,,,,,,,
,,,,,,,,,,
,,,,,,,,,,
,,,,,,,,,,
,,,,,,,,,,
,,,,,,,,,,
,,,,,,,,,,
,,,,,,,,,,
,,,,,,,,,,
,,,,,,,,,,
,,,,,,,,,,
,,,,,,,,,,
,,,,,,,,,,
,,,,,,,,,,
,,,,,,,,,,
,,,,,,,,,,
,,,,,,,,,,
,,,,,,,,,,
,,,,,,,,,,
,,,,,,,,,,
,,,,,,,,,,
,,,,,,,,,,
,,,,,,,,,,
,,,,,,,,,,
,,,,,,,,,,
,,,,,,,,,,