Date,AAPL Close,SPY Close,AAPL Label,,Date,Sentiment AAPL
7/3/13,60.114285,161.360001,1,,7/3/13,1.582
7/5/13,59.631428,161.210007,0,,7/5/13,-1.729
7/8/13,59.292858,161.279999,0,,7/6/13,-1.111
7/9/13,60.335712,163.020004,1,,7/7/13,-1
7/10/13,60.104286,163.949997,0,,7/8/13,1.083
7/11/13,61.041428,165.130005,1,,7/9/13,0.711
7/12/13,60.93,165.190002,0,,7/10/13,-1.567
7/15/13,61.062859,167.440002,1,,7/11/13,0.925
7/16/13,61.457142,167.509995,1,,7/12/13,1.345
7/17/13,61.472858,168.149994,1,,7/13/13,1.545
7/18/13,61.68,167.520004,1,,7/14/13,2.2
7/19/13,60.707142,167.949997,0,,7/15/13,0.159
7/22/13,60.901428,168.869995,1,,7/16/13,0.533
7/23/13,59.855713,169.169998,0,,7/17/13,1.432
7/24/13,62.93,169.5,1,,7/18/13,0.873
7/25/13,62.642857,169.139999,0,,7/19/13,0.083
7/26/13,62.998573,168.520004,1,,7/20/13,1.621
7/29/13,63.970001,168.929993,1,,7/21/13,-1.842
7/30/13,64.760002,169.110001,1,,7/22/13,0.493
7/31/13,64.647141,168.589996,0,,7/23/13,1.081
8/1/13,65.239998,168.589996,1,,7/24/13,0.864
8/2/13,66.077141,168.710007,1,,7/25/13,0.8
8/5/13,67.064285,170.660004,1,,7/26/13,0.787
8/6/13,66.464287,170.949997,0,,7/27/13,-1.125
8/7/13,66.425713,170.699997,0,,7/28/13,1.667
8/8/13,65.858574,169.729996,0,,7/29/13,-1.544
8/9/13,64.921425,169.179993,0,,7/30/13,0.145
8/12/13,66.765717,169.800003,1,,7/31/13,-1.279
8/13/13,69.938568,169.309998,1,,8/1/13,0.403
8/14/13,71.214287,169.110001,1,,8/2/13,-1.09
8/15/13,71.129997,169.610001,0,,8/3/13,-2.639
8/16/13,71.761429,168.740005,1,,8/4/13,-1.875
8/19/13,72.534286,166.380005,1,,8/5/13,-1.351
8/20/13,71.581429,165.830002,0,,8/6/13,-1.646
8/21/13,71.765717,164.770004,1,,8/7/13,-1.064
8/22/13,71.851425,165.580002,1,,8/8/13,0.22
8/23/13,71.574287,164.559998,0,,8/9/13,-1.208
8/26/13,71.852859,166.059998,1,,8/10/13,-1.339
8/27/13,69.798569,166.619995,0,,8/11/13,-1.462
8/28/13,70.128571,166,1,,8/12/13,0.238
8/29/13,70.242859,163.330002,1,,8/13/13,0.664
8/30/13,69.602859,163.910004,0,,8/14/13,0.55
9/3/13,69.797142,164.169998,1,,8/15/13,1.02
9/4/13,71.241432,163.649994,1,,8/16/13,0.85
9/5/13,70.752853,164.389999,0,,8/17/13,0.688
9/6/13,71.174286,165.75,1,,8/18/13,1.154
9/9/13,72.309998,165.960007,1,,8/19/13,1.351
9/10/13,70.662857,166.039993,0,,8/20/13,-1.184
9/11/13,66.815712,167.630005,0,,8/21/13,0.476
9/12/13,67.527145,168.869995,1,,8/22/13,0.852
9/13/13,66.414284,169.399994,0,,8/23/13,-1.156
9/16/13,64.302856,168.949997,0,,8/24/13,-1.104
9/17/13,65.045715,169.330002,1,,8/25/13,-1.278
9/18/13,66.382858,170.309998,1,,8/26/13,0.868
9/19/13,67.471428,171.070007,1,,8/27/13,-1.203
9/20/13,66.772858,173.050003,0,,8/28/13,0.78
9/23/13,70.091431,172.759995,1,,8/29/13,1.182
9/24/13,69.871429,170.720001,0,,8/30/13,0.632
9/25/13,68.790001,169.929993,0,,8/31/13,1.556
9/26/13,69.459999,169.529999,1,,9/1/13,2.143
9/27/13,68.964287,169.039993,0,,9/2/13,1.308
9/30/13,68.10714,169.690002,0,,9/3/13,0.901
10/1/13,69.708572,168.910004,1,,9/4/13,0.871
10/2/13,69.937141,168.009995,1,,9/5/13,1.395
10/3/13,69.058571,169.339996,0,,9/6/13,0.83
10/4/13,69.004288,169.179993,0,,9/7/13,-1.25
10/7/13,69.678574,167.619995,1,,9/8/13,0.529
10/8/13,68.705711,168.889999,0,,9/9/13,1.73
10/9/13,69.512856,167.429993,1,,9/10/13,1.27
10/10/13,69.94857,165.479996,1,,9/11/13,0.347
10/11/13,70.401428,165.600006,1,,9/12/13,0.592
10/14/13,70.862854,169.169998,1,,9/13/13,0.764
10/15/13,71.239998,170.259995,1,,9/14/13,1.7
10/16/13,71.587143,170.940002,1,,9/15/13,0.875
10/17/13,72.071426,169.699997,1,,9/16/13,0.756
10/18/13,72.69857,172.070007,1,,9/17/13,1.238
10/21/13,74.480003,173.220001,1,,9/18/13,0.876
10/22/13,74.267143,174.389999,0,,9/19/13,0.422
10/23/13,74.994286,174.399994,1,,9/20/13,0.375
10/24/13,75.987144,175.410004,1,,9/21/13,-1.348
10/25/13,75.137146,174.570007,0,,9/22/13,-1.067
10/28/13,75.697144,175.149994,1,,9/23/13,0.386
10/29/13,73.811432,175.949997,0,,9/24/13,0.345
10/30/13,74.985718,176.229996,1,,9/25/13,1.25
10/31/13,74.671425,177.169998,0,,9/26/13,0.792
11/1/13,74.290001,176.289993,0,,9/27/13,0.424
11/4/13,75.25,175.789993,1,,9/28/13,-1.176
11/5/13,75.064285,176.210007,0,,9/29/13,1.143
11/6/13,74.417145,176.830002,0,,9/30/13,0.516
11/7/13,73.21286,176.270004,0,,10/1/13,0.809
11/8/13,74.365715,177.169998,1,,10/2/13,0.579
11/11/13,74.150002,174.929993,0,,10/3/13,0.397
11/12/13,74.28714,177.289993,1,,10/4/13,0.573
11/13/13,74.375717,177.320007,1,,10/5/13,-1.053
11/14/13,75.451431,176.960007,1,,10/6/13,-1.333
11/15/13,74.998573,178.380005,0,,10/7/13,0.255
11/18/13,74.089996,179.270004,0,,10/8/13,-1.29
11/19/13,74.221428,180.050003,1,,10/9/13,0.915
11/20/13,73.571426,179.419998,0,,10/10/13,0.588
11/21/13,74.44857,179.029999,1,,10/11/13,0.963
11/22/13,74.257141,178.470001,0,,10/12/13,1
11/25/13,74.82,179.910004,1,,10/13/13,3
11/26/13,76.199997,180.809998,1,,10/14/13,1.316
11/27/13,77.994286,180.630005,1,,10/15/13,1.391
11/29/13,79.438568,180.679993,1,,10/16/13,0.071
12/2/13,78.747147,181.119995,0,,10/17/13,0.667
12/3/13,80.902855,181,1,,10/18/13,1.37
12/4/13,80.714287,180.529999,0,,10/19/13,2.45
12/5/13,81.128571,179.75,1,,10/20/13,3
12/6/13,80.002853,179.729996,0,,10/21/13,0.644
12/9/13,80.918571,178.940002,1,,10/22/13,1.462
12/10/13,80.792854,180.940002,0,,10/23/13,0.89
12/11/13,80.194283,181.399994,0,,10/24/13,0.558
12/12/13,80.077141,180.75,0,,10/25/13,1.631
12/13/13,79.204285,178.720001,0,,10/26/13,2.24
12/16/13,79.64286,178.130005,1,,10/27/13,1.25
12/17/13,79.284286,178.110001,0,,10/28/13,0.873
12/18/13,78.681427,179.220001,0,,10/29/13,0.226
12/19/13,77.779999,178.649994,0,,10/30/13,0.635
12/20/13,78.431427,181.699997,1,,10/31/13,0.395
12/23/13,81.441429,181.490005,1,,11/1/13,0.481
12/24/13,81.095711,181.559998,0,,11/2/13,2.182
12/26/13,80.557144,182.529999,0,,11/3/13,1
12/27/13,80.012856,182.929993,0,,11/4/13,0.75
12/30/13,79.21714,183.860001,0,,11/5/13,0.375
12/31/13,80.145714,183.850006,1,,11/6/13,0.97
1/2/14,79.01857,183.820007,0,,11/7/13,0.792
1/3/14,77.28286,184.690002,0,,11/8/13,0.34
1/6/14,77.704285,182.919998,1,,11/9/13,-1.312
1/7/14,77.148575,182.889999,0,,11/10/13,2.087
1/8/14,77.637146,182.360001,1,,11/11/13,1.58
1/9/14,76.645714,183.479996,0,,11/12/13,0.794
1/10/14,76.134285,183.520004,0,,11/13/13,0.289
1/13/14,76.53286,183.639999,1,,11/14/13,0.554
1/14/14,78.055717,184.139999,1,,11/15/13,0.4
1/15/14,79.622856,181.690002,1,,11/16/13,-1.333
1/16/14,79.178574,183.669998,0,,11/17/13,1.167
1/17/14,77.238571,184.660004,0,,11/18/13,0.513
1/21/14,78.438568,184.419998,1,,11/19/13,0.449
1/22/14,78.78714,183.639999,1,,11/20/13,0.424
1/23/14,79.454285,184.179993,1,,11/21/13,0.32
1/24/14,78.010002,184.300003,0,,11/22/13,0.5
1/27/14,78.64286,182.789993,1,,11/23/13,0.909
1/28/14,72.35714,178.889999,0,,11/24/13,1.667
1/29/14,71.535713,178.009995,0,,11/25/13,0.855
1/30/14,71.397141,179.070007,0,,11/26/13,0.051
1/31/14,71.514282,177.350006,1,,11/27/13,1.322
2/3/14,71.647141,179.229996,1,,11/28/13,-1.276
2/4/14,72.684288,178.179993,1,,11/29/13,1.263
2/5/14,73.227142,174.169998,1,,11/30/13,1.75
2/6/14,73.215714,175.389999,0,,12/1/13,0.571
2/7/14,74.239998,175.169998,1,,12/2/13,1.022
2/10/14,75.57,177.479996,1,,12/3/13,0.526
2/11/14,76.565712,179.679993,1,,12/4/13,1.725
2/12/14,76.559998,180.009995,0,,12/5/13,0.75
2/13/14,77.775711,181.979996,1,,12/6/13,1.129
2/14/14,77.71286,182.070007,0,,12/7/13,0.583
2/18/14,77.998573,183.009995,1,,12/8/13,-1.6
2/19/14,76.767143,184.020004,0,,12/9/13,1.058
2/20/14,75.878571,184.240005,0,,12/10/13,0.61
2/21/14,75.035713,183.020004,0,,12/11/13,0.85
2/24/14,75.364288,184.100006,1,,12/12/13,0.705
2/25/14,74.580002,183.889999,0,,12/13/13,0.435
2/26/14,73.907143,184.910004,0,,12/14/13,-1.286
2/27/14,75.381432,184.839996,1,,12/15/13,1
2/28/14,75.177139,184.850006,0,,12/16/13,1.058
3/3/14,75.394287,185.820007,1,,12/17/13,0.8
3/4/14,75.891426,186.289993,1,,12/18/13,1.18
3/5/14,76.05143,184.979996,1,,12/19/13,1.469
3/6/14,75.821426,187.580002,0,,12/20/13,0.407
3/7/14,75.777145,187.75,0,,12/21/13,-1.133
3/10/14,75.845711,188.179993,1,,12/22/13,0.222
3/11/14,76.584282,188.259995,1,,12/23/13,2.022
3/12/14,76.658569,188.160004,1,,12/24/13,1.667
3/13/14,75.807144,187.229996,0,,12/25/13,0.1
3/14/14,74.955711,187.279999,0,,12/26/13,1.25
3/17/14,75.248573,185.179993,1,,12/27/13,0.353
3/18/14,75.914284,184.660004,1,,12/28/13,1.19
3/19/14,75.894287,186.330002,0,,12/29/13,0.1
3/20/14,75.528572,187.660004,0,,12/30/13,0.482
3/21/14,76.124283,186.660004,1,,12/31/13,-1.02
3/24/14,77.027145,187.75,1,,1/1/14,0.438
3/25/14,77.855713,186.199997,1,,1/2/14,-1.113
3/26/14,77.111427,185.429993,0,,1/3/14,0.036
3/27/14,76.779999,186.309998,0,,1/4/14,-1.187
3/28/14,76.694283,184.970001,0,,1/5/14,-1.333
3/31/14,76.677139,184.580002,0,,1/6/14,0.37
4/1/14,77.378571,185.490005,1,,1/7/14,0.197
4/2/14,77.507141,187.009995,1,,1/8/14,0.966
4/3/14,76.970001,188.25,0,,1/9/14,0.584
4/4/14,75.974289,188.880005,0,,1/10/14,0.818
4/7/14,74.781425,188.630005,0,,1/11/14,0.385
4/8/14,74.777145,186.399994,0,,1/12/14,-1
4/9/14,75.760002,184.339996,1,,1/13/14,0.578
4/10/14,74.78286,185.100006,0,,1/14/14,0.78
4/11/14,74.230003,187.089996,0,,1/15/14,1.404
4/14/14,74.525711,183.160004,1,,1/16/14,0.8
4/15/14,73.994286,181.509995,0,,1/17/14,0.039
4/16/14,74.144287,182.940002,1,,1/18/14,1.333
4/17/14,74.991432,184.199997,1,,1/19/14,3.167
4/21/14,75.881432,186.130005,1,,1/20/14,0.607
4/22/14,75.957146,186.389999,1,,1/21/14,0.653
4/23/14,74.964287,187.039993,0,,1/22/14,0.841
4/24/14,81.110001,187.889999,1,,1/23/14,0.359
4/25/14,81.705711,187.449997,1,,1/24/14,0.597
4/28/14,84.870003,187.830002,1,,1/25/14,0.077
4/29/14,84.618568,186.289993,0,,1/26/14,0.85
4/30/14,84.298569,186.880005,0,,1/27/14,0.19
5/1/14,84.497147,187.75,1,,1/28/14,0.373
5/2/14,84.654289,188.309998,1,,1/29/14,0.653
5/5/14,85.851425,188.330002,1,,1/30/14,0.163
5/6/14,84.915718,188.059998,0,,1/31/14,0.232
5/7/14,84.618568,188.419998,0,,2/1/14,-1.043
5/8/14,83.998573,186.779999,0,,2/2/14,0.917
5/9/14,83.648575,187.880005,0,,2/3/14,0.342
5/12/14,84.690002,187.679993,1,,2/4/14,0.739
5/13/14,84.822861,187.960007,1,,2/5/14,1.204
5/14/14,84.83857,189.789993,1,,2/6/14,0.301
5/15/14,84.117142,189.960007,0,,2/7/14,0.295
5/16/14,85.358574,189.059998,1,,2/8/14,0.3
5/19/14,86.370003,187.399994,1,,2/9/14,1.438
5/20/14,86.387146,188.050003,1,,2/10/14,0.914
5/21/14,86.615715,188.740005,1,,2/11/14,0.024
5/22/14,86.752853,187.550003,1,,2/12/14,1
5/23/14,87.732857,189.130005,1,,2/13/14,0.216
5/27/14,89.375717,189.589996,1,,2/14/14,0.271
5/28/14,89.144287,190.350006,0,,2/15/14,0.5
5/29/14,90.76857,191.520004,1,,2/16/14,-1
5/30/14,90.428574,191.380005,0,,2/17/14,1.417
6/2/14,89.807144,192.369995,0,,2/18/14,1.493
6/3/14,91.077141,192.679993,1,,2/19/14,0.25
6/4/14,92.117142,192.899994,1,,2/20/14,1.519
6/5/14,92.478569,192.800003,1,,2/21/14,1.226
6/6/14,92.224289,193.190002,0,,2/22/14,-1.293
6/9/14,93.699997,194.449997,1,,2/23/14,1.327
6/10/14,94.25,195.380005,1,,2/24/14,1.354
6/11/14,93.860001,195.580002,0,,2/25/14,0.73
6/12/14,92.290001,195.600006,0,,2/26/14,0.163
6/13/14,91.279999,194.919998,0,,2/27/14,0.722
6/16/14,92.199997,193.539993,1,,2/28/14,0.766
6/17/14,92.080002,194.130005,0,,3/1/14,1.042
6/18/14,92.18,194.289993,1,,3/2/14,0.643
6/19/14,91.860001,194.830002,0,,3/3/14,1.041
6/20/14,90.910004,196.259995,0,,3/4/14,0.226
6/23/14,90.830002,196.479996,0,,3/5/14,0.533
6/24/14,90.279999,195.940002,0,,3/6/14,0.263
6/25/14,90.360001,195.880005,1,,3/7/14,1.106
6/26/14,90.900002,194.699997,1,,3/8/14,1.75
6/27/14,91.980003,195.580002,1,,3/9/14,0.467
6/30/14,92.93,195.440002,1,,3/10/14,0.952
7/1/14,93.519997,195.820007,1,,3/11/14,1.286
7/2/14,93.480003,195.720001,0,,3/12/14,0.884
7/3/14,94.029999,197.029999,1,,3/13/14,1.268
7/7/14,95.970001,197.229996,1,,3/14/14,0.647
7/8/14,95.349998,198.199997,0,,3/15/14,0.5
7/9/14,95.389999,197.509995,1,,3/16/14,0.267
7/10/14,95.040001,196.240005,0,,3/17/14,0.425
7/11/14,95.220001,197.119995,1,,3/18/14,1.757
7/14/14,96.449997,196.339996,1,,3/19/14,0.197
7/15/14,95.32,196.610001,0,,3/20/14,0.464
7/16/14,94.779999,197.600006,0,,3/21/14,0.694
7/17/14,93.089996,197.229996,0,,3/22/14,1.667
7/18/14,94.43,197.960007,1,,3/23/14,1.238
7/21/14,93.940002,195.710007,0,,3/24/14,0.48
7/22/14,94.720001,197.710007,1,,3/25/14,1.635
7/23/14,97.190002,197.339996,1,,3/26/14,0.672
7/24/14,97.029999,198.199997,0,,3/27/14,0.849
7/25/14,97.669998,198.639999,1,,3/28/14,1.1
7/28/14,99.019997,198.649994,1,,3/29/14,0.5
7/29/14,98.379997,197.720001,0,,3/30/14,0.789
7/30/14,98.150002,197.800003,0,,3/31/14,0.917
7/31/14,95.599998,196.949997,0,,4/1/14,0.072
8/1/14,96.129997,196.979996,1,,4/2/14,0.904
8/4/14,95.589996,193.089996,0,,4/3/14,0.767
8/5/14,95.120003,192.5,0,,4/4/14,1.115
8/6/14,94.959999,193.889999,0,,4/5/14,0.5
8/7/14,94.480003,192.009995,0,,4/6/14,0.25
8/8/14,94.739998,192.070007,1,,4/7/14,0.326
8/11/14,95.989998,191.029999,1,,4/8/14,0.174
8/12/14,95.970001,193.240005,0,,4/9/14,0.543
8/13/14,97.239998,193.800003,1,,4/10/14,0.426
8/14/14,97.5,193.529999,1,,4/11/14,-1.41
8/15/14,97.980003,194.839996,1,,4/12/14,0.455
8/18/14,99.160004,195.759995,1,,4/13/14,0.571
8/19/14,100.529999,195.720001,1,,4/14/14,1.278
8/20/14,100.57,197.360001,1,,4/15/14,1.019
8/21/14,100.580002,198.389999,1,,4/16/14,0.982
8/22/14,101.32,198.919998,1,,4/17/14,1.585
8/25/14,101.540001,199.5,1,,4/18/14,0.121
8/26/14,100.889999,199.190002,0,,4/19/14,-1.444
8/27/14,102.129997,200.199997,1,,4/20/14,0.857
8/28/14,102.25,200.330002,1,,4/21/14,1.797
8/29/14,102.5,200.25,1,,4/22/14,0.906
9/2/14,103.300003,200.139999,1,,4/23/14,0.032
9/3/14,98.940002,200.710007,0,,4/24/14,1.104
9/4/14,98.120003,200.610001,0,,4/25/14,0.078
9/5/14,98.970001,200.5,1,,4/26/14,-1.656
9/8/14,98.360001,200.210007,0,,4/27/14,0.6
9/9/14,97.989998,201.110001,0,,4/28/14,0.618
9/10/14,101,200.589996,1,,4/29/14,0.424
9/11/14,101.43,199.320007,1,,4/30/14,0.5
9/12/14,101.660004,200.070007,1,,5/1/14,1.14
9/15/14,101.629997,200.300003,0,,5/2/14,0.918
9/16/14,100.860001,199.130005,0,,5/3/14,-1.608
9/17/14,101.580002,198.979996,1,,5/4/14,0.471
9/18/14,101.790001,200.479996,1,,5/5/14,0.838
9/19/14,100.959999,200.75,0,,5/6/14,0.855
9/22/14,101.059998,201.820007,1,,5/7/14,0.25
9/23/14,102.639999,200.699997,1,,5/8/14,1.303
9/24/14,101.75,199.149994,0,,5/9/14,0.316
9/25/14,97.870003,198.009995,0,,5/10/14,0.821
9/26/14,100.75,199.559998,1,,5/11/14,0.313
9/29/14,100.110001,196.339996,0,,5/12/14,1.027
9/30/14,100.75,197.899994,1,,5/13/14,0.635
10/1/14,99.18,197.539993,0,,5/14/14,0.121
10/2/14,99.900002,197.020004,1,,5/15/14,0.789
10/3/14,99.620003,194.350006,0,,5/16/14,0.283
10/6/14,99.620003,194.380005,0,,5/17/14,-2.288
10/7/14,98.75,196.520004,0,,5/18/14,-1.769
10/8/14,100.800003,196.289993,1,,5/19/14,1.857
10/9/14,101.019997,193.259995,1,,5/20/14,0.961
10/10/14,100.730003,196.639999,0,,5/21/14,1.857
10/13/14,99.809998,192.740005,0,,5/22/14,1.18
10/14/14,98.75,190.539993,0,,5/23/14,1.017
10/15/14,97.540001,187.410004,0,,5/24/14,0.68
10/16/14,96.260002,187.699997,0,,5/25/14,2.571
10/17/14,97.669998,186.429993,1,,5/26/14,0.714
10/20/14,99.760002,186.270004,1,,5/27/14,1.741
10/21/14,102.470001,188.470001,1,,5/28/14,1.269
10/22/14,102.989998,190.300003,1,,5/29/14,0
10/23/14,104.830002,194.070007,1,,5/30/14,1.414
10/24/14,105.220001,192.690002,1,,5/31/14,0.76
10/27/14,105.110001,194.929993,0,,6/1/14,0.529
10/28/14,106.739998,196.429993,1,,6/2/14,0.449
10/29/14,107.339996,196.160004,1,,6/3/14,1.286
10/30/14,106.980003,198.410004,0,,6/4/14,0.155
10/31/14,108,198.110001,1,,6/5/14,0.433
11/3/14,109.400002,199.380005,1,,6/6/14,0.821
11/4/14,108.599998,201.660004,0,,6/7/14,1.125
11/5/14,108.860001,201.770004,1,,6/8/14,0.25
11/6/14,108.699997,201.070007,0,,6/9/14,0.4
11/7/14,109.010002,202.339996,1,,6/10/14,0.403
11/10/14,108.830002,203.149994,0,,6/11/14,0.563
11/11/14,109.699997,203.339996,1,,6/12/14,1.592
11/12/14,111.25,203.979996,1,,6/13/14,1.039
11/13/14,112.82,204.179993,1,,6/14/14,0.917
11/14/14,114.18,203.960007,1,,6/15/14,1.364
11/17/14,113.989998,204.190002,0,,6/16/14,0.188
11/18/14,115.470001,204.240005,1,,6/17/14,0.915
11/19/14,114.669998,204.369995,0,,6/18/14,0.877
11/20/14,116.309998,205.550003,1,,6/19/14,0.654
11/21/14,116.470001,205.220001,1,,6/20/14,0.118
11/24/14,118.629997,205.580002,1,,6/21/14,1.214
11/25/14,117.599998,206.679993,0,,6/22/14,1.333
11/26/14,119,207.259995,1,,6/23/14,1.211
11/28/14,118.93,207.110001,0,,6/24/14,1.045
12/1/14,115.07,207.639999,0,,6/25/14,1.11
12/2/14,114.629997,207.199997,0,,6/26/14,0.707
12/3/14,115.93,205.759995,1,,6/27/14,1.038
12/4/14,115.489998,207.089996,0,,6/28/14,-1.1
12/5/14,115,207.889999,0,,6/29/14,-1
12/8/14,112.400002,207.660004,0,,6/30/14,2.147
12/9/14,114.120003,208,1,,7/1/14,1.326
12/10/14,111.949997,206.610001,0,,7/2/14,1
12/11/14,111.620003,206.470001,0,,7/3/14,-1.103
12/12/14,109.730003,203.160004,0,,7/4/14,-1.343
12/15/14,108.230003,204.190002,0,,7/5/14,1.833
12/16/14,106.75,200.889999,0,,7/6/14,-1.524
12/17/14,109.410004,199.509995,1,,7/7/14,0.38
12/18/14,112.650002,197.910004,1,,7/8/14,-1.033
12/19/14,111.779999,201.789993,0,,7/9/14,-1.295
12/22/14,112.940002,206.779999,1,,7/10/14,0.283
12/23/14,112.540001,206.520004,0,,7/11/14,0.028
12/24/14,112.010002,207.470001,0,,7/12/14,-1
12/26/14,113.989998,207.75,1,,7/13/14,-1.75
12/29/14,113.910004,207.770004,0,,7/14/14,0.875
12/30/14,112.519997,208.440002,0,,7/15/14,1.098
12/31/14,110.379997,208.720001,0,,7/16/14,0.59
1/2/15,109.330002,207.600006,0,,7/17/14,-1.241
1/5/15,106.25,205.539993,0,,7/18/14,0.138
1/6/15,106.260002,205.429993,1,,7/19/14,-1.375
1/7/15,107.75,201.720001,1,,7/20/14,0.917
1/8/15,111.889999,199.820007,1,,7/21/14,1.16
1/9/15,112.010002,202.309998,1,,7/22/14,1.416
1/12/15,109.25,205.899994,0,,7/23/14,1.675
1/13/15,110.220001,204.25,1,,7/24/14,1.374
1/14/15,109.800003,202.649994,0,,7/25/14,-1.586
1/15/15,106.82,202.080002,0,,7/26/14,0.742
1/16/15,105.989998,200.860001,0,,7/27/14,1.789
1/20/15,108.720001,199.020004,1,,7/28/14,0.987
1/21/15,109.550003,201.630005,1,,7/29/14,0.444
1/22/15,112.400002,202.059998,1,,7/30/14,0.028
1/23/15,112.980003,203.080002,1,,7/31/14,0.337
1/26/15,113.099998,206.100006,1,,8/1/14,-1.157
1/27/15,109.139999,204.970001,0,,8/2/14,-1.571
1/28/15,115.309998,205.449997,1,,8/3/14,1.75
1/29/15,118.900002,202.740005,1,,8/4/14,0.278
1/30/15,117.160004,200.139999,0,,8/5/14,0.682
2/2/15,118.629997,201.990005,1,,8/6/14,-1.77
2/3/15,118.650002,199.449997,1,,8/7/14,0.114
2/4/15,119.559998,201.919998,1,,8/8/14,-1.458
2/5/15,119.940002,204.839996,1,,8/9/14,-2.19
2/6/15,118.93,204.059998,0,,8/10/14,-1.2
2/9/15,119.720001,206.119995,1,,8/11/14,0.311
2/10/15,122.019997,205.550003,1,,8/12/14,0.676
2/11/15,124.879997,204.630005,1,,8/13/14,1.324
2/12/15,126.459999,206.809998,1,,8/14/14,0.121
2/13/15,127.080002,206.929993,1,,8/15/14,0.759
2/17/15,127.830002,208.919998,1,,8/16/14,-1.846
2/18/15,128.720001,209.779999,1,,8/17/14,-3
2/19/15,128.449997,210.110001,0,,8/18/14,1.327
2/20/15,129.5,210.130005,1,,8/19/14,2.333
2/23/15,133,209.979996,1,,8/20/14,0.768
2/24/15,132.169998,211.240005,0,,8/21/14,1.065
2/25/15,128.789993,211.210007,0,,8/22/14,0.323
2/26/15,130.419998,211.809998,1,,8/23/14,0.286
2/27/15,128.460007,211.630005,0,,8/24/14,-1.437
3/2/15,129.089996,211.380005,1,,8/25/14,1.105
3/3/15,129.360001,210.660004,1,,8/26/14,1
3/4/15,128.539993,211.990005,0,,8/27/14,0.075
3/5/15,126.410004,211.119995,0,,8/28/14,0.095
3/6/15,126.599998,210.229996,1,,8/29/14,0.815
3/9/15,127.139999,210.460007,1,,8/30/14,1
3/10/15,124.510002,207.5,0,,8/31/14,3.235
3/11/15,122.239998,208.360001,0,,9/1/14,0.531
3/12/15,124.449997,204.979996,1,,9/2/14,-1.073
3/13/15,123.589996,204.5,0,,9/3/14,-1.247
3/16/15,124.949997,207.100006,1,,9/4/14,0.288
3/17/15,127.040001,205.830002,1,,9/5/14,0.297
3/18/15,128.470001,208.580002,1,,9/6/14,1.138
3/19/15,127.5,207.960007,0,,9/7/14,2.909
3/20/15,125.900002,210.460007,0,,9/8/14,1.679
3/23/15,127.209999,209.5,1,,9/9/14,0.978
3/24/15,126.690002,210.410004,0,,9/10/14,0.473
3/25/15,123.379997,210,0,,9/11/14,0.619
3/26/15,124.239998,208.820007,1,,9/12/14,0.692
3/27/15,123.25,205.759995,0,,9/13/14,0.4
3/30/15,126.370003,205.270004,1,,9/14/14,1.75
3/31/15,124.43,205.740005,0,,9/15/14,0.612
4/1/15,124.25,208.25,0,,9/16/14,0
4/2/15,125.32,206.429993,1,,9/17/14,1.269
4/6/15,127.349998,205.699997,1,,9/18/14,0.205
4/7/15,126.010002,206.440002,0,,9/19/14,0.946
4/8/15,125.599998,207.830002,0,,9/20/14,0.605
4/9/15,126.559998,207.279999,1,,9/21/14,0.917
4/10/15,127.099998,207.979996,1,,9/22/14,0.592
4/13/15,126.849998,208.899994,0,,9/23/14,0.342
4/14/15,126.300003,210.039993,0,,9/24/14,0.483
4/15/15,126.779999,209.089996,1,,9/25/14,-1.528
4/16/15,126.169998,209.490005,0,,9/26/14,-1.255
4/17/15,124.75,210.429993,0,,9/27/14,-2.286
4/20/15,127.599998,210.369995,1,,9/28/14,-1.333
4/21/15,126.910004,207.949997,0,,9/29/14,0.257
4/22/15,128.619995,209.850006,1,,9/30/14,0.464
4/23/15,129.669998,209.600006,1,,10/1/14,0.563
4/24/15,130.279999,210.630005,1,,10/2/14,0.188
4/27/15,132.649994,211.160004,1,,10/3/14,0.889
4/28/15,130.559998,211.649994,0,,10/4/14,1.095
4/29/15,128.639999,210.770004,0,,10/5/14,-1.533
4/30/15,125.150002,211.440002,0,,10/6/14,0.167
5/1/15,128.949997,210.570007,1,,10/7/14,-1.149
5/4/15,128.699997,208.460007,0,,10/8/14,0.207
5/5/15,125.800003,210.720001,0,,10/9/14,0.311
5/6/15,125.010002,211.320007,0,,10/10/14,-1.317
5/7/15,125.260002,208.899994,1,,10/11/14,0.7
5/8/15,127.620003,208.039993,1,,10/12/14,0.615
5/11/15,126.32,208.869995,0,,10/13/14,1.714
5/12/15,125.870003,211.619995,0,,10/14/14,1.256
5/13/15,126.010002,210.610001,1,,10/15/14,0.208
5/14/15,128.949997,209.979996,1,,10/16/14,1.219
5/15/15,128.770004,210.020004,0,,10/17/14,0.675
5/18/15,130.190002,212.210007,1,,10/18/14,0.684
5/19/15,130.070007,212.440002,0,,10/19/14,1.071
5/20/15,130.059998,213.100006,0,,10/20/14,0.514
5/21/15,131.389999,213.029999,1,,10/21/14,1.825
5/22/15,132.539993,212.880005,1,,10/22/14,1.92
5/26/15,129.619995,213.5,0,,10/23/14,0.797
5/27/15,132.039993,212.990005,1,,10/24/14,0.4
5/28/15,131.779999,210.699997,0,,10/25/14,0.739
5/29/15,130.279999,212.699997,0,,10/26/14,0.737
6/1/15,130.539993,212.460007,1,,10/27/14,0.649
6/2/15,129.960007,211.139999,0,,10/28/14,1.167
6/3/15,130.119995,211.570007,1,,10/29/14,0.612
6/4/15,129.360001,211.360001,0,,10/30/14,0.853
6/5/15,128.649994,211.919998,0,,10/31/14,0.5
6/8/15,127.800003,210.130005,0,,11/1/14,-1.615
6/9/15,127.419998,209.770004,0,,11/2/14,0.375
6/10/15,128.880005,208.419998,1,,11/3/14,0.211
6/11/15,128.589996,208.449997,0,,11/4/14,0.824
6/12/15,127.169998,210.960007,0,,11/5/14,0.025
6/15/15,126.919998,211.649994,0,,11/6/14,0.516
6/16/15,127.599998,209.929993,1,,11/7/14,0.5
6/17/15,127.300003,209.100006,0,,11/8/14,0.25
6/18/15,127.879997,210.25,1,,11/9/14,0.8
6/19/15,126.599998,210.589996,0,,11/10/14,0.098
6/22/15,127.610001,212.710007,1,,11/11/14,0.661
6/23/15,127.029999,210.809998,0,,11/12/14,0.107
6/24/15,128.110001,211.889999,1,,11/13/14,1.066
6/25/15,127.5,212.050003,0,,11/14/14,0.963
6/26/15,126.75,210.509995,0,,11/15/14,1.714
6/29/15,124.529999,209.830002,0,,11/16/14,2.9
6/30/15,125.43,209.899994,1,,11/17/14,2
7/1/15,126.599998,205.470001,1,,11/18/14,0.465
7/2/15,126.440002,205.889999,0,,11/19/14,0.732
7/6/15,126,207.570007,0,,11/20/14,1.424
7/7/15,125.690002,207.320007,0,,11/21/14,1.056
7/8/15,122.57,206.669998,0,,11/22/14,1.5
7/9/15,120.07,208.009995,0,,11/23/14,1
7/10/15,123.279999,204.529999,1,,11/24/14,1.186
7/13/15,125.660004,204.800003,1,,11/25/14,1.129
7/14/15,125.610001,207.479996,0,,11/26/14,1.645
7/15/15,126.82,209.759995,1,,11/27/14,-2.25
7/16/15,128.509995,210.720001,1,,11/28/14,2
7/17/15,129.619995,210.630005,1,,11/29/14,3.5
7/20/15,132.070007,212.270004,1,,11/30/14,1
7/21/15,130.75,212.470001,0,,12/1/14,-1.538
7/22/15,125.220001,212.619995,0,,12/2/14,-1.062
7/23/15,125.160004,211.759995,0,,12/3/14,-1.471
7/24/15,124.5,211.289993,0,,12/4/14,-1.308
7/27/15,122.769997,210.139999,0,,12/5/14,-1.636
7/28/15,123.379997,207.940002,1,,12/6/14,-1.667
7/29/15,122.989998,206.740005,0,,12/7/14,0
7/30/15,122.370003,209.309998,0,,12/8/14,1.583
7/31/15,121.300003,210.770004,0,,12/9/14,-1.143
8/3/15,118.440002,210.820007,0,,12/10/14,-1.2
8/4/15,114.639999,210.449997,0,,12/11/14,0.636
8/5/15,115.400002,209.729996,1,,12/12/14,0.548
8/6/15,115.129997,209.320007,0,,12/13/14,-1
8/7/15,115.519997,210.100006,1,,12/14/14,0.143
8/10/15,119.720001,208.350006,1,,12/15/14,0.841
8/11/15,113.489998,207.919998,0,,12/16/14,-1.114
8/12/15,115.239998,210.630005,1,,12/17/14,0.271
8/13/15,115.150002,208.660004,0,,12/18/14,0.45
8/14/15,115.959999,208.919998,1,,12/19/14,0.657
8/17/15,117.160004,208.699997,1,,12/20/14,-1
8/18/15,116.5,209.360001,0,,12/21/14,4
8/19/15,115.010002,210.559998,0,,12/22/14,0.88
8/20/15,112.650002,209.929993,0,,12/23/14,0.433
8/21/15,105.760002,208.279999,0,,12/24/14,0.5
8/24/15,103.120003,204.009995,0,,12/25/14,0.176
8/25/15,103.739998,197.630005,1,,12/26/14,-1.182
8/26/15,109.690002,189.550003,1,,12/27/14,0.118
8/27/15,112.919998,187.229996,1,,12/28/14,1.056
8/28/15,113.290001,194.679993,1,,12/29/14,0.739
8/31/15,112.760002,199.160004,0,,12/30/14,-1
9/1/15,107.720001,199.240005,0,,12/31/14,0.974
9/2/15,112.339996,197.539993,1,,1/1/15,-1.261
9/3/15,110.370003,191.770004,0,,1/2/15,0.905
9/4/15,109.269997,195.410004,0,,1/3/15,0.188
9/8/15,112.309998,195.649994,1,,1/4/15,1.154
9/9/15,110.150002,192.589996,0,,1/5/15,1.321
9/10/15,112.57,197.460007,1,,1/6/15,1.765
9/11/15,114.209999,194.759995,1,,1/7/15,-1.931
9/14/15,115.309998,195.850006,1,,1/8/15,1.052
9/15/15,116.279999,196.740005,1,,1/9/15,0.98
9/16/15,116.410004,195.979996,1,,1/10/15,1.8
9/17/15,113.919998,198.449997,0,,1/11/15,2.5
9/18/15,113.449997,200.139999,0,,1/12/15,0.458
9/21/15,115.209999,199.699997,1,,1/13/15,1.2
9/22/15,113.400002,195.360001,0,,1/14/15,-1.779
9/23/15,114.32,196.440002,1,,1/15/15,0.991
9/24/15,115,193.899994,1,,1/16/15,0.291
9/25/15,114.709999,193.600006,0,,1/17/15,-1.296
9/28/15,112.440002,192.929993,0,,1/18/15,1.375
9/29/15,109.059998,192.869995,0,,1/19/15,1.238
9/30/15,110.300003,187.910004,1,,1/20/15,-1.136
10/1/15,109.580002,188.080002,0,,1/21/15,0.623
10/2/15,110.379997,191.589996,1,,1/22/15,1.385
10/5/15,110.779999,192.130005,1,,1/23/15,1
10/6/15,111.309998,195,1,,1/24/15,1.471
10/7/15,110.779999,198.470001,0,,1/25/15,1.571
10/8/15,109.5,197.789993,0,,1/26/15,0.66
10/9/15,112.120003,199.410004,1,,1/27/15,0.788
10/12/15,111.599998,201.210007,0,,1/28/15,1.275
10/13/15,111.790001,201.330002,1,,1/29/15,0.603
10/14/15,110.209999,201.520004,0,,1/30/15,0.333
10/15/15,111.860001,200.25,1,,1/31/15,1.048
10/16/15,111.040001,199.289993,0,,2/1/15,0.688
10/19/15,111.730003,202.350006,1,,2/2/15,0.474
10/20/15,113.769997,203.270004,1,,2/3/15,0.554
10/21/15,113.760002,203.369995,0,,2/4/15,0.571
10/22/15,115.5,203.110001,1,,2/5/15,1.185
10/23/15,119.080002,201.850006,1,,2/6/15,1.15
10/26/15,115.279999,205.210007,0,,2/7/15,0.435
10/27/15,114.550003,207.520004,0,,2/8/15,2
10/28/15,119.269997,206.990005,1,,2/9/15,0.321
10/29/15,120.529999,206.570007,1,,2/10/15,0.5
10/30/15,119.5,208.940002,0,,2/11/15,0.148
11/2/15,121.18,208.889999,1,,2/12/15,0.813
11/3/15,122.57,207.929993,1,,2/13/15,1.125
11/4/15,122,210.389999,0,,2/14/15,1.04
11/5/15,120.919998,211,0,,2/15/15,0.462
11/6/15,121.059998,210.380005,1,,2/16/15,0.725
11/9/15,120.57,210.149994,0,,2/17/15,0.273
11/10/15,116.769997,210.039993,0,,2/18/15,1.278
11/11/15,116.110001,208.080002,0,,2/19/15,-1.04
11/12/15,115.720001,208.559998,0,,2/20/15,0.894
11/13/15,112.339996,207.740005,0,,2/21/15,1.1
11/16/15,114.18,204.839996,1,,2/22/15,0.5
11/17/15,113.690002,202.539993,0,,2/23/15,0.055
11/18/15,117.290001,205.619995,1,,2/24/15,1.411
11/19/15,118.779999,205.470001,1,,2/25/15,0.307
11/20/15,119.300003,208.729996,1,,2/26/15,0.164
11/23/15,117.75,208.550003,0,,2/27/15,-1
11/24/15,118.879997,209.309998,1,,2/28/15,1.125
11/25/15,118.029999,209.070007,0,,3/1/15,0.862
11/27/15,117.809998,209.350006,0,,3/2/15,1.117
11/30/15,118.300003,209.320007,1,,3/3/15,0.944
12/1/15,117.339996,209.559998,0,,3/4/15,0.024
12/2/15,116.279999,208.690002,0,,3/5/15,0.278
12/3/15,115.199997,210.679993,0,,3/6/15,0.454
12/4/15,119.029999,208.529999,1,,3/7/15,0.906
12/7/15,118.279999,205.610001,0,,3/8/15,0.786
12/8/15,118.230003,209.619995,0,,3/9/15,1.216
12/9/15,115.620003,208.350006,0,,3/10/15,1.188
12/10/15,116.169998,206.949997,1,,3/11/15,0.553
12/11/15,113.18,205.339996,0,,3/12/15,0.902
12/14/15,112.480003,205.869995,0,,3/13/15,1.122
12/15/15,110.489998,201.880005,0,,3/14/15,1.217
12/16/15,111.339996,202.899994,1,,3/15/15,1.704
12/17/15,108.980003,205.029999,0,,3/16/15,1.356
12/18/15,106.029999,208.029999,0,,3/17/15,0.548
12/21/15,107.330002,204.860001,1,,3/18/15,0.952
12/22/15,107.230003,200.020004,0,,3/19/15,1.079
12/23/15,108.610001,201.669998,1,,3/20/15,0.434
12/24/15,108.029999,203.5,0,,3/21/15,1.563
12/28/15,106.82,206.020004,0,,3/22/15,1.647
12/29/15,108.739998,205.679993,1,,3/23/15,1.119
12/30/15,107.32,205.210007,0,,3/24/15,1.184
12/31/15,105.260002,207.399994,0,,3/25/15,1.357
1/4/16,105.349998,205.929993,1,,3/26/15,1.456
1/5/16,102.709999,203.869995,0,,3/27/15,1.224
1/6/16,100.699997,201.020004,0,,3/28/15,0.759
1/7/16,96.449997,201.360001,0,,3/29/15,0.714
1/8/16,96.959999,198.820007,1,,3/30/15,0.864
1/11/16,98.529999,194.050003,1,,3/31/15,1.439
1/12/16,99.959999,191.919998,1,,4/1/15,0.853
1/13/16,97.389999,192.110001,0,,4/2/15,-1
1/14/16,99.519997,193.660004,1,,4/3/15,0.5
1/15/16,97.129997,188.830002,0,,4/4/15,0.944
1/19/16,96.660004,191.929993,0,,4/5/15,1.063
1/20/16,96.790001,187.809998,1,,4/6/15,1.257
1/21/16,96.300003,188.059998,0,,4/7/15,1.5
1/22/16,101.419998,185.649994,1,,4/8/15,1.048
1/25/16,99.440002,186.690002,0,,4/9/15,1.767
1/26/16,99.989998,190.520004,1,,4/10/15,0.936
1/27/16,93.419998,187.639999,0,,4/11/15,1.321
1/28/16,94.089996,190.199997,1,,4/12/15,1.933
1/29/16,97.339996,188.130005,1,,4/13/15,1.184
2/1/16,96.43,189.110001,0,,4/14/15,0.28
2/2/16,94.480003,193.720001,0,,4/15/15,0.945
2/3/16,96.349998,193.649994,1,,4/16/15,0.704
2/4/16,96.599998,190.160004,1,,4/17/15,0.393
2/5/16,94.019997,191.300003,0,,4/18/15,1.133
2/8/16,95.010002,191.600006,1,,4/19/15,0.333
2/9/16,94.989998,187.949997,0,,4/20/15,0.204
2/10/16,94.269997,185.419998,0,,4/21/15,0.891
2/11/16,93.699997,185.429993,0,,4/22/15,2.156
2/12/16,93.989998,185.270004,1,,4/23/15,0.884
2/16/16,96.639999,182.860001,1,,4/24/15,0.188
2/17/16,98.120003,186.630005,1,,4/25/15,1.692
2/18/16,96.260002,189.779999,0,,4/26/15,2.211
2/19/16,96.040001,192.880005,0,,4/27/15,1.306
2/22/16,96.879997,192.089996,1,,4/28/15,0.85
2/23/16,94.690002,192,0,,4/29/15,0.84
2/24/16,96.099998,194.779999,1,,4/30/15,0.163
2/25/16,96.760002,192.320007,1,,5/1/15,0.529
2/26/16,96.910004,193.199997,1,,5/2/15,1.85
2/29/16,96.690002,195.539993,0,,5/3/15,1.111
3/1/16,100.529999,195.089996,1,,5/4/15,2.333
3/2/16,100.75,193.559998,1,,5/5/15,-1
3/3/16,101.5,198.110001,1,,5/6/15,-1.322
3/4/16,103.010002,199,1,,5/7/15,0.673
3/7/16,101.870003,199.779999,0,,5/8/15,0.804
3/8/16,101.029999,200.429993,0,,5/9/15,3.154
3/9/16,101.120003,200.589996,1,,5/10/15,1.219
3/10/16,101.169998,198.399994,1,,5/11/15,0.719
3/11/16,102.260002,199.380005,1,,5/12/15,0.778
3/14/16,102.519997,199.539993,1,,5/13/15,0.56
3/15/16,104.580002,202.759995,1,,5/14/15,0.745
3/16/16,105.970001,202.5,1,,5/15/15,0.91
3/17/16,105.800003,202.169998,0,,5/16/15,0.8
3/18/16,105.919998,203.339996,1,,5/17/15,1.588
3/21/16,105.910004,204.630005,0,,5/18/15,0.607
3/22/16,106.720001,204.380005,1,,5/19/15,0.862
3/23/16,106.129997,204.669998,0,,5/20/15,0.345
3/24/16,105.669998,204.559998,0,,5/21/15,1.333
3/28/16,105.190002,203.210007,0,,5/22/15,1.32
3/29/16,107.68,203.119995,1,,5/23/15,1.083
3/30/16,109.559998,203.240005,1,,5/24/15,0.818
3/31/16,108.989998,205.119995,0,,5/25/15,0.48
4/1/16,109.989998,206.020004,1,,5/26/15,0.485
4/4/16,111.120003,205.520004,1,,5/27/15,1.034
4/5/16,109.809998,206.919998,0,,5/28/15,0.396
4/6/16,110.959999,206.25,1,,5/29/15,0.118
4/7/16,108.540001,204.190002,0,,5/30/15,1.65
4/8/16,108.660004,206.419998,1,,5/31/15,2
4/11/16,109.019997,203.949997,1,,6/1/15,1.227
4/12/16,110.440002,204.5,1,,6/2/15,0.154
4/13/16,112.040001,204.020004,1,,6/3/15,-1.19
4/14/16,112.099998,205.919998,1,,6/4/15,0.415
4/15/16,109.849998,208,0,,6/5/15,1.576
4/18/16,107.480003,208.009995,0,,6/6/15,0.929
4/19/16,106.910004,207.779999,0,,6/7/15,2.4
4/20/16,107.129997,209.240005,1,,6/8/15,1.136
4/21/16,105.970001,209.899994,0,,6/9/15,0.854
4/22/16,105.68,210.100006,0,,6/10/15,0.908
4/25/16,105.080002,208.970001,0,,6/11/15,0.115
4/26/16,104.349998,208.970001,0,,6/12/15,0.618
4/27/16,97.82,208.610001,0,,6/13/15,2.588
4/28/16,94.830002,208.919998,0,,6/14/15,1.684
4/29/16,93.739998,209.350006,0,,6/15/15,0.536
5/2/16,93.639999,207.449997,0,,6/16/15,0.556
5/3/16,95.18,206.330002,1,,6/17/15,-1.5
5/4/16,94.190002,207.970001,0,,6/18/15,1.313
5/5/16,93.239998,206.160004,0,,6/19/15,0.722
5/6/16,92.720001,205.009995,0,,6/20/15,1.3
5/9/16,92.790001,204.970001,1,,6/21/15,2.063
5/10/16,93.419998,205.720001,1,,6/22/15,1.452
5/11/16,92.510002,205.889999,0,,6/23/15,1.075
5/12/16,90.339996,208.449997,0,,6/24/15,0.597
5/13/16,90.519997,206.5,1,,6/25/15,1.592
5/16/16,93.879997,206.559998,1,,6/26/15,0.697
5/17/16,93.489998,204.759995,0,,6/27/15,-1
5/18/16,94.559998,206.779999,1,,6/28/15,1.714
5/19/16,94.199997,204.850006,0,,6/29/15,0.882
5/20/16,95.220001,204.910004,1,,6/30/15,0.241
5/23/16,96.43,204.199997,1,,7/1/15,0.667
5/24/16,97.900002,205.490005,1,,7/2/15,0.733
5/25/16,99.620003,205.210007,1,,7/3/15,0.857
5/26/16,100.410004,207.869995,1,,7/4/15,0.875
5/27/16,100.349998,209.279999,0,,7/5/15,-1.25
5/31/16,99.860001,209.339996,0,,7/6/15,0.958
6/1/16,98.459999,210.240005,0,,7/7/15,-1.306
6/2/16,97.720001,209.839996,0,,7/8/15,-1.631
6/3/16,97.919998,210.270004,1,,7/9/15,0.446
6/6/16,98.629997,210.910004,1,,7/10/15,0.476
6/7/16,99.029999,210.279999,1,,7/11/15,0.611
6/8/16,98.940002,211.350006,0,,7/12/15,0.636
6/9/16,99.650002,211.679993,1,,7/13/15,1.945
6/10/16,98.830002,212.369995,0,,7/14/15,1.429
6/13/16,97.339996,212.080002,0,,7/15/15,1.047
6/14/16,97.459999,210.070007,1,,7/16/15,0.241
6/15/16,97.139999,208.449997,0,,7/17/15,1.837
6/16/16,97.550003,208.039993,1,,7/18/15,2.741
6/17/16,95.330002,207.75,0,,7/19/15,1.077
6/20/16,95.099998,208.369995,0,,7/20/15,1.389
6/21/16,95.910004,206.520004,1,,7/21/15,0.712
6/22/16,95.550003,207.850006,0,,7/22/15,-1.243
6/23/16,96.099998,208.440002,1,,7/23/15,0.39
6/24/16,93.400002,208.100006,0,,7/24/15,-1
6/27/16,92.040001,210.809998,0,,7/25/15,-1
6/28/16,93.589996,203.240005,1,,7/26/15,1.125
6/29/16,94.400002,199.600006,1,,7/27/15,0.857
6/30/16,95.599998,203.199997,1,,7/28/15,0.823
7/1/16,95.889999,206.660004,1,,7/29/15,0.853
7/5/16,94.989998,209.479996,0,,7/30/15,0.373
7/6/16,95.529999,209.919998,1,,7/31/15,1.538
7/7/16,95.940002,208.410004,1,,8/1/15,0.182
7/8/16,96.68,209.660004,1,,8/2/15,1.2
7/11/16,96.980003,209.529999,1,,8/3/15,0.5
7/12/16,97.419998,212.649994,1,,8/4/15,-1.032
7/13/16,96.870003,213.399994,0,,8/5/15,0.603
7/14/16,98.790001,214.949997,1,,8/6/15,0.136
7/15/16,98.779999,214.919998,0,,8/7/15,0.204
7/18/16,99.830002,216.119995,1,,8/8/15,0.182
7/19/16,99.870003,215.830002,1,,8/9/15,1.167
7/20/16,99.959999,216.410004,1,,8/10/15,1.161
7/21/16,99.43,216.190002,0,,8/11/15,0.154
7/22/16,98.660004,217.089996,0,,8/12/15,-1.908
7/25/16,97.339996,216.270004,0,,8/13/15,-1.111
7/26/16,96.669998,217.240005,0,,8/14/15,0.156
7/27/16,102.949997,216.649994,1,,8/15/15,0.4
7/28/16,104.339996,216.75,1,,8/16/15,0.417
7/29/16,104.209999,216.520004,0,,8/17/15,1.173
8/1/16,106.050003,216.770004,1,,8/18/15,1.452
8/2/16,104.480003,217.119995,0,,8/19/15,0.76
8/3/16,105.790001,216.940002,1,,8/20/15,0.463
8/4/16,105.870003,215.550003,1,,8/21/15,-1.667
8/5/16,107.480003,216.179993,1,,8/22/15,-2.182
8/8/16,108.370003,216.410004,1,,8/23/15,0.1
8/9/16,108.809998,218.179993,1,,8/24/15,-1.474
8/10/16,108,218.050003,0,,8/25/15,-1.605
8/11/16,107.93,218.179993,0,,8/26/15,0.375
8/12/16,108.18,217.639999,1,,8/27/15,0.933
8/15/16,109.480003,218.649994,1,,8/28/15,0.159
8/16/16,109.379997,218.460007,0,,8/29/15,-1.182
8/17/16,109.220001,219.089996,0,,8/30/15,-1.75
8/18/16,109.080002,217.960007,0,,8/31/15,0.421
8/19/16,109.360001,218.369995,1,,9/1/15,1.015
8/22/16,108.510002,218.860001,0,,9/2/15,1.021
8/23/16,108.849998,218.539993,1,,9/3/15,1.766
8/24/16,108.029999,218.529999,0,,9/4/15,1.083
8/25/16,107.57,218.970001,0,,9/5/15,1.053
8/26/16,106.940002,217.850006,0,,9/6/15,0.7
8/29/16,106.82,217.699997,0,,9/7/15,1.25
8/30/16,106,217.289993,0,,9/8/15,0
8/31/16,106.099998,218.360001,1,,9/9/15,1
9/1/16,106.730003,218,1,,9/10/15,1.059
9/2/16,107.730003,217.380005,1,,9/11/15,1.371
9/6/16,107.699997,217.389999,0,,9/12/15,1.071
9/7/16,108.360001,218.369995,1,,9/13/15,1.524
9/8/16,105.519997,219.029999,0,,9/14/15,1.648
9/9/16,103.129997,219.009995,0,,9/15/15,1.578
9/12/16,105.440002,218.509995,1,,9/16/15,0.707
9/13/16,107.949997,213.279999,1,,9/17/15,0.388
9/14/16,111.769997,216.339996,1,,9/18/15,-1.263
9/15/16,115.57,213.229996,1,,9/19/15,0.727
9/16/16,114.919998,213.149994,0,,9/20/15,0.625
9/19/16,113.580002,215.279999,0,,9/21/15,-1
9/20/16,113.57,213.369995,0,,9/22/15,0.7
9/21/16,113.550003,213.410004,0,,9/23/15,-1.412
9/22/16,114.620003,213.419998,1,,9/24/15,0.462
9/23/16,112.709999,215.820007,0,,9/25/15,0.806
9/26/16,112.879997,217.179993,1,,9/26/15,1.217
9/27/16,113.089996,215.990005,1,,9/27/15,2
9/28/16,113.949997,214.240005,1,,9/28/15,0.747
9/29/16,112.18,215.570007,0,,9/29/15,-1.2
9/30/16,113.050003,216.639999,1,,9/30/15,0.403
10/3/16,112.519997,214.679993,0,,10/1/15,-1.09
10/4/16,113,216.300003,1,,10/2/15,0.156
10/5/16,113.050003,215.779999,1,,10/3/15,0.529
10/6/16,113.889999,214.679993,1,,10/4/15,1
10/7/16,114.059998,215.630005,1,,10/5/15,1.167
10/10/16,116.050003,215.779999,1,,10/6/15,0.337
10/11/16,116.300003,215.039993,1,,10/7/15,1.619
10/12/16,117.339996,216.160004,1,,10/8/15,0.817
10/13/16,116.980003,213.429993,0,,10/9/15,0.198
10/14/16,117.629997,213.710007,1,,10/10/15,1.15
10/17/16,117.550003,213.009995,0,,10/11/15,-1.444
10/18/16,117.470001,213.119995,0,,10/12/15,2.056
10/19/16,117.120003,212.380005,0,,10/13/15,0.31
10/20/16,117.059998,213.710007,0,,10/14/15,-2.189
10/21/16,116.599998,214.279999,0,,10/15/15,-1.019
10/24/16,117.650002,213.880005,1,,10/16/15,-1.667
10/25/16,118.25,213.979996,1,,10/17/15,-2.31
10/26/16,115.589996,214.889999,0,,10/18/15,-1.077
10/27/16,114.480003,214.169998,0,,10/19/15,0.593
10/28/16,113.720001,213.740005,0,,10/20/15,0.093
10/31/16,113.540001,213.169998,0,,10/21/15,-1.014
11/1/16,111.489998,212.539993,0,,10/22/15,0.977
11/2/16,111.589996,212.550003,1,,10/23/15,2.222
11/3/16,109.830002,211.009995,0,,10/24/15,0.857
11/4/16,108.839996,209.740005,0,,10/25/15,1.25
11/7/16,110.410004,208.779999,1,,10/26/15,-1.375
11/8/16,111.059998,208.550003,1,,10/27/15,0.779
11/9/16,110.879997,213.149994,0,,10/28/15,0.707
11/10/16,107.790001,214.110001,0,,10/29/15,1.67
11/11/16,108.43,216.380005,1,,10/30/15,0.698
11/14/16,105.709999,216.919998,0,,10/31/15,0.556
11/15/16,107.110001,216.419998,1,,11/1/15,2.5
11/16/16,109.989998,216.589996,1,,11/2/15,0.667
11/17/16,109.949997,218.279999,0,,11/3/15,0.109
11/18/16,110.059998,217.869995,1,,11/4/15,1.273
11/21/16,111.730003,218.990005,1,,11/5/15,0.731
11/22/16,111.800003,218.5,1,,11/6/15,-1.25
11/23/16,111.230003,220.149994,0,,11/7/15,-2.5
11/25/16,111.790001,220.580002,1,,11/8/15,2
11/28/16,111.57,220.699997,0,,11/9/15,0.8
11/29/16,111.459999,221.520004,0,,11/10/15,-1.431
11/30/16,110.519997,220.479996,0,,11/11/15,0.316
12/1/16,109.489998,220.910004,0,,11/12/15,0.289
12/2/16,109.900002,220.380005,1,,11/13/15,-1.065
12/5/16,109.110001,219.570007,0,,11/14/15,-2.429
12/6/16,109.949997,219.679993,1,,11/15/15,-1.5
12/7/16,111.029999,221,1,,11/16/15,-1.265
12/8/16,112.120003,221.699997,1,,11/17/15,1.25
12/9/16,113.949997,224.600006,1,,11/18/15,1.102
12/12/16,113.300003,225.149994,0,,11/19/15,0.969
12/13/16,115.190002,226.509995,1,,11/20/15,0.554
12/14/16,115.190002,226.25,0,,11/21/15,0.652
12/15/16,115.82,227.759995,1,,11/22/15,2.5
12/16/16,115.970001,225.880005,1,,11/23/15,0.194
12/19/16,116.639999,226.809998,1,,11/24/15,1.585
12/20/16,116.949997,225.039993,1,,11/25/15,0.143
12/21/16,117.059998,225.529999,1,,11/26/15,0.818
12/22/16,116.290001,226.399994,0,,11/27/15,1.2
12/23/16,116.519997,225.770004,1,,11/28/15,-1.4
12/27/16,117.260002,225.380005,1,,11/29/15,5
12/28/16,116.760002,225.710007,0,,11/30/15,0.345
12/29/16,116.730003,226.270004,0,,12/1/15,0.26
12/30/16,115.82,224.399994,0,,12/2/15,0.059
1/3/17,116.150002,224.350006,1,,12/3/15,0.594
1/4/17,116.019997,223.529999,0,,12/4/15,0.256
1/5/17,116.610001,225.240005,1,,12/5/15,-1.762
1/6/17,117.910004,226.580002,1,,12/6/15,0.75
1/9/17,118.989998,226.399994,1,,12/7/15,2.071
1/10/17,119.110001,227.210007,1,,12/8/15,1.279
1/11/17,119.75,226.460007,1,,12/9/15,-1.116
1/12/17,119.25,226.460007,0,,12/10/15,0.333
1/13/17,119.040001,227.100006,0,,12/11/15,0.944
1/17/17,120,226.529999,1,,12/12/15,0.667
1/18/17,119.989998,227.050003,0,,12/13/15,0.25
1/19/17,119.779999,226.25,0,,12/14/15,1.481
1/20/17,120,226.75,1,,12/15/15,0.889
1/23/17,120.080002,225.910004,1,,12/16/15,0.057
1/24/17,119.970001,226.740005,0,,12/17/15,0.054
1/25/17,121.879997,226.149994,1,,12/18/15,0.549
1/26/17,121.940002,227.600006,1,,12/19/15,-1.684
1/27/17,121.949997,229.570007,1,,12/20/15,1.385
1/30/17,121.629997,229.330002,0,,12/21/15,-1.144
1/31/17,121.349998,228.970001,0,,12/22/15,0.032
2/1/17,128.75,227.550003,1,,12/23/15,0.735
2/2/17,128.529999,227.529999,0,,12/24/15,1
2/3/17,129.080002,227.619995,1,,12/25/15,-1.394
2/6/17,130.289993,227.770004,1,,12/26/15,0.9
2/7/17,131.529999,229.339996,1,,12/27/15,-2
2/8/17,132.039993,228.929993,1,,12/28/15,-1.08
2/9/17,132.419998,228.940002,1,,12/29/15,1.467
2/10/17,132.119995,229.240005,0,,12/30/15,0.265
2/13/17,133.289993,230.600006,1,,12/31/15,-1.102
2/14/17,135.020004,231.509995,1,,1/1/16,-1.7
2/15/17,135.509995,232.770004,1,,1/2/16,1.833
2/16/17,135.350006,233.699997,0,,1/3/16,1
2/17/17,135.720001,234.919998,1,,1/4/16,0.333
2/21/17,136.699997,234.720001,1,,1/5/16,0.169
2/22/17,137.110001,235.089996,1,,1/6/16,-1.24
2/23/17,136.529999,236.490005,0,,1/7/16,0.14
2/24/17,136.660004,236.279999,1,,1/8/16,-1.384
2/27/17,136.929993,236.440002,1,,1/9/16,0.667
2/28/17,136.990005,236.740005,1,,1/10/16,0.643
3/1/17,139.789993,237.110001,1,,1/11/16,-1.259
3/2/17,138.960007,236.470001,0,,1/12/16,0.114
3/3/17,139.779999,239.779999,1,,1/13/16,0.265
3/6/17,139.339996,238.270004,0,,1/14/16,0.596
3/7/17,139.520004,238.419998,1,,1/15/16,0.076
3/8/17,139,237.710007,0,,1/16/16,0.222
3/9/17,138.679993,237,0,,1/17/16,0.444
3/10/17,139.139999,236.559998,1,,1/18/16,1.471
3/13/17,139.199997,236.860001,1,,1/19/16,0.541
3/14/17,138.990005,237.690002,0,,1/20/16,1.5
3/15/17,140.460007,237.809998,1,,1/21/16,0.635
3/16/17,140.690002,236.899994,1,,1/22/16,0.292
3/17/17,139.990005,238.949997,0,,1/23/16,-1.034
3/20/17,141.460007,238.479996,1,,1/24/16,0.375
3/21/17,139.839996,237.029999,0,,1/25/16,0.109
3/22/17,141.419998,236.770004,1,,1/26/16,-1.024
3/23/17,140.919998,233.729996,0,,1/27/16,-1.435
3/24/17,140.639999,234.279999,0,,1/28/16,-1.155
3/27/17,140.880005,234.029999,1,,1/29/16,1.081
3/28/17,143.800003,233.860001,1,,1/30/16,0.079
3/29/17,144.119995,233.619995,1,,1/31/16,0.375
3/30/17,143.929993,235.320007,0,,2/1/16,1.878
3/31/17,143.660004,235.539993,0,,2/2/16,1.644
4/3/17,143.699997,236.289993,1,,2/3/16,0.476
4/4/17,144.770004,235.740005,1,,2/4/16,0.568
4/5/17,144.020004,235.330002,0,,2/5/16,0.484
4/6/17,143.660004,235.479996,0,,2/6/16,-1.955
4/7/17,143.339996,234.779999,0,,2/7/16,0.333
4/10/17,143.169998,235.440002,0,,2/8/16,0.2
4/11/17,141.630005,235.199997,0,,2/9/16,0.852
4/12/17,141.800003,235.339996,1,,2/10/16,0.73
4/13/17,141.050003,235.059998,0,,2/11/16,-1.13
4/17/17,141.830002,234.029999,1,,2/12/16,0.358
4/18/17,141.199997,232.509995,0,,2/13/16,0.958
4/19/17,140.679993,234.570007,0,,2/14/16,1.556
4/20/17,142.440002,233.869995,1,,2/15/16,1.889
4/21/17,142.270004,233.440002,0,,2/16/16,0.345
4/24/17,143.639999,235.339996,1,,2/17/16,-1.378
4/25/17,144.529999,234.589996,1,,2/18/16,0.47
4/26/17,143.679993,237.169998,0,,2/19/16,-1.144
4/27/17,143.789993,238.550003,1,,2/20/16,-1.173
4/28/17,143.649994,238.399994,0,,2/21/16,0.394
5/1/17,146.580002,238.600006,1,,2/22/16,-1.971
5/2/17,147.509995,238.080002,1,,2/23/16,-1.16
5/3/17,147.059998,238.679993,0,,2/24/16,0.094
5/4/17,146.529999,238.770004,0,,2/25/16,0.517
5/5/17,148.960007,238.479996,1,,2/26/16,0.462
5/8/17,153.009995,238.759995,1,,2/27/16,-1.423
5/9/17,153.990005,239.699997,1,,2/28/16,0.909
5/10/17,153.259995,239.660004,0,,2/29/16,-1.16
5/11/17,153.949997,239.440002,1,,3/1/16,0.097
5/12/17,156.100006,239.869995,1,,3/2/16,0.038
5/15/17,155.699997,239.380005,0,,3/3/16,1.574
5/16/17,155.470001,238.979996,0,,3/4/16,0.284
5/17/17,150.25,240.300003,0,,3/5/16,-1.083
5/18/17,152.539993,240.080002,1,,3/6/16,0.143
5/19/17,153.059998,235.820007,1,,3/7/16,-1.247
5/22/17,153.990005,236.770004,1,,3/8/16,0.25
5/23/17,153.800003,238.309998,0,,3/9/16,0.718
5/24/17,153.339996,239.520004,0,,3/10/16,0.367
5/25/17,153.869995,240.050003,1,,3/11/16,0.023
5/26/17,153.610001,240.610001,0,,3/12/16,1.24
5/30/17,153.669998,241.759995,1,,3/13/16,2
5/31/17,152.759995,241.710007,0,,3/14/16,1.813
6/1/17,153.179993,241.5,1,,3/15/16,0.077
6/2/17,155.449997,241.440002,1,,3/16/16,0.085
6/5/17,153.929993,243.360001,0,,3/17/16,-1.5
6/6/17,154.449997,244.169998,1,,3/18/16,1.211
6/7/17,155.369995,243.990005,1,,3/19/16,1.263
6/8/17,154.990005,243.210007,0,,3/20/16,1
6/9/17,148.979996,243.660004,0,,3/21/16,0.83
6/12/17,145.419998,243.779999,0,,3/22/16,0.209
6/13/17,146.589996,243.410004,1,,3/23/16,0.83
6/14/17,145.160004,243.360001,0,,3/24/16,1.217
6/15/17,144.289993,244.550003,0,,3/25/16,1.333
6/16/17,142.270004,244.240005,0,,3/26/16,1.385
6/19/17,146.339996,243.770004,1,,3/27/16,2
6/20/17,145.009995,242.639999,0,,3/28/16,0.5
6/21/17,145.869995,244.660004,1,,3/29/16,-1.839
6/22/17,145.630005,243.009995,0,,3/30/16,0.369
6/23/17,146.279999,242.949997,1,,3/31/16,1.117
6/26/17,145.820007,242.839996,0,,4/1/16,0.712
6/27/17,143.729996,243.130005,0,,4/2/16,0.29
6/28/17,145.830002,243.289993,1,,4/3/16,0.136
6/29/17,143.679993,241.330002,0,,4/4/16,0.684
6/30/17,144.020004,243.490005,1,,4/5/16,0.605
7/3/17,143.5,241.350006,0,,4/6/16,0.659
7/5/17,144.089996,241.800003,1,,4/7/16,0.803
7/6/17,142.729996,242.210007,0,,4/8/16,0.241
7/7/17,144.179993,242.770004,1,,4/9/16,1
7/10/17,145.059998,240.550003,1,,4/10/16,0.75
7/11/17,145.529999,242.110001,1,,4/11/16,1.733
7/12/17,145.740005,242.369995,1,,4/12/16,0.652
7/13/17,147.770004,242.190002,1,,4/13/16,0.512
7/14/17,149.039993,244.009995,1,,4/14/16,-1.403
7/17/17,149.559998,244.419998,1,,4/15/16,0.149
7/18/17,150.080002,245.559998,1,,4/16/16,0.345
7/19/17,151.020004,245.529999,1,,4/17/16,-1.167
7/20/17,150.339996,245.660004,0,,4/18/16,-1.356
7/21/17,150.270004,246.990005,0,,4/19/16,0.213
7/24/17,152.089996,247.100006,1,,4/20/16,0.136
7/25/17,152.740005,246.880005,1,,4/21/16,-1.256
7/26/17,153.460007,246.820007,1,,4/22/16,-1.315
7/27/17,150.559998,247.419998,0,,4/23/16,-1.159
7/28/17,149.5,247.429993,0,,4/24/16,0.444
7/31/17,148.729996,247.199997,0,,4/25/16,-1.446
8/1/17,150.050003,246.910004,1,,4/26/16,-1.073
8/2/17,157.139999,246.770004,1,,4/27/16,-1.408
8/3/17,155.570007,247.320007,0,,4/28/16,-1.239
8/4/17,156.389999,247.440002,1,,4/29/16,-1.509
8/7/17,158.809998,246.960007,1,,4/30/16,0.032
8/8/17,160.080002,247.410004,1,,5/1/16,1.714
8/9/17,161.059998,247.869995,1,,5/2/16,0.75
8/10/17,155.320007,247.259995,0,,5/3/16,-1.072
8/11/17,157.479996,247.25,1,,5/4/16,-2.085
8/14/17,159.850006,243.759995,1,,5/5/16,0.403
8/15/17,161.600006,244.119995,1,,5/6/16,0.841
8/16/17,160.949997,246.539993,0,,5/7/16,0.6
8/17/17,157.860001,246.509995,0,,5/8/16,3.167
8/18/17,157.5,246.940002,0,,5/9/16,0.442
8/21/17,157.210007,243.089996,0,,5/10/16,0.531
8/22/17,159.779999,242.710007,1,,5/11/16,-1.061
8/23/17,159.979996,242.899994,1,,5/12/16,0.145
8/24/17,159.270004,245.440002,0,,5/13/16,-1.448
8/25/17,159.860001,244.559998,1,,5/14/16,0.667
8/28/17,161.470001,243.990005,1,,5/15/16,1
8/29/17,162.910004,244.559998,1,,5/16/16,0.57
8/30/17,163.350006,244.570007,1,,5/17/16,1.096
8/31/17,164,244.850006,1,,5/18/16,1.145
9/1/17,164.050003,246.009995,1,,5/19/16,0.68
9/5/17,162.080002,247.490005,0,,5/20/16,1.674
9/6/17,161.910004,247.839996,0,,5/21/16,0.061
9/7/17,161.259995,246.059998,0,,5/22/16,1.182
9/8/17,158.630005,246.899994,0,,5/23/16,0.241
9/11/17,161.5,246.869995,1,,5/24/16,1
9/12/17,160.860001,246.580002,0,,5/25/16,0.474
9/13/17,159.649994,249.210007,0,,5/26/16,0.382
9/14/17,158.279999,250.050003,0,,5/27/16,1.75
9/15/17,159.880005,250.169998,1,,5/28/16,1.231
9/18/17,158.669998,250.089996,0,,5/29/16,-1
9/19/17,158.729996,249.190002,1,,5/30/16,0.714
9/20/17,156.070007,249.720001,0,,5/31/16,1.115
9/21/17,153.389999,249.970001,0,,6/1/16,0.264
9/22/17,151.889999,250.059998,0,,6/2/16,0.843
9/25/17,150.550003,249.389999,0,,6/3/16,0.772
9/26/17,153.139999,249.440002,1,,6/4/16,0.25
9/27/17,154.229996,248.929993,1,,6/5/16,-1
9/28/17,153.279999,249.080002,0,,6/6/16,0.105
9/29/17,154.119995,250.050003,1,,6/7/16,1.256
10/2/17,153.809998,250.350006,0,,6/8/16,1.133
10/3/17,154.479996,251.229996,1,,6/9/16,-1.217
10/4/17,153.479996,252.320007,0,,6/10/16,1.413
10/5/17,155.389999,252.860001,1,,6/11/16,0.444
10/6/17,155.300003,253.160004,0,,6/12/16,0.6
10/9/17,155.839996,254.660004,1,,6/13/16,1.514
10/10/17,155.899994,254.369995,1,,6/14/16,1.882
10/11/17,156.550003,253.949997,1,,6/15/16,1.405
10/12/17,156,254.619995,0,,6/16/16,0.2
10/13/17,156.990005,255.020004,1,,6/17/16,-1.732
10/16/17,159.880005,254.639999,1,,6/18/16,0.174
10/17/17,160.470001,254.949997,1,,6/19/16,1.167
10/18/17,159.759995,255.289993,0,,6/20/16,0.864
10/19/17,155.979996,255.470001,0,,6/21/16,0.857
10/20/17,156.25,255.720001,1,,6/22/16,0.344
10/23/17,156.169998,255.789993,0,,6/23/16,0.265
10/24/17,157.100006,257.109985,1,,6/24/16,-1.773
10/25/17,156.410004,256.109985,0,,6/25/16,-1.818
10/26/17,157.410004,256.559998,1,,6/26/16,2.2
10/27/17,163.050003,255.289993,1,,6/27/16,0.769
10/30/17,166.720001,255.619995,1,,6/28/16,0.172
10/31/17,169.039993,257.709991,1,,6/29/16,0.533
11/1/17,166.889999,256.75,0,,6/30/16,0.19
11/2/17,168.110001,257.149994,1,,7/1/16,0.906
11/3/17,172.5,257.48999,1,,7/2/16,-1.882
11/6/17,174.25,257.589996,1,,7/3/16,0.375
11/7/17,174.809998,258.450012,1,,7/4/16,1.286
11/8/17,176.240005,258.850006,1,,7/5/16,1.641
11/9/17,175.880005,258.670013,0,,7/6/16,0.257
11/10/17,174.669998,259.109985,0,,7/7/16,2.385
11/13/17,173.970001,258.170013,0,,7/8/16,1.167
11/14/17,171.339996,258.089996,0,,7/9/16,0.667
11/15/17,169.080002,258.329987,0,,7/10/16,1.4
11/16/17,171.100006,257.730011,1,,7/11/16,0.966
11/17/17,170.149994,256.440002,0,,7/12/16,0.643
11/20/17,169.979996,258.619995,0,,7/13/16,0.032
11/21/17,173.139999,257.859985,1,,7/14/16,1.073
11/22/17,174.960007,258.299988,1,,7/15/16,0.719
11/24/17,174.970001,259.98999,1,,7/16/16,0.583
11/27/17,174.089996,259.76001,0,,7/17/16,0.625
11/28/17,173.070007,260.359985,0,,7/18/16,0.703
11/29/17,169.479996,260.230011,0,,7/19/16,-1.429
11/30/17,171.850006,262.869995,1,,7/20/16,0.938
12/1/17,171.050003,262.709991,0,,7/21/16,0.806
12/4/17,169.800003,265.01001,0,,7/22/16,0.526
12/5/17,169.639999,264.459991,0,,7/23/16,1.182
12/6/17,169.009995,264.140015,0,,7/24/16,0.2
12/7/17,169.320007,263.190002,1,,7/25/16,0.868
12/8/17,169.369995,263.23999,1,,7/26/16,0.3
12/11/17,172.669998,264.070007,1,,7/27/16,1.075
12/12/17,171.699997,265.51001,0,,7/28/16,1.2
12/13/17,172.270004,266.309998,1,,7/29/16,1.143
12/14/17,172.220001,266.779999,0,,7/30/16,1.5
12/15/17,173.970001,266.75,1,,7/31/16,0.571
12/18/17,176.419998,265.660004,1,,8/1/16,-1.239
12/19/17,174.539993,266.51001,0,,8/2/16,0.28
12/20/17,174.350006,268.200012,0,,8/3/16,1.065
12/21/17,175.009995,267.170013,1,,8/4/16,0.955
12/22/17,175.009995,267.029999,0,,8/5/16,-1.429
12/26/17,170.570007,267.579987,0,,8/6/16,0
12/27/17,170.600006,267.51001,1,,8/7/16,0
12/28/17,171.080002,267.190002,1,,8/8/16,0.821
12/29/17,169.229996,267.320007,0,,8/9/16,0.333
1/2/18,172.259995,267.869995,1,,8/10/16,0.24
1/3/18,172.229996,266.859985,0,,8/11/16,0.515
1/4/18,173.029999,268.769989,1,,8/12/16,0.5
1/5/18,175,270.470001,1,,8/13/16,0.333
1/8/18,174.350006,271.609985,0,,8/14/16,1
1/9/18,174.330002,273.420013,0,,8/15/16,1.519
1/10/18,174.289993,273.920013,0,,8/16/16,0.159
1/11/18,175.279999,274.540009,1,,8/17/16,0.343
1/12/18,177.089996,274.119995,1,,8/18/16,-1.125
1/16/18,176.190002,276.119995,0,,8/19/16,1.848
1/17/18,179.100006,277.920013,1,,8/20/16,1.5
1/18/18,179.259995,276.970001,1,,8/21/16,1.222
1/19/18,178.460007,279.609985,0,,8/22/16,0.316
1/22/18,177,279.140015,0,,8/23/16,1.372
1/23/18,177.039993,280.410004,1,,8/24/16,2.038
1/24/18,174.220001,282.690002,0,,8/25/16,-1
1/25/18,171.110001,283.290009,0,,8/26/16,-1.116
1/26/18,171.509995,283.179993,1,,8/27/16,-1.231
1/29/18,167.960007,283.299988,0,,8/28/16,-1
1/30/18,166.970001,286.579987,0,,8/29/16,-1.305
1/31/18,167.429993,284.679993,1,,8/30/16,0.2
2/1/18,167.779999,281.76001,1,,8/31/16,0.6
2/2/18,160.5,281.899994,0,,9/1/16,0.198
2/5/18,156.490005,281.579987,0,,9/2/16,-1.634
2/6/18,163.029999,275.450012,1,,9/3/16,0.219
2/7/18,159.539993,263.929993,0,,9/4/16,1.154
2/8/18,155.149994,269.130005,0,,9/5/16,0.143
2/9/18,156.410004,267.670013,1,,9/6/16,0.407
2/12/18,162.710007,257.630005,1,,9/7/16,1.161
2/13/18,164.339996,261.5,1,,9/8/16,0.698
2/14/18,167.369995,265.339996,1,,9/9/16,-1.15
2/15/18,172.990005,266,1,,9/10/16,0.054
2/16/18,172.429993,269.589996,0,,9/11/16,1.571
2/20/18,171.850006,273.029999,0,,9/12/16,-1.164
2/21/18,171.070007,273.109985,0,,9/13/16,0.345
2/22/18,172.5,271.399994,1,,9/14/16,0.25
2/23/18,175.5,270.049988,1,,9/15/16,0.773
2/26/18,178.970001,270.399994,1,,9/16/16,1.326
2/27/18,178.389999,274.709991,0,,9/17/16,1.138
2/28/18,178.119995,277.899994,0,,9/18/16,0.333
3/1/18,175,274.429993,0,,9/19/16,0.043
3/2/18,176.210007,271.649994,1,,9/20/16,0.327
3/5/18,176.820007,267.700012,1,,9/21/16,0.133
3/6/18,176.669998,269.079987,0,,9/22/16,0.929
3/7/18,175.029999,272.190002,0,,9/23/16,0.049
3/8/18,176.940002,272.880005,1,,9/24/16,0.765
3/9/18,179.979996,272.779999,1,,9/25/16,0.8
3/12/18,181.720001,274.100006,1,,9/26/16,0.233
3/13/18,179.970001,278.869995,0,,9/27/16,0.759
3/14/18,178.440002,278.519989,0,,9/28/16,1
3/15/18,178.649994,276.720001,1,,9/29/16,0.448
3/16/18,178.020004,275.299988,0,,9/30/16,0.487
3/19/18,175.300003,275,0,,10/1/16,0.409
3/20/18,175.240005,274.200012,0,,10/2/16,0.625
3/21/18,171.270004,270.48999,0,,10/3/16,0.259
3/22/18,168.850006,270.950012,0,,10/4/16,0.597
3/23/18,164.940002,270.429993,0,,10/5/16,0.618
3/26/18,172.770004,263.670013,1,,10/6/16,0.75
3/27/18,168.339996,258.049988,0,,10/7/16,1.065
3/28/18,166.479996,265.109985,0,,10/8/16,-1.077
3/29/18,167.779999,260.600006,1,,10/9/16,2
4/2/18,166.679993,259.829987,0,,10/10/16,-1.303
4/3/18,168.389999,263.149994,1,,10/11/16,-1.51
4/4/18,171.610001,257.470001,1,,10/12/16,-1.345
4/5/18,172.800003,260.769989,1,,10/13/16,-1
4/6/18,168.380005,263.559998,0,,10/14/16,0.703
4/9/18,170.050003,265.640015,1,,10/15/16,0.647
4/10/18,173.25,259.720001,1,,10/16/16,-1.25
4/11/18,172.440002,261,0,,10/17/16,0.906
4/12/18,174.139999,265.149994,1,,10/18/16,1.515
4/13/18,174.729996,263.76001,1,,10/19/16,0.481
4/16/18,175.820007,265.929993,1,,10/20/16,-1.053
4/17/18,178.240005,265.149994,1,,10/21/16,0.946
4/18/18,177.839996,267.329987,0,,10/22/16,1.433
4/19/18,172.800003,270.190002,0,,10/23/16,0.611
4/20/18,165.720001,270.390015,0,,10/24/16,0.82
4/23/18,165.240005,268.890015,0,,10/25/16,0.381
4/24/18,162.940002,266.609985,0,,10/26/16,-1.594
4/25/18,163.649994,266.570007,1,,10/27/16,0.474
4/26/18,164.220001,262.980011,1,,10/28/16,1.5
4/27/18,162.320007,263.630005,0,,10/29/16,1.727
4/30/18,165.259995,266.309998,1,,10/30/16,-1
5/1/18,169.100006,266.559998,1,,10/31/16,1.472
5/2/18,176.570007,264.51001,1,,11/1/16,-1.24
5/3/18,176.889999,264.980011,1,,11/2/16,1
5/4/18,183.830002,263.200012,1,,11/3/16,1.204
5/7/18,185.160004,262.619995,1,,11/4/16,-1.261
5/8/18,186.050003,266.019989,1,,11/5/16,-2
5/9/18,187.360001,266.920013,1,,11/6/16,2.333
5/10/18,190.039993,266.920013,1,,11/7/16,0.708
5/11/18,188.589996,269.5,0,,11/8/16,0.84
5/14/18,188.149994,272.019989,0,,11/9/16,0.643
5/15/18,186.440002,272.850006,0,,11/10/16,0.68
5/16/18,188.179993,272.980011,1,,11/11/16,0.269
5/17/18,186.990005,271.100006,0,,11/12/16,2.25
5/18/18,186.309998,272.23999,0,,11/13/16,1.167
5/21/18,187.630005,272.01001,1,,11/14/16,1.371
5/22/18,187.160004,271.329987,0,,11/15/16,0.525
5/23/18,188.360001,273.369995,1,,11/16/16,0.361
5/24/18,188.149994,272.609985,0,,11/17/16,0.958
5/25/18,188.580002,273.359985,1,,11/18/16,0.795
5/29/18,187.899994,272.799988,0,,11/19/16,0.333
5/30/18,187.5,272.149994,0,,11/20/16,0.25
5/31/18,186.869995,269.019989,0,,11/21/16,-1.643
6/1/18,190.240005,272.609985,1,,11/22/16,0.35
6/4/18,191.830002,270.940002,1,,11/23/16,1.313
6/5/18,193.309998,273.600006,1,,11/24/16,-1.947
6/6/18,193.979996,274.899994,1,,11/25/16,0
6/7/18,193.460007,275.100006,0,,11/26/16,0
6/8/18,191.699997,277.399994,0,,11/27/16,0
6/11/18,191.229996,277.369995,0,,11/28/16,0
6/12/18,192.279999,278.190002,1,,11/29/16,0.5
6/13/18,190.699997,278.559998,0,,11/30/16,0.667
6/14/18,190.800003,278.920013,1,,12/1/16,0.71
6/15/18,188.839996,278.029999,0,,12/2/16,-1.152
6/18/18,188.740005,278.730011,0,,12/3/16,0.81
6/19/18,185.690002,277.130005,0,,12/4/16,0.267
6/20/18,186.5,276.559998,1,,12/5/16,0.821
6/21/18,185.460007,275.5,0,,12/6/16,1.181
6/22/18,184.919998,275.970001,0,,12/7/16,0.914
6/25/18,182.169998,274.23999,0,,12/8/16,0.443
6/26/18,184.429993,274.73999,1,,12/9/16,1.421
6/27/18,184.160004,271,0,,12/10/16,0.556
,,,,,12/11/16,0.667
,,,,,12/12/16,1
,,,,,12/13/16,1.148
,,,,,12/14/16,1.618
,,,,,12/15/16,0.548
,,,,,12/16/16,0.964
,,,,,12/17/16,1.556
,,,,,12/18/16,0.714
,,,,,12/19/16,0.627
,,,,,12/20/16,-1.102
,,,,,12/21/16,-1.44
,,,,,12/22/16,-1.31
,,,,,12/23/16,0.757
,,,,,12/24/16,0.364
,,,,,12/25/16,2.167
,,,,,12/26/16,3
,,,,,12/27/16,2.048
,,,,,12/28/16,0.659
,,,,,12/29/16,1.643
,,,,,12/30/16,0.214
,,,,,12/31/16,0.867
,,,,,1/1/17,2.25
,,,,,1/2/17,2.15
,,,,,1/3/17,1.1
,,,,,1/4/17,0.685
,,,,,1/5/17,0.484
,,,,,1/6/17,1.278
,,,,,1/7/17,0.167
,,,,,1/8/17,0.333
,,,,,1/9/17,0.688
,,,,,1/10/17,0.5
,,,,,1/11/17,1.051
,,,,,1/12/17,0.136
,,,,,1/13/17,0.095
,,,,,1/14/17,1.167
,,,,,1/15/17,0.333
,,,,,1/16/17,1.385
,,,,,1/17/17,0.292
,,,,,1/18/17,0.431
,,,,,1/19/17,0.257
,,,,,1/20/17,0.146
,,,,,1/21/17,-2.429
,,,,,1/22/17,-1.765
,,,,,1/23/17,-1.406
,,,,,1/24/17,0.283
,,,,,1/25/17,0.919
,,,,,1/26/17,-1.719
,,,,,1/27/17,0.842
,,,,,1/28/17,0.385
,,,,,1/29/17,-1.043
,,,,,1/30/17,0.149
,,,,,1/31/17,0.945
,,,,,2/1/17,1.954
,,,,,2/2/17,1.193
,,,,,2/3/17,0.5
,,,,,2/4/17,0.842
,,,,,2/5/17,1.857
,,,,,2/6/17,0.754
,,,,,2/7/17,0.603
,,,,,2/8/17,0.077
,,,,,2/9/17,1.625
,,,,,2/10/17,1.424
,,,,,2/11/17,0.846
,,,,,2/12/17,2.667
,,,,,2/13/17,1.627
,,,,,2/14/17,1.594
,,,,,2/15/17,0.649
,,,,,2/16/17,0.682
,,,,,2/17/17,-1
,,,,,2/18/17,0.333
,,,,,2/19/17,1.25
,,,,,2/20/17,0.474
,,,,,2/21/17,0.938
,,,,,2/22/17,1.5
,,,,,2/23/17,1.25
,,,,,2/24/17,0
,,,,,2/25/17,0
,,,,,2/26/17,1.48
,,,,,2/27/17,0.857
,,,,,2/28/17,0.267
,,,,,3/1/17,0.118
,,,,,3/2/17,0.8
,,,,,3/3/17,0.833
,,,,,3/4/17,0.818
,,,,,3/5/17,2.5
,,,,,3/6/17,1.15
,,,,,3/7/17,1.13
,,,,,3/8/17,0.143
,,,,,3/9/17,0.122
,,,,,3/10/17,0.688
,,,,,3/11/17,2
,,,,,3/12/17,1.2
,,,,,3/13/17,0.438
,,,,,3/14/17,1.909
,,,,,3/15/17,1
,,,,,3/16/17,-1.024
,,,,,3/17/17,0.667
,,,,,3/18/17,-1.143
,,,,,3/19/17,-1.5
,,,,,3/20/17,1.485
,,,,,3/21/17,1
,,,,,3/22/17,1.079
,,,,,3/23/17,0.484
,,,,,3/24/17,0.407
,,,,,3/25/17,-1
,,,,,3/26/17,0.833
,,,,,3/27/17,1
,,,,,3/28/17,0.548
,,,,,3/29/17,1.02
,,,,,3/30/17,1.182
,,,,,3/31/17,0.18
,,,,,4/1/17,0.208
,,,,,4/2/17,1.833
,,,,,4/3/17,-1.195
,,,,,4/4/17,0.467
,,,,,4/5/17,1.328
,,,,,4/6/17,-1.049
,,,,,4/7/17,2.594
,,,,,4/8/17,1
,,,,,4/9/17,-2.5
,,,,,4/10/17,1.906
,,,,,4/11/17,-1.022
,,,,,4/12/17,-1
,,,,,4/13/17,0.426
,,,,,4/14/17,0.905
,,,,,4/15/17,0.529
,,,,,4/16/17,1
,,,,,4/17/17,1
,,,,,4/18/17,0
,,,,,4/19/17,0
,,,,,4/20/17,-1.213
,,,,,4/21/17,1.136
,,,,,4/22/17,2.538
,,,,,4/23/17,1.429
,,,,,4/24/17,1
,,,,,4/25/17,-1.115
,,,,,4/26/17,1.581
,,,,,4/27/17,1.782
,,,,,4/28/17,0.092
,,,,,4/29/17,0.263
,,,,,4/30/17,0.857
,,,,,5/1/17,1.4
,,,,,5/2/17,0.611
,,,,,5/3/17,0
,,,,,5/4/17,0.709
,,,,,5/5/17,0.339
,,,,,5/6/17,0
,,,,,5/7/17,-2
,,,,,5/8/17,0.69
,,,,,5/9/17,1.638
,,,,,5/10/17,2.396
,,,,,5/11/17,0.313
,,,,,5/12/17,0.676
,,,,,5/13/17,1.875
,,,,,5/14/17,1.333
,,,,,5/15/17,0.438
,,,,,5/16/17,1.077
,,,,,5/17/17,0
,,,,,5/18/17,0.5
,,,,,5/19/17,1.351
,,,,,5/20/17,1.708
,,,,,5/21/17,2.333
,,,,,5/22/17,2.133
,,,,,5/23/17,0.22
,,,,,5/24/17,0.313
,,,,,5/25/17,0.158
,,,,,5/26/17,0.857
,,,,,5/27/17,2.667
,,,,,5/28/17,0.2
,,,,,5/29/17,2.333
,,,,,5/30/17,2
,,,,,5/31/17,0.444
,,,,,6/1/17,1.086
,,,,,6/2/17,0.786
,,,,,6/3/17,2.313
,,,,,6/4/17,1.6
,,,,,6/5/17,0.782
,,,,,6/6/17,-1.017
,,,,,6/7/17,0.438
,,,,,6/8/17,0.28
,,,,,6/9/17,0.083
,,,,,6/10/17,-1.444
,,,,,6/11/17,1
,,,,,6/12/17,0.16
,,,,,6/13/17,1.205
,,,,,6/14/17,0.727
,,,,,6/15/17,-1.333
,,,,,6/16/17,0.69
,,,,,6/17/17,-1.625
,,,,,6/18/17,0
,,,,,6/19/17,1.158
,,,,,6/20/17,1.121
,,,,,6/21/17,-1.17
,,,,,6/22/17,1.479
,,,,,6/23/17,0.25
,,,,,6/24/17,1
,,,,,6/25/17,2.75
,,,,,6/26/17,0.694
,,,,,6/27/17,-1.017
,,,,,6/28/17,0.367
,,,,,6/29/17,0.095
,,,,,6/30/17,1.161
,,,,,7/1/17,1.25
,,,,,7/2/17,1
,,,,,7/3/17,0.929
,,,,,7/4/17,-1.064
,,,,,7/5/17,0.714
,,,,,7/6/17,0.345
,,,,,7/7/17,1.045
,,,,,7/8/17,1.167
,,,,,7/9/17,1.833
,,,,,7/10/17,0.147
,,,,,7/11/17,1
,,,,,7/12/17,0.675
,,,,,7/13/17,-1.389
,,,,,7/14/17,-1
,,,,,7/15/17,2
,,,,,7/16/17,0.5
,,,,,7/17/17,0.647
,,,,,7/18/17,1.5
,,,,,7/19/17,0.414
,,,,,7/20/17,0.5
,,,,,7/21/17,-1.722
,,,,,7/22/17,1.5
,,,,,7/23/17,-1
,,,,,7/24/17,1.263
,,,,,7/25/17,0.065
,,,,,7/26/17,0.679
,,,,,7/27/17,2.435
,,,,,7/28/17,0.542
,,,,,7/29/17,-1.4
,,,,,7/30/17,0.833
,,,,,7/31/17,1.578
,,,,,8/1/17,-1.413
,,,,,8/2/17,0.811
,,,,,8/3/17,0.304
,,,,,8/4/17,0.889
,,,,,8/5/17,0.846
,,,,,8/6/17,0.143
,,,,,8/7/17,0.8
,,,,,8/8/17,0.8
,,,,,8/9/17,0.118
,,,,,8/10/17,0.41
,,,,,8/11/17,0.545
,,,,,8/12/17,-1.4
,,,,,8/13/17,-3
,,,,,8/14/17,-1.235
,,,,,8/15/17,0.25
,,,,,8/16/17,-1.192
,,,,,8/17/17,0.757
,,,,,8/18/17,1.083
,,,,,8/19/17,2
,,,,,8/20/17,-2
,,,,,8/21/17,1.444
,,,,,8/22/17,1.04
,,,,,8/23/17,1.533
,,,,,8/24/17,0.093
,,,,,8/25/17,-1.522
,,,,,8/26/17,-1.375
,,,,,8/27/17,1
,,,,,8/28/17,0.643
,,,,,8/29/17,0.7
,,,,,8/30/17,0.717
,,,,,8/31/17,0.446
,,,,,9/1/17,0.081
,,,,,9/2/17,0.75
,,,,,9/3/17,1.182
,,,,,9/4/17,-1
,,,,,9/5/17,0.577
,,,,,9/6/17,0.31
,,,,,9/7/17,0.118
,,,,,9/8/17,0.385
,,,,,9/9/17,0.4
,,,,,9/10/17,0.357
,,,,,9/11/17,0.745
,,,,,9/12/17,2.141
,,,,,9/13/17,1.728
,,,,,9/14/17,1.538
,,,,,9/15/17,1.611
,,,,,9/16/17,2.235
,,,,,9/17/17,0.857
,,,,,9/18/17,0.8
,,,,,9/19/17,1.5
,,,,,9/20/17,-1.491
,,,,,9/21/17,0.032
,,,,,9/22/17,0.6
,,,,,9/23/17,-1
,,,,,9/24/17,-1
,,,,,9/25/17,0.219
,,,,,9/26/17,-1.344
,,,,,9/27/17,0.571
,,,,,9/28/17,-1.04
,,,,,9/29/17,1.8
,,,,,9/30/17,2.333
,,,,,10/1/17,2.2
,,,,,10/2/17,1
,,,,,10/3/17,0.625
,,,,,10/4/17,1.031
,,,,,10/5/17,1.143
,,,,,10/6/17,1.528
,,,,,10/7/17,0.429
,,,,,10/8/17,2.5
,,,,,10/9/17,0.941
,,,,,10/10/17,1.833
,,,,,10/11/17,1.625
,,,,,10/12/17,-1.167
,,,,,10/13/17,1.59
,,,,,10/14/17,1.571
,,,,,10/15/17,-1.312
,,,,,10/16/17,1.077
,,,,,10/17/17,0.3
,,,,,10/18/17,1.8
,,,,,10/19/17,-1.333
,,,,,10/20/17,1.07
,,,,,10/21/17,-1.538
,,,,,10/22/17,-1.31
,,,,,10/23/17,0.026
,,,,,10/24/17,0.464
,,,,,10/25/17,0.917
,,,,,10/26/17,1.579
,,,,,10/27/17,1.486
,,,,,10/28/17,0.722
,,,,,10/29/17,-1
,,,,,10/30/17,0.733
,,,,,10/31/17,1.308
,,,,,11/1/17,1.75
,,,,,11/2/17,1.107
,,,,,11/3/17,1.8
,,,,,11/4/17,3.5
,,,,,11/5/17,1.273
,,,,,11/6/17,1.75
,,,,,11/7/17,0.13
,,,,,11/8/17,-1.219
,,,,,11/9/17,1.932
,,,,,11/10/17,1.32
,,,,,11/11/17,2
,,,,,11/12/17,0.8
,,,,,11/13/17,0.55
,,,,,11/14/17,1.206
,,,,,11/15/17,-1.264
,,,,,11/16/17,1.091
,,,,,11/17/17,0.545
,,,,,11/18/17,0
,,,,,11/19/17,1
,,,,,11/20/17,0.412
,,,,,11/21/17,1.583
,,,,,11/22/17,1.605
,,,,,11/23/17,0.538
,,,,,11/24/17,1.222
,,,,,11/25/17,0
,,,,,11/26/17,0.857
,,,,,11/27/17,2.333
,,,,,11/28/17,1.063
,,,,,11/29/17,0.906
,,,,,11/30/17,1.063
,,,,,12/1/17,-1.25
,,,,,12/2/17,-2
,,,,,12/3/17,1.444
,,,,,12/4/17,-1.5
,,,,,12/5/17,1
,,,,,12/6/17,1.477
,,,,,12/7/17,2.625
,,,,,12/8/17,1.809
,,,,,12/9/17,-1.444
,,,,,12/10/17,0.75
,,,,,12/11/17,1.696
,,,,,12/12/17,1.474
,,,,,12/13/17,1.982
,,,,,12/14/17,2.459
,,,,,12/15/17,2.021
,,,,,12/16/17,-1
,,,,,12/17/17,-1.6
,,,,,12/18/17,1.04
,,,,,12/19/17,0.313
,,,,,12/20/17,-1.067
,,,,,12/21/17,0.526
,,,,,12/22/17,0.073
,,,,,12/23/17,-2.154
,,,,,12/24/17,1
,,,,,12/25/17,-1.556
,,,,,12/26/17,-1.24
,,,,,12/27/17,0.425
,,,,,12/28/17,0.722
,,,,,12/29/17,0.097
,,,,,12/30/17,2.4
,,,,,12/31/17,-1.1
,,,,,1/1/18,-1.083
,,,,,1/2/18,2
,,,,,1/3/18,0.304
,,,,,1/4/18,-2.246
,,,,,1/5/18,-1.89
,,,,,1/6/18,-1.741
,,,,,1/7/18,-1.529
,,,,,1/8/18,-1.263
,,,,,1/9/18,-1.085
,,,,,1/10/18,-1.157
,,,,,1/11/18,2
,,,,,1/12/18,0.548
,,,,,1/13/18,0.429
,,,,,1/14/18,0.647
,,,,,1/15/18,1
,,,,,1/16/18,1.259
,,,,,1/17/18,0.776
,,,,,1/18/18,0.5
,,,,,1/19/18,0.122
,,,,,1/20/18,0.929
,,,,,1/21/18,2
,,,,,1/22/18,0.776
,,,,,1/23/18,0.68
,,,,,1/24/18,0.299
,,,,,1/25/18,0.3
,,,,,1/26/18,0.921
,,,,,1/27/18,1.438
,,,,,1/28/18,1.652
,,,,,1/29/18,0.25
,,,,,1/30/18,-2.067
,,,,,1/31/18,-1.343
,,,,,2/1/18,0.384
,,,,,2/2/18,0.482
,,,,,2/3/18,0.594
,,,,,2/4/18,0.771
,,,,,2/5/18,0.269
,,,,,2/6/18,0.182
,,,,,2/7/18,1.4
,,,,,2/8/18,1.306
,,,,,2/9/18,-2.156
,,,,,2/10/18,-1.857
,,,,,2/11/18,-3
,,,,,2/12/18,0.487
,,,,,2/13/18,1.72
,,,,,2/14/18,0.929
,,,,,2/15/18,0.905
,,,,,2/16/18,0.075
,,,,,2/17/18,-1.75
,,,,,2/18/18,0.25
,,,,,2/19/18,1
,,,,,2/20/18,0.091
,,,,,2/21/18,0.512
,,,,,2/22/18,0.173
,,,,,2/23/18,-1.538
,,,,,2/24/18,0.325
,,,,,2/25/18,-1.452
,,,,,2/26/18,0.986
,,,,,2/27/18,0.731
,,,,,2/28/18,0.763
,,,,,3/1/18,0.2
,,,,,3/2/18,1.05
,,,,,3/3/18,2
,,,,,3/4/18,-1.133
,,,,,3/5/18,-1.521
,,,,,3/6/18,-1.037
,,,,,3/7/18,0.957
,,,,,3/8/18,-1.067
,,,,,3/9/18,1.892
,,,,,3/10/18,1.111
,,,,,3/11/18,0.75
,,,,,3/12/18,1.609
,,,,,3/13/18,1.519
,,,,,3/14/18,-1.273
,,,,,3/15/18,0.042
,,,,,3/16/18,1.923
,,,,,3/17/18,0.889
,,,,,3/18/18,-2.143
,,,,,3/19/18,0.073
,,,,,3/20/18,1.696
,,,,,3/21/18,0.367
,,,,,3/22/18,0.846
,,,,,3/23/18,0.535
,,,,,3/24/18,1.161
,,,,,3/25/18,1.5
,,,,,3/26/18,1.383
,,,,,3/27/18,1.308
,,,,,3/28/18,0.432
,,,,,3/29/18,1.235
,,,,,3/30/18,1.333
,,,,,3/31/18,1.25
,,,,,4/1/18,1.091
,,,,,4/2/18,0.757
,,,,,4/3/18,1.595
,,,,,4/4/18,1.638
,,,,,4/5/18,1.55
,,,,,4/6/18,1.31
,,,,,4/7/18,1.5
,,,,,4/8/18,1.857
,,,,,4/9/18,1.947
,,,,,4/10/18,1
,,,,,4/11/18,1.111
,,,,,4/12/18,1.444
,,,,,4/13/18,2
,,,,,4/14/18,0.375
,,,,,4/15/18,0.625
,,,,,4/16/18,0.429
,,,,,4/17/18,2.111
,,,,,4/18/18,1.385
,,,,,4/19/18,0.532
,,,,,4/20/18,-1.772
,,,,,4/21/18,0.5
,,,,,4/22/18,1.267
,,,,,4/23/18,0.333
,,,,,4/24/18,0.45
,,,,,4/25/18,0.757
,,,,,4/26/18,1.316
,,,,,4/27/18,1.075
,,,,,4/28/18,0.941
,,,,,4/29/18,2
,,,,,4/30/18,-1.109
,,,,,5/1/18,-1.45
,,,,,5/2/18,0.973
,,,,,5/3/18,1.778
,,,,,5/4/18,0.967
,,,,,5/5/18,0.806
,,,,,5/6/18,1.606
,,,,,5/7/18,1.88
,,,,,5/8/18,1.286
,,,,,5/9/18,1.524
,,,,,5/10/18,0.875
,,,,,5/11/18,1.652
,,,,,5/12/18,0.769
,,,,,5/13/18,1
,,,,,5/14/18,1.31
,,,,,5/15/18,1.226
,,,,,5/16/18,0.69
,,,,,5/17/18,0.813
,,,,,5/18/18,1.55
,,,,,5/19/18,1
,,,,,5/20/18,1.286
,,,,,5/21/18,2.167
,,,,,5/22/18,2
,,,,,5/23/18,1.357
,,,,,5/24/18,1.277
,,,,,5/25/18,0.781
,,,,,5/26/18,1.4
,,,,,5/27/18,1.556
,,,,,5/28/18,2.533
,,,,,5/29/18,1.7
,,,,,5/30/18,1.8
,,,,,5/31/18,1.333
,,,,,6/1/18,1.725
,,,,,6/2/18,2.833
,,,,,6/3/18,2.308
,,,,,6/4/18,2.193
,,,,,6/5/18,1.45
,,,,,6/6/18,0.774
,,,,,6/7/18,1.273
,,,,,6/8/18,-1.09
,,,,,6/9/18,1.6
,,,,,6/10/18,1.333
,,,,,6/11/18,0.469
,,,,,6/12/18,1.654
,,,,,6/13/18,1.056
,,,,,6/14/18,0.231
,,,,,6/15/18,1.121
,,,,,6/16/18,1.556
,,,,,6/17/18,1.75
,,,,,6/18/18,1.508
,,,,,6/19/18,0.623
,,,,,6/20/18,0.738
,,,,,6/21/18,1.321
,,,,,6/22/18,0.333
,,,,,6/23/18,2.222
,,,,,6/24/18,1.75
,,,,,6/25/18,0.804
,,,,,6/26/18,1.341
,,,,,6/27/18,1.13
,,,,,6/28/18,0.409
,,,,,6/29/18,1.313
,,,,,6/30/18,0.9