Date,Open,High,Low,Close,Adj Close,Volume,Label
6/27/13,57.035713,57.341427,56.220001,56.254284,44.129971,84311500,1
6/28/13,55.908573,57.181427,55.552856,56.647144,44.438164,144629100,1
7/1/13,57.527142,58.895714,57.317142,58.459999,45.860298,97763400,1
7/2/13,58.565716,60.232857,58.495716,59.784286,46.899162,117466300,1
7/3/13,60.122856,60.425713,59.635715,60.114285,47.158039,60232200,1
7/5/13,60.055714,60.470001,59.335712,59.631428,46.779251,68506200,0
7/8/13,60.015713,60.142857,58.664288,59.292858,46.51366,74534600,0
7/9/13,59.085712,60.5,58.625713,60.335712,47.331741,88146100,1
7/10/13,59.942856,60.685715,59.75,60.104286,47.150196,70351400,0
7/11/13,60.421429,61.17857,60.167141,61.041428,47.885357,81573100,1
7/12/13,61.092857,61.398571,60.487144,60.93,47.797943,69890800,0
7/15/13,60.715714,61.637142,60.685715,61.062859,47.902172,60479300,1
7/16/13,60.931427,61.529999,60.595715,61.457142,48.211479,54134500,1
7/17/13,61.385715,61.745716,61.174286,61.472858,48.223812,49747600,1
7/18/13,61.91143,62.124287,61.515713,61.68,48.386299,54719700,1
7/19/13,61.871429,61.997143,60.621429,60.707142,47.623127,67180400,0
7/22/13,61.351429,61.392857,60.781429,60.901428,47.775539,51949100,1
7/23/13,60.857143,60.994286,59.815716,59.855713,46.955208,92348900,0
7/24/13,62.704285,63.512856,62.18,62.93,49.366905,147984200,1
7/25/13,62.957142,63.057144,62.258572,62.642857,49.14164,57373400,0
7/26/13,62.185715,63.005714,62.048573,62.998573,49.420692,50038100,1
7/29/13,62.971428,64.284286,62.885715,63.970001,50.182755,62014400,1
7/30/13,64.279999,65.307144,64.175713,64.760002,50.802479,77355600,1
7/31/13,64.998573,65.334282,64.204285,64.647141,50.713947,80739400,0
8/1/13,65.10714,65.257141,64.751427,65.239998,51.17902,51562700,1
8/2/13,65.43,66.121429,65.237144,66.077141,51.835732,68695900,1
8/5/13,66.384285,67.238571,66.021431,67.064285,52.610134,79713900,1
8/6/13,66.860001,67.412857,66.024284,66.464287,52.139446,83714400,0
8/7/13,66.257141,66.714287,65.96714,66.425713,52.109192,74714500,0
8/8/13,66.265717,66.300003,65.421425,65.858574,54.150658,63944300,0
8/9/13,65.519997,65.779999,64.807144,64.921425,53.380112,66716300,0
8/12/13,65.265717,66.949997,65.232857,66.765717,54.896542,91108500,1
8/13/13,67.277145,70.665718,66.864288,69.938568,57.505344,220485300,1
8/14/13,71.125717,72.035713,70.485718,71.214287,58.554276,189093100,1
8/15/13,70.917145,71.771431,69.868568,71.129997,58.484966,122573500,0
8/16/13,71.449997,71.848572,71.265717,71.761429,59.004147,90576500,1
8/19/13,72.048569,73.391426,72,72.534286,59.639614,127629600,1
8/20/13,72.815712,72.938568,71.545715,71.581429,58.856155,89672100,0
8/21/13,71.941429,72.449997,71.599998,71.765717,59.007671,83969900,1
8/22/13,72.139999,72.227142,71.171425,71.851425,59.078148,61051900,1
8/23/13,71.895714,71.907143,71.335716,71.574287,58.850273,55682900,0
8/26/13,71.535713,72.885712,71.5,71.852859,59.079327,82741400,1
8/27/13,71.14286,71.78714,69.471428,69.798569,57.390232,106047200,0
8/28/13,69.428574,70.828575,69.428574,70.128571,57.661564,76902000,1
8/29/13,70.235718,70.928574,70.16143,70.242859,57.755524,59914400,1
8/30/13,70.285713,70.421425,69.5,69.602859,57.229309,68074300,0
9/3/13,70.442856,71.514282,69.621429,69.797142,57.389057,82982200,1
9/4/13,71.365715,71.748573,70.897141,71.241432,58.576588,86258200,1
9/5/13,71.464287,71.525711,70.519997,70.752853,58.174866,59091900,0
9/6/13,71.205711,71.339996,69.992859,71.174286,58.521381,89881400,1
9/9/13,72.14286,72.559998,71.925713,72.309998,59.455212,85171800,1
9/10/13,72.314285,72.492859,69.928574,70.662857,58.100861,185798900,0
9/11/13,66.715714,67.669998,66.401428,66.815712,54.937645,224674100,0
9/12/13,66.928574,67.914284,66.572861,67.527145,55.522602,101012800,1
9/13/13,67.048569,67.404289,66.385712,66.414284,54.607578,74708900,0
9/16/13,65.85714,65.944283,63.888573,64.302856,52.87151,135926700,0
9/17/13,63.994286,65.672859,63.92857,65.045715,53.4823,99845200,1
9/18/13,66.168571,66.621429,65.808571,66.382858,54.581741,114215500,1
9/19/13,67.242859,67.975716,67.035713,67.471428,55.476803,101135300,1
9/20/13,68.285713,68.364288,66.571426,66.772858,54.902412,174825700,0
9/23/13,70.871429,70.987144,68.942856,70.091431,57.631035,190526700,1
9/24/13,70.697144,70.781425,69.688568,69.871429,57.450146,91086100,0
9/25/13,69.885712,69.94857,68.775711,68.790001,56.560963,79239300,0
9/26/13,69.428574,69.794289,69.128571,69.459999,57.111843,59305400,1
9/27/13,69.111427,69.238571,68.674286,68.964287,56.704269,57010100,0
9/30/13,68.178574,68.808571,67.772858,68.10714,55.999493,65039100,0
10/1/13,68.349998,69.877144,68.339996,69.708572,57.316231,88470900,1
10/2/13,69.375717,70.257141,69.10714,69.937141,57.504166,72296000,1
10/3/13,70.072861,70.335716,68.677139,69.058571,56.781784,80688300,0
10/4/13,69.122856,69.228569,68.371429,69.004288,56.737148,64717100,0
10/7/13,69.508568,70.378571,69.335716,69.678574,57.291565,78073100,1
10/8/13,69.991432,70.091431,68.648575,68.705711,56.491661,72729300,0
10/9/13,69.234283,69.684288,68.325714,69.512856,57.155315,75431300,1
10/10/13,70.188568,70.339996,69.577141,69.94857,57.513561,69650700,1
10/11/13,69.57,70.548569,69.308571,70.401428,57.885921,66934700,1
10/14/13,69.975716,71.082855,69.907143,70.862854,58.265316,65474500,1
10/15/13,71.072861,71.714287,70.788574,71.239998,58.575417,80018400,1
10/16/13,71.541428,71.790001,71.318573,71.587143,58.860844,62775300,1
10/17/13,71.425713,72.111427,71.382858,72.071426,59.259037,63398300,1
10/18/13,72.284286,72.751427,72.244286,72.69857,59.774693,72635500,1
10/21/13,73.110001,74.900002,73.074287,74.480003,61.239429,99526700,1
10/22/13,75.201431,75.492859,72.575714,74.267143,61.0644,133515900,0
10/23/13,74.14286,75.095711,74.14286,74.994286,61.662289,78430800,1
10/24/13,75,76.067146,74.635712,75.987144,62.478638,96191200,1
10/25/13,75.902855,76.175713,75.015717,75.137146,61.779747,84448000,0
10/28/13,75.577141,75.85714,74.744286,75.697144,62.240196,137610200,1
10/29/13,76.610001,77.035713,73.505714,73.811432,60.689693,158951800,0
10/30/13,74.230003,75.360001,73.860001,74.985718,61.655243,88540900,1
10/31/13,75,75.355713,74.46714,74.671425,61.396824,68924100,0
11/1/13,74.860001,74.971428,73.691429,74.290001,61.08321,68722500,0
11/4/13,74.442856,75.260002,74.115715,75.25,61.872543,61156900,1
11/5/13,74.940002,75.555717,74.714287,75.064285,61.719852,66303300,0
11/6/13,74.878571,74.980003,74.028572,74.417145,63.779209,55843900,0
11/7/13,74.225716,74.741432,73.197144,73.21286,62.747082,65655100,0
11/8/13,73.511429,74.447144,73.227142,74.365715,63.735111,69829200,1
11/11/13,74.284286,74.524284,73.487144,74.150002,63.550251,56863100,0
11/12/13,73.952858,74.845711,73.85714,74.28714,63.667797,51069200,1
11/13/13,74,74.60714,73.851425,74.375717,63.743702,49305200,1
11/14/13,74.687141,75.611427,74.552856,75.451431,64.665649,70604800,1
11/15/13,75.225716,75.584282,74.927139,74.998573,64.277519,79480100,0
11/18/13,74.998573,75.312859,74.028572,74.089996,63.498821,61236000,0
11/19/13,74.147141,74.76857,73.995712,74.221428,63.611477,52234700,1
11/20/13,74.175713,74.345711,73.475716,73.571426,63.054394,48479200,0
11/21/13,73.942856,74.458572,73.381432,74.44857,63.806152,65506700,1
11/22/13,74.21714,74.594284,74.075714,74.257141,63.642082,55931400,0
11/25/13,74.431427,75.124283,74.428574,74.82,64.124481,57327900,1
11/26/13,74.874283,76.591431,74.85714,76.199997,65.307205,100345700,1
11/27/13,76.615715,78,76.199997,77.994286,66.845009,90862100,1
11/29/13,78.497147,79.761429,78.258568,79.438568,68.082802,79531900,1
12/2/13,79.714287,80.618568,78.688568,78.747147,67.490242,118136200,0
12/3/13,79.757141,80.91143,79.668571,80.902855,69.337791,112742000,1
12/4/13,80.785713,81.312859,80.117142,80.714287,69.17617,94452400,0
12/5/13,81.807144,82.162857,80.915718,81.128571,69.531235,111895000,1
12/6/13,80.827141,80.964287,79.938568,80.002853,68.566452,86088100,0
12/9/13,80.128571,81.368568,80.128571,80.918571,69.35125,80123400,1
12/10/13,80.511429,81.125717,80.171425,80.792854,69.24353,69567400,0
12/11/13,81,81.567146,79.955711,80.194283,68.730499,89929700,0
12/12/13,80.305717,80.762856,80.004288,80.077141,68.630119,65572500,0
12/13/13,80.407143,80.41143,79.095711,79.204285,67.882027,83205500,0
12/16/13,79.288574,80.377144,79.28714,79.64286,68.257927,70648200,1
12/17/13,79.401428,79.919998,79.054283,79.284286,67.950592,57475600,0
12/18/13,78.528572,78.778572,76.971428,78.681427,67.433922,141465800,0
12/19/13,78.5,78.571426,77.675713,77.779999,66.661339,80077200,0
12/20/13,77.918571,78.80143,77.831429,78.431427,67.21965,109103400,1
12/23/13,81.14286,81.531425,80.394287,81.441429,69.799385,125326600,1
12/24/13,81.412857,81.697144,80.861427,81.095711,69.50309,41888700,0
12/26/13,81.157143,81.35714,80.482857,80.557144,69.041496,51002000,0
12/27/13,80.545715,80.629997,79.928574,80.012856,68.574997,56471100,0
12/30/13,79.637146,80.012856,78.902855,79.21714,67.893066,63407400,0
12/31/13,79.167145,80.182854,79.14286,80.145714,68.688881,55771100,1
1/2/14,79.382858,79.575714,78.860001,79.01857,67.722862,58671200,0
1/3/14,78.980003,79.099998,77.204285,77.28286,66.235268,98116900,0
1/6/14,76.778572,78.114288,76.228569,77.704285,66.596466,103152700,1
1/7/14,77.760002,77.994286,76.845711,77.148575,66.120186,79302300,0
1/8/14,76.972855,77.937141,76.955711,77.637146,66.538902,64632400,1
1/9/14,78.114288,78.122856,76.478569,76.645714,65.689217,69787200,0
1/10/14,77.118568,77.257141,75.872856,76.134285,65.25087,76244000,0
1/13/14,75.701431,77.5,75.697144,76.53286,65.592491,94623200,1
1/14/14,76.888573,78.104286,76.808571,78.055717,66.897652,83140400,1
1/15/14,79.074287,80.028572,78.808571,79.622856,68.240753,97909700,1
1/16/14,79.271431,79.550003,78.811432,79.178574,67.859993,57319500,0
1/17/14,78.78286,78.867142,77.128571,77.238571,66.197319,106684900,0
1/21/14,77.284286,78.581429,77.202858,78.438568,67.225777,82131700,1
1/22/14,78.701431,79.612854,78.258568,78.78714,67.524521,94996300,1
1/23/14,78.562859,79.5,77.830002,79.454285,68.096291,100809800,1
1/24/14,79.14286,79.374283,77.821426,78.010002,66.858467,107338700,0
1/27/14,78.581429,79.257141,77.964287,78.64286,67.400864,138719700,1
1/28/14,72.68,73.571426,71.724289,72.35714,62.013683,266380800,0
1/29/14,71.992859,72.48143,71.23143,71.535713,61.309677,125702500,0
1/30/14,71.791428,72.35714,70.957146,71.397141,61.190922,169625400,0
1/31/14,70.739998,71.647141,70.507141,71.514282,61.291309,116199300,1
2/3/14,71.80143,72.53286,71.328575,71.647141,61.405186,100366000,1
2/4/14,72.264282,72.779999,71.822861,72.684288,62.294071,94170300,1
2/5/14,72.365715,73.611427,72.321426,73.227142,62.759319,82086200,1
2/6/14,72.865715,73.35714,72.544289,73.215714,65.476723,64441300,0
2/7/14,74.482857,74.704285,73.91143,74.239998,66.392738,92570100,1
2/10/14,74.094284,75.998573,74,75.57,67.582138,86389800,1
2/11/14,75.80143,76.821426,75.64286,76.565712,68.472603,70564200,1
2/12/14,76.707146,77.080002,76.177139,76.559998,68.467506,77025200,0
2/13/14,76.379997,77.835716,76.314285,77.775711,69.554703,76849500,1
2/14/14,77.495712,77.997147,77.315712,77.71286,69.49852,68231100,0
2/18/14,78,78.741432,77.944283,77.998573,69.754028,65062900,1
2/19/14,77.821426,78.127144,76.335716,76.767143,68.652756,78442000,0
2/20/14,76.141426,76.714287,75.571426,75.878571,67.858101,76464500,0
2/21/14,76.112854,76.367142,74.942856,75.035713,67.10434,69696200,0
2/24/14,74.735718,75.702858,74.631432,75.364288,67.398178,72227400,1
2/25/14,75.625717,75.652855,74.428574,74.580002,66.696777,57988000,0
2/26/14,74.80143,75,73.657143,73.907143,66.095062,69054300,0
2/27/14,73.877144,75.540001,73.721428,75.381432,67.413513,75470500,1
2/28/14,75.582855,76.10714,74.58857,75.177139,67.230804,92992200,0
3/3/14,74.774284,75.807144,74.687141,75.394287,67.424995,59695300,1
3/4/14,75.85714,76.091431,75.395714,75.891426,67.869591,64785000,1
3/5/14,75.845711,76.39286,75.589996,76.05143,68.01268,50015700,1
3/6/14,76.112854,76.348572,75.442856,75.821426,67.806984,46372200,0
3/7/14,75.870003,75.997147,75.150002,75.777145,67.767372,55182400,0
3/10/14,75.480003,76.190002,75.477142,75.845711,67.82872,44646000,1
3/11/14,76.492859,76.96286,76.084282,76.584282,68.48922,69806100,1
3/12/14,76.358574,76.764282,76,76.658569,68.555649,49831600,1
3/13/14,76.777145,77.094284,75.594284,75.807144,67.794228,64435700,0
3/14/14,75.541428,75.841431,74.714287,74.955711,67.032784,59299800,0
3/17/14,75.385712,75.709999,75.121429,75.248573,67.294701,49886200,1
3/18/14,75.128571,75.995712,75.028572,75.914284,67.89003,52411800,1
3/19/14,76.03714,76.605713,75.571426,75.894287,67.872169,56189000,0
3/20/14,75.69857,76.095711,75.335716,75.528572,67.54509,52099600,0
3/21/14,75.989998,76.25,75.190002,76.124283,68.077827,93511600,1
3/24/14,76.917145,77.214287,76.437141,77.027145,68.885262,88925200,1
3/25/14,77.35714,77.964287,77.084282,77.855713,69.626259,70573300,1
3/26/14,78.074287,78.428574,76.980003,77.111427,68.96064,74942000,0
3/27/14,77.145714,77.35714,76.445717,76.779999,68.664246,55507900,0
3/28/14,76.902855,76.991432,76.321426,76.694283,68.587601,50141000,0
3/31/14,77.03286,77.258568,76.561432,76.677139,68.572273,42167300,0
4/1/14,76.822861,77.410004,76.681427,77.378571,69.199539,50190000,1
4/2/14,77.482857,77.639999,77.18,77.507141,69.314529,45105200,1
4/3/14,77.341431,77.5,76.805717,76.970001,68.834145,40586000,0
4/4/14,77.115715,77.14286,75.797142,75.974289,67.943726,68812800,0
4/7/14,75.431427,75.842857,74.555717,74.781425,66.87693,72462600,0
4/8/14,75.027145,75.160004,74.099998,74.777145,66.8731,60972100,0
4/9/14,74.662857,75.784286,74.574287,75.760002,67.75206,51542400,1
4/10/14,75.811432,76.034286,74.738571,74.78286,66.878227,59913000,0
4/11/14,74.14286,74.690002,73.877144,74.230003,66.383789,67929400,0
4/14/14,74.557144,74.594284,73.887146,74.525711,66.648232,51418500,1
4/15/14,74.324287,74.519997,73.047142,73.994286,66.172997,66622500,0
4/16/14,74.007141,74.441429,73.44857,74.144287,66.307129,53691400,1
4/17/14,74.285713,75.394287,74.171425,74.991432,67.064743,71083600,1
4/21/14,75.048569,76.019997,74.851425,75.881432,67.860657,45637200,1
4/22/14,75.472855,75.975716,75.214287,75.957146,67.928375,50640800,1
4/23/14,75.580002,75.875717,74.921425,74.964287,67.040466,98735000,0
4/24/14,81.172859,81.428574,80.104286,81.110001,72.536575,189977900,1
4/25/14,80.647141,81.71286,80.565712,81.705711,73.069313,97568800,1
4/28/14,81.828575,85.10714,81.792854,84.870003,75.899139,167371400,1
4/29/14,84.82,85.139999,84.215714,84.618568,75.674263,84344400,0
4/30/14,84.662857,85.632858,84.257141,84.298569,75.3881,114160200,0
5/1/14,84.571426,84.971428,83.765717,84.497147,75.565689,61012000,1
5/2/14,84.620003,84.885712,84.244286,84.654289,75.706215,47878600,1
5/5/14,84.305717,85.85714,84.285713,85.851425,76.776825,71766800,1
5/6/14,85.971428,86.344284,84.915718,84.915718,75.940018,93641100,0
5/7/14,85.035713,85.327141,83.961426,84.618568,75.674263,70716100,0
5/8/14,84.035713,84.915718,83.771431,83.998573,78.15863,57574300,0
5/9/14,83.505714,83.75,82.904289,83.648575,77.832993,72899400,0
5/12/14,83.927139,84.808571,83.914284,84.690002,78.801994,53302200,1
5/13/14,84.571426,84.934288,84.385712,84.822861,78.925613,39934300,1
5/14/14,84.632858,85.342857,84.534286,84.83857,78.940239,41601000,1
5/15/14,84.957146,85.228569,84.005714,84.117142,78.268967,57711500,0
5/16/14,84.089996,85.361427,83.628571,85.358574,79.424072,69064100,1
5/19/14,85.407143,86.761429,85.332855,86.370003,80.365196,79438800,1
5/20/14,86.358574,86.628571,85.818573,86.387146,80.381149,58709000,1
5/21/14,86.261429,86.671425,86.008568,86.615715,80.593834,49214900,1
5/22/14,86.657143,87.121429,86.300003,86.752853,80.721428,50190000,1
5/23/14,86.75,87.818573,86.638573,87.732857,81.633316,58052400,1
5/27/14,87.982857,89.408569,87.947144,89.375717,83.161942,87216500,1
5/28/14,89.431427,89.975716,89.111427,89.144287,82.946617,78870400,0
5/29/14,89.692856,90.98143,89.681427,90.76857,84.457962,94118500,1
5/30/14,91.139999,92.024284,89.842857,90.428574,84.141617,141005200,0
6/2/14,90.565712,90.690002,88.928574,89.807144,83.563377,92337700,0
6/3/14,89.779999,91.248573,89.75,91.077141,84.745071,73177300,1
6/4/14,91.062859,92.555717,90.872856,92.117142,85.712769,83870500,1
6/5/14,92.314285,92.767143,91.80143,92.478569,86.049088,75951400,1
6/6/14,92.842857,93.03714,92.067146,92.224289,85.812477,87484600,0
6/9/14,92.699997,93.879997,91.75,93.699997,87.185577,75415000,1
6/10/14,94.730003,95.050003,93.57,94.25,87.697365,62777000,1
6/11/14,94.129997,94.760002,93.470001,93.860001,87.334457,45681000,0
6/12/14,94.040001,94.120003,91.900002,92.290001,85.873611,54749000,0
6/13/14,92.199997,92.440002,90.879997,91.279999,84.933846,54525000,0
6/16/14,91.510002,92.75,91.449997,92.199997,85.789871,35561000,1
6/17/14,92.309998,92.699997,91.800003,92.080002,85.678207,29726000,0
6/18/14,92.269997,92.290001,91.349998,92.18,85.771263,33514000,1
6/19/14,92.290001,92.300003,91.339996,91.860001,85.473503,35528000,0
6/20/14,91.849998,92.550003,90.900002,90.910004,84.589569,100898000,0
6/23/14,91.32,91.620003,90.599998,90.830002,84.515114,43694000,0
6/24/14,90.75,91.739998,90.190002,90.279999,84.003365,39036000,0
6/25/14,90.209999,90.699997,89.650002,90.360001,84.077789,36869000,1
6/26/14,90.370003,91.050003,89.800003,90.900002,84.580269,32629000,1
6/27/14,90.82,92,90.769997,91.980003,85.585167,64029000,1
6/30/14,92.099998,93.730003,92.089996,92.93,86.469116,49482300,1
7/1/14,93.519997,94.07,93.129997,93.519997,87.018105,38223000,1
7/2/14,93.870003,94.059998,93.089996,93.480003,86.980873,28465000,0
7/3/14,93.669998,94.099998,93.199997,94.029999,87.49263,22891800,1
7/7/14,94.139999,95.989998,94.099998,95.970001,89.297775,56468000,1
7/8/14,96.269997,96.800003,93.919998,95.349998,88.720863,65222000,0
7/9/14,95.440002,95.949997,94.760002,95.389999,88.758087,36436000,1
7/10/14,93.760002,95.550003,93.519997,95.040001,88.432434,39686000,0
7/11/14,95.360001,95.889999,94.860001,95.220001,88.599915,34018000,1
7/14/14,95.860001,96.889999,95.650002,96.449997,89.744392,42810000,1
7/15/14,96.800003,96.849998,95.029999,95.32,88.692963,45477900,0
7/16/14,96.970001,97.099998,94.739998,94.779999,88.190491,53396300,0
7/17/14,95.029999,95.279999,92.57,93.089996,86.618011,57298000,0
7/18/14,93.620003,94.739998,93.019997,94.43,87.864822,49988000,1
7/21/14,94.989998,95,93.720001,93.940002,87.408913,39079000,0
7/22/14,94.68,94.889999,94.120003,94.720001,88.134674,55197000,1
7/23/14,95.419998,97.879997,95.169998,97.190002,90.432945,92918000,1
7/24/14,97.040001,97.32,96.419998,97.029999,90.284065,45729000,0
7/25/14,96.849998,97.839996,96.639999,97.669998,90.87957,43469000,1
7/28/14,97.82,99.239998,97.550003,99.019997,92.135719,55318000,1
7/29/14,99.330002,99.440002,98.25,98.379997,91.540215,43143000,0
7/30/14,98.440002,98.699997,97.669998,98.150002,91.326195,33010000,0
7/31/14,97.160004,97.449997,95.330002,95.599998,88.953499,56843000,0
8/1/14,94.900002,96.620003,94.809998,96.129997,89.44664,48511000,1
8/4/14,96.370003,96.580002,95.169998,95.589996,88.944183,39958000,0
8/5/14,95.360001,95.68,94.360001,95.120003,88.506859,55933000,0
8/6/14,94.75,95.480003,94.709999,94.959999,88.357979,38558000,0
8/7/14,94.93,95.949997,94.099998,94.480003,88.348633,46711000,0
8/8/14,94.260002,94.82,93.279999,94.739998,88.591759,41865000,1
8/11/14,95.269997,96.080002,94.839996,95.989998,89.760643,36585000,1
8/12/14,96.040001,96.879997,95.610001,95.970001,89.741943,33795000,0
8/13/14,96.150002,97.239998,96.040001,97.239998,90.929512,31916000,1
8/14/14,97.330002,97.57,96.800003,97.5,91.172653,28116000,1
8/15/14,97.900002,98.190002,96.860001,97.980003,91.621513,48951000,1
8/18/14,98.489998,99.370003,97.980003,99.160004,92.724922,47572000,1
8/19/14,99.410004,100.68,99.32,100.529999,94.006012,69399000,1
8/20/14,100.440002,101.089996,99.949997,100.57,94.043434,52699000,1
8/21/14,100.57,100.940002,100.110001,100.580002,94.05278,33478000,1
8/22/14,100.290001,101.470001,100.190002,101.32,94.744743,44184000,1
8/25/14,101.790001,102.169998,101.279999,101.540001,94.95047,40270000,1
8/26/14,101.419998,101.5,100.860001,100.889999,94.342651,33152000,0
8/27/14,101.019997,102.57,100.699997,102.129997,95.502167,52369000,1
8/28/14,101.589996,102.779999,101.559998,102.25,95.614388,68460000,1
8/29/14,102.860001,102.900002,102.199997,102.5,95.848152,44595000,1
9/2/14,103.059998,103.739998,102.720001,103.300003,96.59626,53564000,1
9/3/14,103.099998,103.199997,98.580002,98.940002,92.519188,125421000,0
9/4/14,98.849998,100.089996,97.790001,98.120003,91.752419,85718000,0
9/5/14,98.800003,99.389999,98.309998,98.970001,92.547249,58457000,1
9/8/14,99.300003,99.309998,98.050003,98.360001,91.976845,46356700,0
9/9/14,99.080002,103.080002,96.139999,97.989998,91.630852,189846300,0
9/10/14,98.010002,101.110001,97.760002,101,94.445526,100869600,1
9/11/14,100.410004,101.440002,99.620003,101.43,94.847603,62353100,1
9/12/14,101.209999,102.190002,101.080002,101.660004,95.062691,62626100,1
9/15/14,102.809998,103.050003,101.440002,101.629997,95.034615,61316500,0
9/16/14,99.800003,101.260002,98.889999,100.860001,94.314598,66908100,0
9/17/14,101.269997,101.800003,100.589996,101.580002,94.987869,60926500,1
9/18/14,101.93,102.349998,101.559998,101.790001,95.18425,37299400,1
9/19/14,102.290001,102.349998,100.5,100.959999,94.408112,70902400,0
9/22/14,101.800003,102.139999,100.580002,101.059998,94.501625,52788400,1
9/23/14,100.599998,102.940002,100.540001,102.639999,95.979088,63402200,1
9/24/14,102.160004,102.849998,101.199997,101.75,95.146843,60171800,0
9/25/14,100.510002,100.709999,97.720001,97.870003,91.518661,100092000,0
9/26/14,98.529999,100.75,98.400002,100.75,94.211754,62370500,1
9/29/14,98.650002,100.440002,98.629997,100.110001,93.613274,49766300,0
9/30/14,100.809998,101.540001,100.529999,100.75,94.211754,55264100,1
10/1/14,100.589996,100.690002,98.699997,99.18,92.743637,51491300,0
10/2/14,99.269997,100.220001,98.040001,99.900002,93.416908,47757800,1
10/3/14,99.440002,100.209999,99.040001,99.620003,93.155067,43469600,0
10/6/14,99.949997,100.650002,99.419998,99.620003,93.155067,37051200,0
10/7/14,99.43,100.120003,98.730003,98.75,92.341522,42094200,0
10/8/14,98.760002,101.110001,98.309998,100.800003,94.258507,57404700,1
10/9/14,101.540001,102.379997,100.610001,101.019997,94.464211,77376500,1
10/10/14,100.690002,102.029999,100.300003,100.730003,94.193039,66331600,0
10/13/14,101.330002,101.779999,99.809998,99.809998,93.332733,53583400,0
10/14/14,100.389999,100.519997,98.57,98.75,92.341522,63688600,0
10/15/14,97.970001,99.150002,95.18,97.540001,91.210045,100933600,0
10/16/14,95.550003,97.720001,95.410004,96.260002,90.013115,72154500,0
10/17/14,97.5,99,96.809998,97.669998,91.331619,68179700,1
10/20/14,98.32,99.959999,98.220001,99.760002,93.285973,77517300,1
10/21/14,103.019997,103.019997,101.269997,102.470001,95.820122,94623900,1
10/22/14,102.839996,104.110001,102.599998,102.989998,96.306366,68263100,1
10/23/14,104.080002,105.050003,103.629997,104.830002,98.026962,71074700,1
10/24/14,105.18,105.489998,104.529999,105.220001,98.391663,47053900,1
10/27/14,104.849998,105.480003,104.699997,105.110001,98.28878,34187700,0
10/28/14,105.400002,106.739998,105.349998,106.739998,99.813004,48060900,1
10/29/14,106.650002,107.370003,106.360001,107.339996,100.374069,52687900,1
10/30/14,106.959999,107.349998,105.900002,106.980003,100.037453,40654800,0
10/31/14,108.010002,108.040001,107.209999,108,100.991234,44639300,1
11/3/14,108.220001,110.300003,108.010002,109.400002,102.300392,52282600,1
11/4/14,109.360001,109.489998,107.720001,108.599998,101.552292,41574400,0
11/5/14,109.099998,109.300003,108.129997,108.860001,101.795433,37435900,1
11/6/14,108.599998,108.790001,107.800003,108.699997,102.086563,34968500,0
11/7/14,108.75,109.32,108.550003,109.010002,102.377716,33691500,1
11/10/14,109.019997,109.330002,108.669998,108.830002,102.208649,27195500,0
11/11/14,108.699997,109.75,108.400002,109.699997,103.025711,27442300,1
11/12/14,109.379997,111.43,109.370003,111.25,104.481422,46942400,1
11/13/14,111.800003,113.449997,111.599998,112.82,105.955902,59522900,1
11/14/14,113.150002,114.190002,111.209999,114.18,107.23317,44063600,1
11/17/14,114.269997,117.279999,113.300003,113.989998,107.054726,46746700,0
11/18/14,113.940002,115.690002,113.889999,115.470001,108.444672,44224000,1
11/19/14,115.440002,115.739998,113.800003,114.669998,107.693336,41869200,0
11/20/14,114.910004,116.860001,114.849998,116.309998,109.233559,43395500,1
11/21/14,117.510002,117.57,116.029999,116.470001,109.383842,57179300,1
11/24/14,116.849998,118.769997,116.620003,118.629997,111.412415,47450800,1
11/25/14,119.07,119.75,117.449997,117.599998,110.445091,68840400,0
11/26/14,117.940002,119.099998,117.830002,119,111.759903,40768300,1
11/28/14,119.269997,119.400002,118.050003,118.93,111.69416,24814400,0
12/1/14,118.809998,119.25,111.269997,115.07,108.069008,83814000,0
12/2/14,113.5,115.75,112.75,114.629997,107.655785,59348900,0
12/3/14,115.75,116.349998,115.110001,115.93,108.876686,43063400,1
12/4/14,115.769997,117.199997,115.290001,115.489998,108.463455,42044500,0
12/5/14,115.989998,116.080002,114.639999,115,108.003265,38318900,0
12/8/14,114.099998,114.650002,111.620003,112.400002,105.561447,57664900,0
12/9/14,110.190002,114.300003,109.349998,114.120003,107.176811,60208000,1
12/10/14,114.410004,114.849998,111.540001,111.949997,105.13884,44565300,0
12/11/14,112.260002,113.800003,111.339996,111.620003,104.828918,41401700,0
12/12/14,110.459999,111.870003,109.580002,109.730003,103.053902,56028100,0
12/15/14,110.699997,111.599998,106.349998,108.230003,101.645164,67218100,0
12/16/14,106.370003,110.160004,106.260002,106.75,100.255203,60790700,0
12/17/14,107.120003,109.839996,106.82,109.410004,102.753387,53411800,1
12/18/14,111.870003,112.650002,110.660004,112.650002,105.796242,59006200,1
12/19/14,112.260002,113.239998,111.660004,111.779999,104.979164,88429800,0
12/22/14,112.160004,113.489998,111.970001,112.940002,106.068596,45167500,1
12/23/14,113.230003,113.330002,112.459999,112.540001,105.69294,26028400,0
12/24/14,112.580002,112.709999,112.010002,112.010002,105.19519,14479600,0
12/26/14,112.099998,114.519997,112.010002,113.989998,107.054726,33721000,1
12/29/14,113.790001,114.769997,113.699997,113.910004,106.979584,27598900,0
12/30/14,113.639999,113.919998,112.110001,112.519997,105.674149,29881500,0
12/31/14,112.82,113.129997,110.209999,110.379997,103.664352,41403400,0
1/2/15,111.389999,111.440002,107.349998,109.330002,102.67823,53204600,0
1/5/15,108.290001,108.650002,105.410004,106.25,99.785629,64285500,0
1/6/15,106.540001,107.43,104.629997,106.260002,99.795021,65797100,1
1/7/15,107.199997,108.199997,106.699997,107.75,101.194359,40105900,1
1/8/15,109.230003,112.150002,108.699997,111.889999,105.082497,59364500,1
1/9/15,112.669998,113.25,110.209999,112.010002,105.19519,53699500,1
1/12/15,112.599998,112.629997,108.800003,109.25,102.603104,49650800,0
1/13/15,111.43,112.800003,108.910004,110.220001,103.514084,67091900,1
1/14/15,109.040001,110.489998,108.5,109.800003,103.119652,48337000,0
1/15/15,110,110.059998,106.660004,106.82,100.320961,60014000,0
1/16/15,107.029999,107.580002,105.199997,105.989998,99.541428,78513300,0
1/20/15,107.839996,108.970001,106.5,108.720001,102.105339,49899900,1
1/21/15,108.949997,111.059998,108.269997,109.550003,102.884872,48575900,1
1/22/15,110.260002,112.470001,109.720001,112.400002,105.561447,53796400,1
1/23/15,112.300003,113.75,111.529999,112.980003,106.106171,46464800,1
1/26/15,113.739998,114.360001,112.800003,113.099998,106.218864,55615000,1
1/27/15,112.419998,112.480003,109.029999,109.139999,102.499809,95568700,0
1/28/15,117.629997,118.120003,115.309998,115.309998,108.294418,146477100,1
1/29/15,116.32,119.190002,115.559998,118.900002,111.665985,84436400,1
1/30/15,118.400002,120,116.849998,117.160004,110.03186,83745500,0
2/2/15,118.050003,119.169998,116.080002,118.629997,111.412415,62739100,1
2/3/15,118.5,119.089996,117.610001,118.650002,111.431198,51915700,1
2/4/15,118.5,120.510002,118.309998,119.559998,112.285835,70149700,1
2/5/15,120.019997,120.230003,119.25,119.940002,113.087288,42246200,1
2/6/15,120.019997,120.25,118.449997,118.93,112.134979,43706600,0
2/9/15,118.550003,119.839996,118.43,119.720001,112.879837,38889800,1
2/10/15,120.169998,122.150002,120.160004,122.019997,115.048439,62008500,1
2/11/15,122.769997,124.919998,122.5,124.879997,117.745018,73561800,1
2/12/15,126.059998,127.480003,125.57,126.459999,119.234741,74474500,1
2/13/15,127.279999,127.279999,125.650002,127.080002,119.819328,54272200,1
2/17/15,127.489998,128.880005,126.919998,127.830002,120.526489,63152400,1
2/18/15,127.629997,128.779999,127.449997,128.720001,121.365623,44891700,1
2/19/15,128.479996,129.029999,128.330002,128.449997,121.111046,37362400,0
2/20/15,128.619995,129.5,128.050003,129.5,122.101074,48948400,1
2/23/15,130.020004,133,129.660004,133,125.401093,70974100,1
2/24/15,132.940002,133.600006,131.169998,132.169998,124.6185,69228100,0
2/25/15,131.559998,131.600006,128.149994,128.789993,121.431618,74711700,0
2/26/15,128.789993,130.869995,126.610001,130.419998,122.968491,91287500,1
2/27/15,130,130.570007,128.240005,128.460007,121.120499,62014800,0
3/2/15,129.25,130.279999,128.300003,129.089996,121.714493,48096700,1
3/3/15,128.960007,129.520004,128.089996,129.360001,121.969078,37816300,1
3/4/15,129.100006,129.559998,128.320007,128.539993,121.195908,31666300,0
3/5/15,128.580002,128.75,125.760002,126.410004,119.187622,56517100,0
3/6/15,128.399994,129.369995,126.260002,126.599998,119.36676,72842100,1
3/9/15,127.959999,129.570007,125.059998,127.139999,119.875908,88528500,1
3/10/15,126.410004,127.220001,123.800003,124.510002,117.396172,68856600,0
3/11/15,124.75,124.769997,122.110001,122.239998,115.255852,68939000,0
3/12/15,122.309998,124.900002,121.629997,124.449997,117.3396,48362700,1
3/13/15,124.400002,125.400002,122.580002,123.589996,116.528725,51827300,0
3/16/15,123.879997,124.949997,122.870003,124.949997,117.811035,35874300,1
3/17/15,125.900002,127.32,125.650002,127.040001,119.781624,51023100,1
3/18/15,127,129.160004,126.370003,128.470001,121.129906,65270900,1
3/19/15,128.75,129.25,127.400002,127.5,120.21534,45809500,0
3/20/15,128.25,128.399994,125.160004,125.900002,118.706749,68695100,0
3/23/15,127.120003,127.849998,126.519997,127.209999,119.941895,37709700,1
3/24/15,127.230003,128.039993,126.559998,126.690002,119.451622,32842300,0
3/25/15,126.540001,126.82,123.379997,123.379997,116.330727,51655200,0
3/26/15,122.760002,124.879997,122.599998,124.239998,117.141594,47572900,1
3/27/15,124.57,124.699997,122.910004,123.25,116.20816,39546200,0
3/30/15,124.050003,126.400002,124,126.370003,119.14991,47099700,1
3/31/15,126.089996,126.489998,124.360001,124.43,117.32074,42090600,0
4/1/15,124.82,125.120003,123.099998,124.25,117.151024,40621400,0
4/2/15,125.029999,125.559998,124.190002,125.32,118.159889,32220100,1
4/6/15,124.470001,127.510002,124.330002,127.349998,120.073914,37194000,1
4/7/15,127.639999,128.119995,125.980003,126.010002,118.810463,35012300,0
4/8/15,125.849998,126.400002,124.970001,125.599998,118.423904,37329200,0
4/9/15,125.849998,126.580002,124.660004,126.559998,119.329041,32484000,1
4/10/15,125.949997,127.209999,125.260002,127.099998,119.838188,40188000,1
4/13/15,128.369995,128.570007,126.610001,126.849998,119.602478,36365100,0
4/14/15,127,127.290001,125.910004,126.300003,119.083893,25524600,0
4/15/15,126.410004,127.129997,126.010002,126.779999,119.536476,28970400,1
4/16/15,126.279999,127.099998,126.110001,126.169998,118.961311,28369000,0
4/17/15,125.550003,126.139999,124.459999,124.75,117.622444,51957000,0
4/20/15,125.57,128.119995,125.169998,127.599998,120.309624,47054300,1
4/21/15,128.100006,128.199997,126.669998,126.910004,119.65905,32435100,0
4/22/15,126.989998,128.869995,126.32,128.619995,121.271347,37654500,1
4/23/15,128.300003,130.419998,128.139999,129.669998,122.261353,45770900,1
4/24/15,130.490005,130.630005,129.229996,130.279999,122.836502,44525900,1
4/27/15,132.309998,133.130005,131.149994,132.649994,125.071068,96954200,1
4/28/15,134.460007,134.539993,129.570007,130.559998,123.100502,118924000,0
4/29/15,130.160004,131.589996,128.300003,128.639999,121.290192,63386100,0
4/30/15,128.639999,128.639999,124.580002,125.150002,117.999596,83195400,0
5/1/15,126.099998,130.130005,125.300003,128.949997,121.582474,58512600,1
5/4/15,129.5,130.570007,128.259995,128.699997,121.346771,50988300,0
5/5/15,128.149994,128.449997,125.779999,125.800003,118.612465,49271400,0
5/6/15,126.559998,126.75,123.360001,125.010002,117.867599,72141000,0
5/7/15,124.769997,126.080002,124.019997,125.260002,118.596642,43940900,1
5/8/15,126.68,127.620003,126.110001,127.620003,120.831108,55550400,1
5/11/15,127.389999,127.559998,125.629997,126.32,119.600243,42035800,0
5/12/15,125.599998,126.879997,124.82,125.870003,119.174187,48160000,0
5/13/15,126.150002,127.190002,125.870003,126.010002,119.306732,34694200,1
5/14/15,127.410004,128.949997,127.160004,128.949997,122.09034,45203500,1
5/15/15,129.070007,129.490005,128.210007,128.770004,121.919922,38208000,0
5/18/15,128.380005,130.720001,128.360001,130.190002,123.264397,50882900,1
5/19/15,130.690002,130.880005,129.639999,130.070007,123.150787,44633200,0
5/20/15,130,130.979996,129.339996,130.059998,123.141296,36454900,0
5/21/15,130.070007,131.630005,129.830002,131.389999,124.400558,39730400,1
5/22/15,131.600006,132.970001,131.399994,132.539993,125.489357,45596000,1
5/26/15,132.600006,132.910004,129.119995,129.619995,122.724678,70697600,0
5/27/15,130.339996,132.259995,130.050003,132.039993,125.015953,45833200,1
5/28/15,131.860001,131.949997,131.100006,131.779999,124.769791,30733300,0
5/29/15,131.229996,131.449997,129.899994,130.279999,123.349586,50884500,0
6/1/15,130.279999,131.389999,130.050003,130.539993,123.595764,32112800,1
6/2/15,129.860001,130.660004,129.320007,129.960007,123.046638,33667600,0
6/3/15,130.660004,130.940002,129.899994,130.119995,123.198097,30889400,1
6/4/15,129.580002,130.580002,128.910004,129.360001,122.478546,38450100,0
6/5/15,129.5,129.690002,128.360001,128.649994,121.806305,35626800,0
6/8/15,128.899994,129.210007,126.830002,127.800003,121.001518,52674800,0
6/9/15,126.699997,128.080002,125.620003,127.419998,120.641731,56075400,0
6/10/15,127.919998,129.339996,127.849998,128.880005,122.024086,39087300,1
6/11/15,129.179993,130.179993,128.479996,128.589996,121.749489,35390900,0
6/12/15,128.190002,128.330002,127.110001,127.169998,120.405037,36886200,0
6/15/15,126.099998,127.239998,125.709999,126.919998,120.168327,43988900,0
6/16/15,127.029999,127.849998,126.370003,127.599998,120.812149,31494100,1
6/17/15,127.720001,127.879997,126.739998,127.300003,120.528114,32918100,0
6/18/15,127.230003,128.309998,127.220001,127.879997,121.077255,35407200,1
6/19/15,127.709999,127.82,126.400002,126.599998,119.865356,54716900,0
6/22/15,127.489998,128.059998,127.080002,127.610001,120.821625,34039300,1
6/23/15,127.480003,127.610001,126.879997,127.029999,120.272484,30268900,0
6/24/15,127.209999,129.800003,127.120003,128.110001,121.295044,55280900,1
6/25/15,128.860001,129.199997,127.5,127.5,120.717476,31938100,0
6/26/15,127.669998,127.989998,126.510002,126.75,120.007362,44066800,0
6/29/15,125.459999,126.470001,124.480003,124.529999,117.905479,49161400,0
6/30/15,125.57,126.120003,124.860001,125.43,118.757591,44370700,1
7/1/15,126.900002,126.940002,125.989998,126.599998,119.865356,30238800,1
7/2/15,126.43,126.690002,125.769997,126.440002,119.713867,27211000,0
7/6/15,124.940002,126.230003,124.849998,126,119.297279,28060400,0
7/7/15,125.889999,126.150002,123.769997,125.690002,119.003761,46946800,0
7/8/15,124.480003,124.639999,122.540001,122.57,116.049744,60761600,0
7/9/15,123.849998,124.059998,119.220001,120.07,113.682739,77821600,0
7/10/15,121.940002,123.849998,121.209999,123.279999,116.721977,61354500,1
7/13/15,125.029999,125.760002,124.32,125.660004,118.975372,41440500,1
7/14/15,126.040001,126.370003,125.040001,125.610001,118.928009,31768100,0
7/15/15,125.720001,127.150002,125.580002,126.82,120.073647,33649200,1
7/16/15,127.739998,128.570007,127.349998,128.509995,121.673759,36222400,1
7/17/15,129.080002,129.619995,128.309998,129.619995,122.724678,46164700,1
7/20/15,130.970001,132.970001,130.699997,132.070007,125.044388,58900200,1
7/21/15,132.850006,132.919998,130.320007,130.75,123.794601,76756400,0
7/22/15,121.989998,125.5,121.989998,125.220001,118.558777,115450600,0
7/23/15,126.199997,127.089996,125.059998,125.160004,118.501961,50999500,0
7/24/15,125.32,125.739998,123.900002,124.5,117.877068,42162300,0
7/27/15,123.089996,123.610001,122.120003,122.769997,116.239098,44455500,0
7/28/15,123.379997,123.910004,122.550003,123.379997,116.816643,33618100,1
7/29/15,123.150002,123.5,122.269997,122.989998,116.447395,37011700,0
7/30/15,122.32,122.57,121.709999,122.370003,115.860397,33628300,0
7/31/15,122.599998,122.639999,120.910004,121.300003,114.847298,42885000,0
8/3/15,121.5,122.57,117.519997,118.440002,112.139442,69976000,0
8/4/15,117.419998,117.699997,113.25,114.639999,108.541588,124138600,0
8/5/15,112.949997,117.440002,112.099998,115.400002,109.261162,99312600,1
8/6/15,115.970001,116.5,114.120003,115.129997,109.498924,52903000,0
8/7/15,114.580002,116.25,114.5,115.519997,109.869843,38670400,1
8/10/15,116.529999,119.989998,116.529999,119.720001,113.864433,54951600,1
8/11/15,117.809998,118.18,113.330002,113.489998,107.93914,97082800,0
8/12/15,112.529999,115.419998,109.629997,115.239998,109.603546,101217500,1
8/13/15,116.040001,116.400002,114.540001,115.150002,109.517944,48535800,0
8/14/15,114.32,116.309998,114.010002,115.959999,110.288322,42929500,1
8/17/15,116.040001,117.650002,115.5,117.160004,111.429642,40884700,1
8/18/15,116.43,117.440002,116.010002,116.5,110.801933,34560700,0
8/19/15,116.099998,116.519997,114.68,115.010002,109.384789,47445700,0
8/20/15,114.080002,114.349998,111.629997,112.650002,107.140221,68501600,0
8/21/15,110.43,111.900002,105.650002,105.760002,100.587219,128275500,0
8/24/15,94.870003,108.800003,92,103.120003,98.076347,162206300,0
8/25/15,111.110001,111.110001,103.5,103.739998,98.666023,103601600,1
8/26/15,107.089996,109.889999,105.050003,109.690002,104.325012,96774600,1
8/27/15,112.230003,113.239998,110.019997,112.919998,107.397011,84616100,1
8/28/15,112.169998,113.309998,111.540001,113.290001,107.748924,53164400,1
8/31/15,112.029999,114.529999,112,112.760002,107.24485,56229300,0
9/1/15,110.150002,111.879997,107.360001,107.720001,102.451363,76845900,0
9/2/15,110.230003,112.339996,109.129997,112.339996,106.84539,61888800,1
9/3/15,112.489998,112.779999,110.040001,110.370003,104.971733,53233900,0
9/4/15,108.970001,110.449997,108.510002,109.269997,103.925537,49996300,0
9/8/15,111.75,112.559998,110.32,112.309998,106.816864,54843600,1
9/9/15,113.760002,114.019997,109.769997,110.150002,104.762497,85010800,0
9/10/15,110.269997,113.279999,109.900002,112.57,107.064133,62892800,1
9/11/15,111.790001,114.209999,111.760002,114.209999,108.623924,49915500,1
9/14/15,116.580002,116.889999,114.860001,115.309998,109.67012,58363400,1
9/15/15,115.93,116.529999,114.419998,116.279999,110.59269,43341200,1
9/16/15,116.25,116.540001,115.440002,116.410004,110.716324,37173500,1
9/17/15,115.660004,116.489998,113.720001,113.919998,108.348106,64112600,0
9/18/15,112.209999,114.300003,111.870003,113.449997,107.9011,74285300,0
9/21/15,113.669998,115.370003,113.660004,115.209999,109.575012,50222000,1
9/22/15,113.379997,114.18,112.519997,113.400002,107.853531,50346200,0
9/23/15,113.629997,114.720001,113.300003,114.32,108.728546,35756700,1
9/24/15,113.25,115.5,112.370003,115,109.375282,50219500,1
9/25/15,116.440002,116.690002,114.019997,114.709999,109.099472,56151900,0
9/28/15,113.849998,114.57,112.440002,112.440002,106.940506,52109000,0
9/29/15,112.830002,113.510002,107.860001,109.059998,103.7258,73365400,0
9/30/15,110.169998,111.540001,108.730003,110.300003,104.905174,66473000,1
10/1/15,109.07,109.620003,107.309998,109.580002,104.220398,63929100,0
10/2/15,108.010002,111.010002,107.550003,110.379997,104.981232,58019800,1
10/5/15,109.879997,111.370003,109.07,110.779999,105.361679,52064700,1
10/6/15,110.629997,111.739998,109.769997,111.309998,105.865768,48196800,1
10/7/15,111.739998,111.769997,109.410004,110.779999,105.361679,46765600,0
10/8/15,110.190002,110.190002,108.209999,109.5,104.144302,61979600,0
10/9/15,110,112.279999,109.489998,112.120003,106.636162,52766100,1
10/12/15,112.730003,112.75,111.440002,111.599998,106.141563,30467200,0
10/13/15,110.82,112.449997,110.68,111.790001,106.322281,33049300,1
10/14/15,111.290001,111.519997,109.559998,110.209999,104.819572,44462400,0
10/15/15,110.93,112.099998,110.489998,111.860001,106.38887,37673500,1
10/16/15,111.779999,112,110.529999,111.040001,105.608978,39232600,0
10/19/15,110.800003,111.75,110.110001,111.730003,106.265236,29759200,1
10/20/15,111.339996,114.169998,110.82,113.769997,108.205444,48778800,1
10/21/15,114,115.580002,113.699997,113.760002,108.195953,41795200,0
10/22/15,114.330002,115.5,114.099998,115.5,109.85083,41654100,1
10/23/15,116.699997,119.230003,116.330002,119.080002,113.255737,59366900,1
10/26/15,118.080002,118.129997,114.919998,115.279999,109.641594,66333800,0
10/27/15,115.400002,116.540001,113.989998,114.550003,108.947304,69884400,0
10/28/15,116.93,119.300003,116.059998,119.269997,113.436432,85551400,1
10/29/15,118.699997,120.690002,118.269997,120.529999,114.634811,51227300,1
10/30/15,120.989998,121.220001,119.449997,119.5,113.655197,49365300,0
11/2/15,120.800003,121.360001,119.610001,121.18,115.253029,32203300,1
11/3/15,120.790001,123.489998,120.699997,122.57,116.575035,45519000,1
11/4/15,123.129997,123.82,121.620003,122,116.032906,44886100,0
11/5/15,121.849998,122.690002,120.18,120.919998,115.498016,39552700,0
11/6/15,121.110001,121.809998,120.620003,121.059998,115.631737,33042300,1
11/9/15,120.959999,121.809998,120.050003,120.57,115.163704,33871400,0
11/10/15,116.900002,118.07,116.059998,116.769997,111.534096,59127900,0
11/11/15,116.370003,117.419998,115.209999,116.110001,110.903687,45218000,0
11/12/15,116.260002,116.82,115.650002,115.720001,110.531181,32525600,0
11/13/15,115.199997,115.57,112.269997,112.339996,107.30275,45812400,0
11/16/15,111.379997,114.239998,111,114.18,109.060242,38106700,1
11/17/15,114.919998,115.050003,113.32,113.690002,108.592209,27616900,0
11/18/15,115.760002,117.489998,115.5,117.290001,112.030785,46674700,1
11/19/15,117.639999,119.75,116.760002,118.779999,113.453979,43295800,1
11/20/15,119.199997,119.919998,118.849998,119.300003,113.950661,34287100,1
11/23/15,119.269997,119.730003,117.339996,117.75,112.470169,32482500,0
11/24/15,117.330002,119.349998,117.120003,118.879997,113.5495,42803200,1
11/25/15,119.209999,119.230003,117.919998,118.029999,112.737602,21388300,0
11/27/15,118.290001,118.410004,117.599998,117.809998,112.527473,13046400,0
11/30/15,117.989998,119.410004,117.75,118.300003,112.995499,39180300,1
12/1/15,118.75,118.809998,116.860001,117.339996,112.078529,34852400,0
12/2/15,117.339996,118.110001,116.080002,116.279999,111.066078,33386600,0
12/3/15,116.550003,116.790001,114.220001,115.199997,110.0345,41569500,0
12/4/15,115.290001,119.25,115.110001,119.029999,113.692772,57777000,1
12/7/15,118.980003,119.860001,117.809998,118.279999,112.976395,32084200,0
12/8/15,117.519997,118.599998,116.860001,118.230003,112.928642,34309500,0
12/9/15,117.639999,117.690002,115.080002,115.620003,110.435677,46361400,0
12/10/15,116.040001,116.940002,115.510002,116.169998,110.961006,29104200,1
12/11/15,115.190002,115.389999,112.849998,113.18,108.10508,46886200,0
12/14/15,112.18,112.68,109.790001,112.480003,107.436455,64318700,0
12/15/15,111.940002,112.800003,110.349998,110.489998,105.535706,53323100,0
12/16/15,111.07,111.989998,108.800003,111.339996,106.347572,56238500,1
12/17/15,112.019997,112.25,108.980003,108.980003,104.093407,44772800,0
12/18/15,108.910004,109.519997,105.809998,106.029999,101.275681,96453300,0
12/21/15,107.279999,107.370003,105.57,107.330002,102.51738,47590600,1
12/22/15,107.400002,107.720001,106.449997,107.230003,102.421867,32789400,0
12/23/15,107.269997,108.849998,107.199997,108.610001,103.740013,32657400,1
12/24/15,109,109,107.949997,108.029999,103.185997,13570400,0
12/28/15,107.589996,107.690002,106.18,106.82,102.030251,26704200,0
12/29/15,106.959999,109.43,106.860001,108.739998,103.864151,30931200,1
12/30/15,108.580002,108.699997,107.18,107.32,102.507828,25213800,0
12/31/15,107.010002,107.029999,104.82,105.260002,100.540207,40635300,0
1/4/16,102.610001,105.370003,102,105.349998,100.626175,67649400,1
1/5/16,105.75,105.849998,102.410004,102.709999,98.104546,55791000,0
1/6/16,100.559998,102.370003,99.870003,100.699997,96.184654,68457400,0
1/7/16,98.68,100.129997,96.43,96.449997,92.125244,81094400,0
1/8/16,98.550003,99.110001,96.760002,96.959999,92.612358,70798000,1
1/11/16,98.970001,99.059998,97.339996,98.529999,94.111984,49739400,1
1/12/16,100.550003,100.690002,98.839996,99.959999,95.477859,49154200,1
1/13/16,100.32,101.190002,97.300003,97.389999,93.023087,62439600,0
1/14/16,97.959999,100.480003,95.739998,99.519997,95.057579,63170100,1
1/15/16,96.199997,97.709999,95.360001,97.129997,92.77475,79010000,0
1/19/16,98.410004,98.650002,95.5,96.660004,92.325813,53087700,0
1/20/16,95.099998,98.190002,93.419998,96.790001,92.449989,72334400,1
1/21/16,97.059998,97.879997,94.940002,96.300003,91.981964,52161500,0
1/22/16,98.629997,101.459999,98.370003,101.419998,96.872398,65800500,1
1/25/16,101.519997,101.529999,99.209999,99.440002,94.981171,51794500,0
1/26/16,99.93,100.879997,98.07,99.989998,95.506508,75077000,1
1/27/16,96.040001,96.629997,93.339996,93.419998,89.231094,133369700,0
1/28/16,93.790001,94.519997,92.389999,94.089996,89.871048,55678800,1
1/29/16,94.790001,97.339996,94.349998,97.339996,92.975334,64416500,1
2/1/16,96.470001,96.709999,95.400002,96.43,92.10614,40943500,0
2/2/16,95.419998,96.040001,94.279999,94.480003,90.243576,37357200,0
2/3/16,95,96.839996,94.080002,96.349998,92.029724,45964300,1
2/4/16,95.860001,97.330002,95.190002,96.599998,92.76918,46471700,1
2/5/16,96.519997,96.919998,93.690002,94.019997,90.291489,46418100,0
2/8/16,93.129997,95.699997,93.040001,95.010002,91.242241,54021400,1
2/9/16,94.290001,95.940002,93.93,94.989998,91.223038,44331200,0
2/10/16,95.919998,96.349998,94.099998,94.269997,90.531593,42343600,0
2/11/16,93.790001,94.720001,92.589996,93.699997,89.984192,50074700,0
2/12/16,94.190002,94.5,93.010002,93.989998,90.262688,40351400,1
2/16/16,95.019997,96.849998,94.610001,96.639999,92.807602,49057900,1
2/17/16,96.669998,98.209999,96.150002,98.120003,94.228897,44863200,1
2/18/16,98.839996,98.889999,96.089996,96.260002,92.442665,39021000,0
2/19/16,96,96.760002,95.800003,96.040001,92.231384,35374200,0
2/22/16,96.309998,96.900002,95.919998,96.879997,93.038086,34280800,1
2/23/16,96.400002,96.5,94.550003,94.690002,90.934929,31942600,0
2/24/16,93.980003,96.379997,93.32,96.099998,92.289017,36255700,1
2/25/16,96.050003,96.760002,95.25,96.760002,92.922836,27582700,1
2/26/16,97.199997,98.019997,96.580002,96.910004,93.066895,28991100,1
2/29/16,96.860001,98.230003,96.650002,96.690002,92.855621,35216300,0
3/1/16,97.650002,100.769997,97.419998,100.529999,96.543343,50407100,1
3/2/16,100.510002,100.889999,99.639999,100.75,96.754623,33169600,1
3/3/16,100.580002,101.709999,100.449997,101.5,97.474876,36955700,1
3/4/16,102.370003,103.75,101.370003,103.010002,98.924988,46055100,1
3/7/16,102.389999,102.830002,100.959999,101.870003,97.8302,35828900,0
3/8/16,100.779999,101.760002,100.400002,101.029999,97.023506,31561900,0
3/9/16,101.309998,101.580002,100.269997,101.120003,97.109947,27201700,1
3/10/16,101.410004,102.239998,100.150002,101.169998,97.157944,33513600,1
3/11/16,102.239998,102.279999,101.5,102.260002,98.204727,27408200,1
3/14/16,101.910004,102.910004,101.779999,102.519997,98.454414,25076100,1
3/15/16,103.959999,105.18,103.849998,104.580002,100.432732,40067700,1
3/16/16,104.610001,106.309998,104.589996,105.970001,101.767609,38303500,1
3/17/16,105.519997,106.470001,104.959999,105.800003,101.60434,34420700,0
3/18/16,106.339996,106.5,105.190002,105.919998,101.719589,44205200,1
3/21/16,105.93,107.650002,105.139999,105.910004,101.709991,35502700,0
3/22/16,105.25,107.290001,105.209999,106.720001,102.487862,32444400,1
3/23/16,106.480003,107.07,105.900002,106.129997,101.921272,25703500,0
3/24/16,105.470001,106.25,104.889999,105.669998,101.479515,26133000,0
3/28/16,106,106.190002,105.059998,105.190002,101.018539,19411400,0
3/29/16,104.889999,107.790001,104.879997,107.68,103.409798,31190100,1
3/30/16,108.650002,110.419998,108.599998,109.559998,105.215225,45601100,1
3/31/16,109.720001,109.900002,108.879997,108.989998,104.667839,25888400,0
4/1/16,108.779999,110,108.199997,109.989998,105.628189,25874000,1
4/4/16,110.419998,112.190002,110.269997,111.120003,106.713379,37356200,1
4/5/16,109.510002,110.730003,109.419998,109.809998,105.455322,26578700,0
4/6/16,110.230003,110.980003,109.199997,110.959999,106.559723,26404100,1
4/7/16,109.949997,110.419998,108.120003,108.540001,104.235695,31801900,0
4/8/16,108.910004,109.769997,108.169998,108.660004,104.350922,23581700,1
4/11/16,108.970001,110.610001,108.830002,109.019997,104.69664,29407500,1
4/12/16,109.339996,110.5,108.660004,110.440002,106.060333,27232300,1
4/13/16,110.800003,112.339996,110.800003,112.040001,107.596893,33257300,1
4/14/16,111.620003,112.389999,111.330002,112.099998,107.65451,25473900,1
4/15/16,112.110001,112.300003,109.730003,109.849998,105.493736,46939000,0
4/18/16,108.889999,108.949997,106.940002,107.480003,103.217735,60834000,0
4/19/16,107.879997,108,106.230003,106.910004,102.670319,32384900,0
4/20/16,106.639999,108.089996,106.059998,107.129997,102.881599,30611000,1
4/21/16,106.93,106.93,105.519997,105.970001,101.767609,31552500,0
4/22/16,105.010002,106.480003,104.620003,105.68,101.489113,33683100,0
4/25/16,105,105.650002,104.510002,105.080002,100.912903,28031600,0
4/26/16,103.910004,105.300003,103.910004,104.349998,100.211845,56016200,0
4/27/16,96,98.709999,95.68,97.82,93.940796,114602100,0
4/28/16,97.610001,97.879997,94.25,94.830002,91.069382,82242700,0
4/29/16,93.989998,94.720001,92.510002,93.739998,90.022591,68531500,0
5/2/16,93.970001,94.080002,92.400002,93.639999,89.926582,48160100,0
5/3/16,94.199997,95.739998,93.68,95.18,91.405487,56831300,1
5/4/16,95.199997,95.900002,93.82,94.190002,90.454765,41025500,0
5/5/16,94,94.07,92.68,93.239998,90.087601,35890500,0
5/6/16,93.370003,93.449997,91.849998,92.720001,89.58519,43458200,0
5/9/16,93,93.769997,92.589996,92.790001,89.652824,32936400,1
5/10/16,93.330002,93.57,92.110001,93.419998,90.261513,33686800,1
5/11/16,93.480003,93.57,92.459999,92.510002,89.382286,28719100,0
5/12/16,92.720001,92.779999,89.470001,90.339996,87.285637,76314700,0
5/13/16,90,91.669998,90,90.519997,87.459572,44392800,1
5/16/16,92.389999,94.389999,91.650002,93.879997,90.705963,61259800,1
5/17/16,94.550003,94.699997,93.010002,93.489998,90.329147,46916900,0
5/18/16,94.160004,95.209999,93.889999,94.559998,91.362984,42062400,1
5/19/16,94.639999,94.639999,93.57,94.199997,91.015144,30442100,0
5/20/16,94.639999,95.43,94.519997,95.220001,92.000664,32026000,1
5/23/16,95.870003,97.190002,95.669998,96.43,93.169746,38018600,1
5/24/16,97.220001,98.089996,96.839996,97.900002,94.590057,35140200,1
5/25/16,98.669998,99.739998,98.110001,99.620003,96.251907,38168800,1
5/26/16,99.68,100.730003,98.639999,100.410004,97.01519,56331200,1
5/27/16,99.440002,100.470001,99.25,100.349998,96.957214,36229500,0
5/31/16,99.599998,100.400002,98.82,99.860001,96.48378,42307200,0
6/1/16,99.019997,99.540001,98.330002,98.459999,95.131126,29173300,0
6/2/16,97.599998,97.839996,96.629997,97.720001,94.416138,40191600,0
6/3/16,97.790001,98.269997,97.449997,97.919998,94.609375,28062900,1
6/6/16,97.989998,101.889999,97.550003,98.629997,95.295364,23292500,1
6/7/16,99.25,99.870003,98.959999,99.029999,95.681847,22409500,1
6/8/16,99.019997,99.559998,98.68,98.940002,95.594902,20848100,0
6/9/16,98.5,99.989998,98.459999,99.650002,96.280899,26601400,1
6/10/16,98.529999,99.349998,98.480003,98.830002,95.488617,31712900,0
6/13/16,98.690002,99.120003,97.099998,97.339996,94.048996,38020500,0
6/14/16,97.32,98.480003,96.75,97.459999,94.164932,31931900,1
6/15/16,97.82,98.410004,97.029999,97.139999,93.855766,29445200,0
6/16/16,96.449997,97.75,96.07,97.550003,94.251892,31326800,1
6/17/16,96.620003,96.650002,95.300003,95.330002,92.106941,61008200,0
6/20/16,96,96.57,95.029999,95.099998,91.88472,34411900,0
6/21/16,94.940002,96.349998,94.68,95.910004,92.667336,35546400,1
6/22/16,96.25,96.889999,95.349998,95.550003,92.319504,29219100,0
6/23/16,95.940002,96.290001,95.25,96.099998,92.850914,32240200,1
6/24/16,92.910004,94.660004,92.650002,93.400002,90.242188,75311400,0
6/27/16,93,93.050003,91.5,92.040001,88.928177,45489600,0
6/28/16,92.900002,93.660004,92.139999,93.589996,90.425781,40444900,1
6/29/16,93.970001,94.550003,93.629997,94.400002,91.208397,36531000,1
6/30/16,94.440002,95.769997,94.300003,95.599998,92.367805,35836400,1
7/1/16,95.489998,96.470001,95.330002,95.889999,92.64801,26026500,1
7/5/16,95.389999,95.400002,94.459999,94.989998,91.778442,27705200,0
7/6/16,94.599998,95.660004,94.370003,95.529999,92.300171,30949100,1
7/7/16,95.699997,96.5,95.620003,95.940002,92.696312,25139600,1
7/8/16,96.489998,96.889999,96.050003,96.68,93.411301,28912100,1
7/11/16,96.75,97.650002,96.730003,96.980003,93.701157,23794900,1
7/12/16,97.169998,97.699997,97.120003,97.419998,94.126282,24167500,1
7/13/16,97.410004,97.669998,96.839996,96.870003,93.594872,25892200,0
7/14/16,97.389999,98.989998,97.32,98.790001,95.449966,38919000,1
7/15/16,98.919998,99.300003,98.5,98.779999,95.4403,30137000,0
7/18/16,98.699997,100.129997,98.599998,99.830002,96.454803,36493900,1
7/19/16,99.559998,100,99.339996,99.870003,96.493454,23779900,1
7/20/16,100,100.459999,99.739998,99.959999,96.580414,26276000,1
7/21/16,99.830002,101,99.129997,99.43,96.068329,32702000,0
7/22/16,99.260002,99.300003,98.309998,98.660004,95.324364,28313700,0
7/25/16,98.25,98.839996,96.919998,97.339996,94.048996,40382900,0
7/26/16,96.82,97.970001,96.419998,96.669998,93.401634,56239800,0
7/27/16,104.269997,104.349998,102.75,102.949997,99.469307,92344800,1
7/28/16,102.830002,104.449997,102.82,104.339996,100.812317,39869800,1
7/29/16,104.190002,104.550003,103.68,104.209999,100.686714,27733700,0
8/1/16,104.410004,106.150002,104.410004,106.050003,102.464508,38167900,1
8/2/16,106.050003,106.07,104,104.480003,100.947594,33816600,0
8/3/16,104.809998,105.839996,104.769997,105.790001,102.213295,30202600,1
8/4/16,105.580002,106,105.279999,105.870003,102.844727,27408700,1
8/5/16,106.269997,107.650002,106.18,107.480003,104.408714,40553400,1
8/8/16,107.519997,108.370003,107.160004,108.370003,105.273285,28037200,1
8/9/16,108.230003,108.940002,108.010002,108.809998,105.700714,26315200,1
8/10/16,108.709999,108.900002,107.760002,108,104.913849,24008500,0
8/11/16,108.519997,108.93,107.849998,107.93,104.845863,27484500,0
8/12/16,107.779999,108.440002,107.779999,108.18,105.088715,18660400,1
8/15/16,108.139999,109.540001,108.080002,109.480003,106.35157,25868200,1
8/16/16,109.629997,110.230003,109.209999,109.379997,106.254425,33794400,0
8/17/16,109.099998,109.370003,108.339996,109.220001,106.098991,25356000,0
8/18/16,109.230003,109.599998,109.019997,109.080002,105.962997,21984700,0
8/19/16,108.769997,109.690002,108.360001,109.360001,106.234985,25368100,1
8/22/16,108.860001,109.099998,107.849998,108.510002,105.409286,25820200,0
8/23/16,108.589996,109.32,108.529999,108.849998,105.739555,21257700,1
8/24/16,108.57,108.75,107.68,108.029999,104.943001,23675100,0
8/25/16,107.389999,107.879997,106.68,107.57,104.496147,25086200,0
8/26/16,107.410004,107.949997,106.309998,106.940002,103.88414,27766300,0
8/29/16,106.620003,107.440002,106.290001,106.82,103.767578,24970300,0
8/30/16,105.800003,106.5,105.5,106,102.971016,24863900,0
8/31/16,105.660004,106.57,105.639999,106.099998,103.068153,29662400,1
9/1/16,106.139999,106.800003,105.620003,106.730003,103.680153,26701500,1
9/2/16,107.699997,108,106.82,107.730003,104.651573,26802500,1
9/6/16,107.900002,108.300003,107.510002,107.699997,104.622429,26880400,0
9/7/16,107.830002,108.760002,107.07,108.360001,105.263565,42364300,1
9/8/16,107.25,107.269997,105.239998,105.519997,102.504723,53002000,0
9/9/16,104.639999,105.720001,103.129997,103.129997,100.183022,46557000,0
9/12/16,102.650002,105.720001,102.529999,105.440002,102.42701,45292800,1
9/13/16,107.510002,108.790001,107.239998,107.949997,104.865273,62176200,1
9/14/16,108.730003,113.029999,108.599998,111.769997,108.576126,110888700,1
9/15/16,113.860001,115.730003,113.489998,115.57,112.26754,89983600,1
9/16/16,115.120003,116.129997,114.040001,114.919998,111.636124,79886900,0
9/19/16,115.190002,116.18,113.25,113.580002,110.334419,47023000,0
9/20/16,113.050003,114.120003,112.510002,113.57,110.324692,34514300,0
9/21/16,113.849998,113.989998,112.440002,113.550003,110.305275,36003200,0
9/22/16,114.349998,114.940002,114,114.620003,111.344696,31074000,1
9/23/16,114.419998,114.790001,111.550003,112.709999,109.489258,52481200,0
9/26/16,111.639999,113.389999,111.550003,112.879997,109.654411,29869400,1
9/27/16,113,113.18,112.339996,113.089996,109.858406,24607400,1
9/28/16,113.690002,114.639999,113.43,113.949997,110.69384,29641100,1
9/29/16,113.160004,113.800003,111.800003,112.18,108.974403,35887000,0
9/30/16,112.459999,113.370003,111.800003,113.050003,109.81955,36379100,1
10/3/16,112.709999,113.050003,112.279999,112.519997,109.304688,21701800,0
10/4/16,113.059998,114.309998,112.629997,113,109.770973,29736800,1
10/5/16,113.400002,113.660004,112.690002,113.050003,109.81955,21453100,1
10/6/16,113.699997,114.339996,113.129997,113.889999,110.635551,28779300,1
10/7/16,114.309998,114.559998,113.510002,114.059998,110.800682,24358400,1
10/10/16,115.019997,116.75,114.720001,116.050003,112.733818,36236000,1
10/11/16,117.699997,118.690002,116.199997,116.300003,112.976685,64041000,1
10/12/16,117.349998,117.980003,116.75,117.339996,113.986969,37586800,1
10/13/16,116.790001,117.440002,115.720001,116.980003,113.637253,35192400,0
10/14/16,117.879997,118.169998,117.129997,117.629997,114.268661,35652200,1
10/17/16,117.330002,117.839996,116.779999,117.550003,114.190964,23624900,0
10/18/16,118.18,118.209999,117.449997,117.470001,114.113251,24553500,0
10/19/16,117.25,117.760002,113.800003,117.120003,113.773247,20034600,0
10/20/16,116.860001,117.379997,116.330002,117.059998,113.714958,24125800,0
10/21/16,116.809998,116.910004,116.279999,116.599998,113.268097,23192700,0
10/24/16,117.099998,117.739998,117,117.650002,114.288109,23538700,1
10/25/16,117.949997,118.360001,117.309998,118.25,114.870956,48129000,1
10/26/16,114.309998,115.699997,113.309998,115.589996,112.286957,66134200,0
10/27/16,115.389999,115.860001,114.099998,114.480003,111.208687,34562000,0
10/28/16,113.870003,115.209999,113.449997,113.720001,110.470398,37861700,0
10/31/16,113.650002,114.230003,113.199997,113.540001,110.29554,26419400,0
11/1/16,113.459999,113.769997,110.529999,111.489998,108.304131,43825800,0
11/2/16,111.400002,112.349998,111.230003,111.589996,108.401276,28331700,1
11/3/16,110.980003,111.459999,109.550003,109.830002,107.239349,26932600,0
11/4/16,108.529999,110.25,108.110001,108.839996,106.272697,30837000,0
11/7/16,110.080002,110.510002,109.459999,110.410004,107.805664,32560000,1
11/8/16,110.309998,111.720001,109.699997,111.059998,108.440315,24054500,1
11/9/16,109.879997,111.32,108.050003,110.879997,108.264572,59176400,0
11/10/16,111.089996,111.089996,105.830002,107.790001,105.247467,57134500,0
11/11/16,107.120003,108.870003,106.550003,108.43,105.872368,34094100,1
11/14/16,107.709999,107.809998,104.080002,105.709999,103.216522,51175500,0
11/15/16,106.57,107.68,106.160004,107.110001,104.583504,32264500,1
11/16/16,106.699997,110.230003,106.599998,109.989998,107.395561,58840500,1
11/17/16,109.809998,110.349998,108.830002,109.949997,107.356506,27632000,0
11/18/16,109.720001,110.540001,109.660004,110.059998,107.463921,28428900,1
11/21/16,110.120003,111.989998,110.010002,111.730003,109.094528,29264600,1
11/22/16,111.949997,112.419998,111.400002,111.800003,109.162872,25965500,1
11/23/16,111.360001,111.510002,110.330002,111.230003,108.606323,27426400,0
11/25/16,111.129997,111.870003,110.949997,111.790001,109.153107,11475900,1
11/28/16,111.43,112.470001,111.389999,111.57,108.938301,27194000,0
11/29/16,110.779999,112.029999,110.07,111.459999,108.830894,28528800,0
11/30/16,111.599998,112.199997,110.269997,110.519997,107.913071,36162300,0
12/1/16,110.370003,110.940002,109.029999,109.489998,106.907356,37086900,0
12/2/16,109.169998,110.089996,108.849998,109.900002,107.307686,26528000,1
12/5/16,110,110.029999,108.25,109.110001,106.536316,34324500,0
12/6/16,109.5,110.360001,109.190002,109.949997,107.356506,26195500,1
12/7/16,109.260002,111.190002,109.160004,111.029999,108.411034,29998700,1
12/8/16,110.860001,112.43,110.599998,112.120003,109.475334,27068300,1
12/9/16,112.309998,114.699997,112.309998,113.949997,111.262154,34402600,1
12/12/16,113.290001,115,112.489998,113.300003,110.627495,26374400,0
12/13/16,113.839996,115.919998,113.75,115.190002,112.472916,43733800,1
12/14/16,115.040001,116.199997,114.980003,115.190002,112.472916,34031800,0
12/15/16,115.379997,116.730003,115.230003,115.82,113.088043,46524500,1
12/16/16,116.470001,116.5,115.650002,115.970001,113.234512,44351100,1
12/19/16,115.800003,117.379997,115.75,116.639999,113.88871,27779400,1
12/20/16,116.739998,117.5,116.68,116.949997,114.191406,21425000,1
12/21/16,116.800003,117.400002,116.779999,117.059998,114.298805,23783200,1
12/22/16,116.349998,116.510002,115.639999,116.290001,113.546967,26085900,0
12/23/16,115.589996,116.519997,115.589996,116.519997,113.77153,14181200,1
12/27/16,116.519997,117.800003,116.489998,117.260002,114.494087,18296900,1
12/28/16,117.519997,118.019997,116.199997,116.760002,114.005882,20905900,0
12/29/16,116.449997,117.110001,116.400002,116.730003,113.976585,15039500,0
12/30/16,116.650002,117.199997,115.43,115.82,113.088043,30586300,0
1/3/17,115.800003,116.330002,114.760002,116.150002,113.410263,28781900,1
1/4/17,115.849998,116.510002,115.75,116.019997,113.283333,21118100,0
1/5/17,115.919998,116.860001,115.809998,116.610001,113.859421,22193600,1
1/6/17,116.779999,118.160004,116.470001,117.910004,115.128761,31751900,1
1/9/17,117.949997,119.43,117.940002,118.989998,116.183273,33561900,1
1/10/17,118.769997,119.379997,118.300003,119.110001,116.300438,24462100,1
1/11/17,118.739998,119.93,118.599998,119.75,116.925346,27588600,1
1/12/17,118.900002,119.300003,118.209999,119.25,116.437141,27086200,0
1/13/17,119.110001,119.620003,118.809998,119.040001,116.232101,26111900,0
1/17/17,118.339996,120.239998,118.220001,120,117.169449,34439800,1
1/18/17,120,120.5,119.709999,119.989998,117.159683,23713000,0
1/19/17,119.400002,120.089996,119.370003,119.779999,116.954636,25597300,0
1/20/17,120.449997,120.449997,119.730003,120,117.169449,32597900,1
1/23/17,120,120.809998,119.769997,120.080002,117.247566,22050200,1
1/24/17,119.550003,120.099998,119.5,119.970001,117.14016,23211000,0
1/25/17,120.419998,122.099998,120.279999,121.879997,119.005104,32377600,1
1/26/17,121.669998,122.440002,121.599998,121.940002,119.063698,26337600,1
1/27/17,122.139999,122.349998,121.599998,121.949997,119.073456,20562900,1
1/30/17,120.93,121.629997,120.660004,121.629997,118.761009,30377500,0
1/31/17,121.150002,121.389999,120.620003,121.349998,118.487602,49201000,0
2/1/17,127.029999,130.490005,127.010002,128.75,125.713051,111985000,1
2/2/17,127.980003,129.389999,127.779999,128.529999,125.498253,33710400,0
2/3/17,128.309998,129.190002,128.160004,129.080002,126.035263,24507300,1
2/6/17,129.130005,130.5,128.899994,130.289993,127.216721,26845900,1
2/7/17,130.539993,132.089996,130.449997,131.529999,128.427475,38183800,1
2/8/17,131.350006,132.220001,131.220001,132.039993,128.925446,23004100,1
2/9/17,131.649994,132.449997,131.119995,132.419998,129.857056,28349900,1
2/10/17,132.460007,132.940002,132.050003,132.119995,129.562866,20065500,0
2/13/17,133.080002,133.820007,132.75,133.289993,130.71019,23035400,1
2/14/17,133.470001,135.089996,133.25,135.020004,132.406754,33226200,1
2/15/17,135.520004,136.270004,134.619995,135.509995,132.887253,35623100,1
2/16/17,135.669998,135.899994,134.839996,135.350006,132.730377,22584600,0
2/17/17,135.100006,135.830002,135.100006,135.720001,133.093216,22198200,1
2/21/17,136.229996,136.75,135.979996,136.699997,134.054214,24507200,1
2/22/17,136.429993,137.119995,136.110001,137.110001,134.456299,20836900,1
2/23/17,137.380005,137.479996,136.300003,136.529999,133.887512,20788200,0
2/24/17,135.910004,136.660004,135.279999,136.660004,134.015015,21776600,1
2/27/17,137.139999,137.440002,136.279999,136.929993,134.279785,20257400,1
2/28/17,137.080002,137.440002,136.699997,136.990005,134.338623,23482900,1
3/1/17,137.889999,140.149994,137.600006,139.789993,137.084412,36414600,1
3/2/17,140,140.279999,138.759995,138.960007,136.270508,26211000,0
3/3/17,138.779999,139.830002,138.589996,139.779999,137.074615,21108100,1
3/6/17,139.369995,139.770004,138.600006,139.339996,136.643127,21750000,0
3/7/17,139.059998,139.979996,138.789993,139.520004,136.819656,17446300,1
3/8/17,138.949997,139.800003,138.820007,139,136.309723,18707200,0
3/9/17,138.740005,138.789993,137.050003,138.679993,135.995895,22155900,0
3/10/17,139.25,139.360001,138.639999,139.139999,136.447006,19612800,1
3/13/17,138.850006,139.429993,138.820007,139.199997,136.505829,17421700,1
3/14/17,139.300003,139.649994,138.839996,138.990005,136.299911,15309100,0
3/15/17,139.410004,140.75,139.029999,140.460007,137.74147,25691800,1
3/16/17,140.720001,141.020004,140.259995,140.690002,137.96698,19232000,1
3/17/17,141,141,139.889999,139.990005,137.280563,43885000,0
3/20/17,140.399994,141.5,140.229996,141.460007,138.722122,21542000,1
3/21/17,142.110001,142.800003,139.729996,139.839996,137.133453,39529900,0
3/22/17,139.850006,141.600006,139.759995,141.419998,138.682877,25860200,1
3/23/17,141.259995,141.580002,140.610001,140.919998,138.192551,20346300,0
3/24/17,141.5,141.740005,140.350006,140.639999,137.917984,22395600,0
3/27/17,139.389999,141.220001,138.619995,140.880005,138.153336,23575100,1
3/28/17,140.910004,144.039993,140.619995,143.800003,141.016815,33374800,1
3/29/17,143.679993,144.490005,143.190002,144.119995,141.330612,29190000,1
3/30/17,144.190002,144.5,143.5,143.929993,141.144287,21207300,0
3/31/17,143.720001,144.270004,143.009995,143.660004,140.879517,19661700,0
4/3/17,143.710007,144.119995,143.050003,143.699997,140.918762,19985700,1
4/4/17,143.25,144.889999,143.169998,144.770004,141.968033,19891400,1
4/5/17,144.220001,145.460007,143.809998,144.020004,141.232559,27717900,0
4/6/17,144.289993,144.520004,143.449997,143.660004,140.879517,21149000,0
4/7/17,143.729996,144.179993,143.270004,143.339996,140.565704,16672200,0
4/10/17,143.600006,143.880005,142.899994,143.169998,140.399017,18933400,0
4/11/17,142.940002,143.350006,140.059998,141.630005,138.888809,30379400,0
4/12/17,141.600006,142.149994,141.009995,141.800003,139.055542,20350000,1
4/13/17,141.910004,142.380005,141.050003,141.050003,138.320038,17822900,0
4/17/17,141.479996,141.880005,140.869995,141.830002,139.084946,16582100,1
4/18/17,141.410004,142.039993,141.110001,141.199997,138.467133,14697500,0
4/19/17,141.880005,142,140.449997,140.679993,137.957184,17328400,0
4/20/17,141.220001,142.919998,141.160004,142.440002,139.683151,23319600,1
4/21/17,142.440002,142.679993,141.850006,142.270004,139.516418,17320900,0
4/24/17,143.5,143.949997,143.179993,143.639999,140.859909,17134300,1
4/25/17,143.910004,144.899994,143.869995,144.529999,141.732681,18871500,1
4/26/17,144.470001,144.600006,143.380005,143.679993,140.899139,20041200,0
4/27/17,143.919998,144.160004,143.309998,143.789993,141.007004,14246300,1
4/28/17,144.089996,144.300003,143.270004,143.649994,140.869705,20860400,0
5/1/17,145.100006,147.199997,144.960007,146.580002,143.743011,33602900,1
5/2/17,147.539993,148.089996,146.839996,147.509995,144.654999,45352200,1
5/3/17,145.589996,147.490005,144.270004,147.059998,144.213715,45697000,0
5/4/17,146.520004,147.139999,145.809998,146.529999,143.693954,23371900,0
5/5/17,146.759995,148.979996,146.759995,148.960007,146.076935,27327700,1
5/8/17,149.029999,153.699997,149.029999,153.009995,150.048538,48752400,1
5/9/17,153.869995,154.880005,153.449997,153.990005,151.009598,39130400,1
5/10/17,153.630005,153.940002,152.110001,153.259995,150.293716,25805700,0
5/11/17,152.449997,154.070007,152.309998,153.949997,151.593491,27255100,1
5/12/17,154.699997,156.419998,154.669998,156.100006,153.710602,32527000,1
5/15/17,156.009995,156.649994,155.050003,155.699997,153.316727,26009700,0
5/16/17,155.940002,156.059998,154.720001,155.470001,153.090256,20048500,0
5/17/17,153.600006,154.570007,149.710007,150.25,147.95015,50767700,0
5/18/17,151.270004,153.339996,151.130005,152.539993,150.205078,33568200,1
5/19/17,153.380005,153.979996,152.630005,153.059998,150.717133,26960800,1
5/22/17,154,154.580002,152.910004,153.990005,151.632904,22966400,1
5/23/17,154.899994,154.899994,153.309998,153.800003,151.445801,19918900,0
5/24/17,153.839996,154.169998,152.669998,153.339996,150.992844,19178000,0
5/25/17,153.729996,154.350006,153.029999,153.869995,151.514725,19235600,1
5/26/17,154,154.240005,153.309998,153.610001,151.258728,21701100,0
5/30/17,153.419998,154.429993,153.330002,153.669998,151.317795,20126900,1
5/31/17,153.970001,154.169998,152.380005,152.759995,150.421722,24451200,0
6/1/17,153.169998,153.330002,152.220001,153.179993,150.835281,16404100,1
6/2/17,153.580002,155.449997,152.889999,155.449997,153.070541,27770700,1
6/5/17,154.339996,154.449997,153.460007,153.929993,151.573807,25331700,0
6/6/17,153.899994,155.809998,153.779999,154.449997,152.085846,26624900,1
6/7/17,155.020004,155.979996,154.479996,155.369995,152.991776,21069600,1
6/8/17,155.25,155.539993,154.399994,154.990005,152.617584,21250800,0
6/9/17,155.190002,155.190002,146.020004,148.979996,146.69957,64882700,0
6/12/17,145.740005,146.089996,142.509995,145.419998,143.194092,72307300,0
6/13/17,147.160004,147.449997,145.149994,146.589996,144.346161,34165400,1
6/14/17,147.5,147.5,143.839996,145.160004,142.938065,31531200,0
6/15/17,143.320007,144.479996,142.210007,144.289993,142.08136,32165400,0
6/16/17,143.779999,144.5,142.199997,142.270004,140.0923,50361100,0
6/19/17,143.660004,146.740005,143.660004,146.339996,144.099991,32541400,1
6/20/17,146.869995,146.869995,144.940002,145.009995,142.790359,24900100,0
6/21/17,145.520004,146.070007,144.610001,145.869995,143.637177,21265800,1
6/22/17,145.770004,146.699997,145.119995,145.630005,143.400879,19106300,0
6/23/17,145.130005,147.160004,145.110001,146.279999,144.040924,35439400,1
6/26/17,147.169998,148.279999,145.380005,145.820007,143.587967,25692400,0
6/27/17,145.009995,146.160004,143.619995,143.729996,141.529938,24761900,0
6/28/17,144.490005,146.110001,143.160004,145.830002,143.597794,22082400,1
6/29/17,144.710007,145.130005,142.279999,143.679993,141.480713,31499400,0
6/30/17,144.449997,144.960007,143.779999,144.020004,141.815506,23024100,1
7/3/17,144.880005,145.300003,143.100006,143.5,141.303467,14258300,0
7/5/17,143.690002,144.789993,142.720001,144.089996,141.88443,21569600,1
7/6/17,143.020004,143.5,142.410004,142.729996,140.545258,24128800,0
7/7/17,142.899994,144.75,142.899994,144.179993,141.973053,19201700,1
7/10/17,144.110001,145.949997,143.369995,145.059998,142.839584,21090600,1
7/11/17,144.729996,145.850006,144.380005,145.529999,143.302399,19781800,1
7/12/17,145.869995,146.179993,144.820007,145.740005,143.509186,24884500,1
7/13/17,145.5,148.490005,145.440002,147.770004,145.508102,25199400,1
7/14/17,147.970001,149.330002,147.330002,149.039993,146.758636,20132100,1
7/17/17,148.820007,150.899994,148.570007,149.559998,147.270706,23793500,1
7/18/17,149.199997,150.130005,148.669998,150.080002,147.782761,17868800,1
7/19/17,150.479996,151.419998,149.949997,151.020004,148.708359,20923000,1
7/20/17,151.5,151.740005,150.190002,150.339996,148.038757,17243700,0
7/21/17,149.990005,150.440002,148.880005,150.270004,147.969849,26252600,0
7/24/17,150.580002,152.440002,149.899994,152.089996,149.761978,21493200,1
7/25/17,151.800003,153.839996,151.800003,152.740005,150.402039,18853900,1
7/26/17,153.350006,153.929993,153.059998,153.460007,151.111023,15781000,1
7/27/17,153.75,153.990005,147.300003,150.559998,148.255402,32476300,0
7/28/17,149.889999,150.229996,149.190002,149.5,147.211624,17213700,0
7/31/17,149.899994,150.330002,148.130005,148.729996,146.4534,19845900,0
8/1/17,149.100006,150.220001,148.410004,150.050003,147.753204,35368600,1
8/2/17,159.279999,159.75,156.160004,157.139999,154.734665,69936800,1
8/3/17,157.050003,157.210007,155.020004,155.570007,153.188705,27097300,0
8/4/17,156.070007,157.399994,155.690002,156.389999,153.99614,20559900,1
8/7/17,157.059998,158.919998,156.669998,158.809998,156.37912,21870300,1
8/8/17,158.600006,161.830002,158.270004,160.080002,157.629684,36205900,1
8/9/17,159.259995,161.270004,159.110001,161.059998,158.594666,26131500,1
8/10/17,159.899994,160,154.630005,155.320007,153.543152,40804300,0
8/11/17,156.600006,158.570007,156.070007,157.479996,155.678436,26257100,1
8/14/17,159.320007,160.210007,158.75,159.850006,158.021317,22122700,1
8/15/17,160.660004,162.199997,160.139999,161.600006,159.751297,29465500,1
8/16/17,161.940002,162.509995,160.149994,160.949997,159.108719,27671600,0
8/17/17,160.520004,160.710007,157.839996,157.860001,156.054092,27940600,0
8/18/17,157.860001,159.5,156.720001,157.5,155.698212,27428100,0
8/21/17,157.5,157.889999,155.110001,157.210007,155.41153,26368500,0
8/22/17,158.229996,160,158.020004,159.779999,157.952118,21604600,1
8/23/17,159.070007,160.470001,158.880005,159.979996,158.149826,19399100,1
8/24/17,160.429993,160.740005,158.550003,159.270004,157.447952,19818900,0
8/25/17,159.649994,160.559998,159.270004,159.860001,158.031189,25480100,1
8/28/17,160.139999,162,159.929993,161.470001,159.622787,25966000,1
8/29/17,160.100006,163.119995,160,162.910004,161.046326,29516900,1
8/30/17,163.800003,163.889999,162.610001,163.350006,161.481277,27269600,1
8/31/17,163.639999,164.520004,163.479996,164,162.12384,26785100,1
9/1/17,164.800003,164.940002,163.630005,164.050003,162.173279,16591100,1
9/5/17,163.75,164.25,160.559998,162.080002,160.225815,29468500,0
9/6/17,162.710007,162.990005,160.520004,161.910004,160.057755,21651700,0
9/7/17,162.089996,162.240005,160.360001,161.259995,159.415192,21928500,0
9/8/17,160.860001,161.149994,158.529999,158.630005,156.815277,28611500,0
9/11/17,160.5,162.050003,159.889999,161.5,159.652451,31085900,1
9/12/17,162.610001,163.960007,158.770004,160.860001,159.01976,71714000,0
9/13/17,159.869995,159.960007,157.910004,159.649994,157.823593,44907400,0
9/14/17,158.990005,159.399994,158.089996,158.279999,156.469269,23760700,0
9/15/17,158.470001,160.970001,158,159.880005,158.050964,49114600,1
9/18/17,160.110001,160.5,158,158.669998,156.854813,28269400,0
9/19/17,159.509995,159.770004,158.440002,158.729996,156.914124,20810600,1
9/20/17,157.899994,158.259995,153.830002,156.070007,154.284561,52951400,0
9/21/17,155.800003,155.800003,152.75,153.389999,151.635208,37511700,0
9/22/17,151.539993,152.270004,150.559998,151.889999,150.15239,46645400,0
9/25/17,149.990005,151.830002,149.160004,150.550003,148.827698,44387300,0
9/26/17,151.779999,153.919998,151.690002,153.139999,151.388062,36660000,1
9/27/17,153.800003,154.720001,153.539993,154.229996,152.465607,25504200,1
9/28/17,153.889999,154.279999,152.699997,153.279999,151.526474,22005500,0
9/29/17,153.210007,154.130005,152,154.119995,152.356857,26299800,1
10/2/17,154.259995,154.449997,152.720001,153.809998,152.050415,18698800,0
10/3/17,154.009995,155.089996,153.910004,154.479996,152.712738,16230300,1
10/4/17,153.630005,153.860001,152.460007,153.479996,151.724197,20163800,0
10/5/17,154.179993,155.440002,154.050003,155.389999,153.612335,21283800,1
10/6/17,154.970001,155.490005,154.559998,155.300003,153.523361,17407600,0
10/9/17,155.809998,156.729996,155.490005,155.839996,154.057175,16262900,1
10/10/17,156.059998,158,155.100006,155.899994,154.116486,15617000,1
10/11/17,155.970001,156.979996,155.75,156.550003,154.759079,16905600,1
10/12/17,156.350006,157.369995,155.729996,156,154.215363,16125100,0
10/13/17,156.729996,157.279999,156.410004,156.990005,155.194031,16394200,1
10/16/17,157.899994,160,157.649994,159.880005,158.050964,24121500,1
10/17/17,159.779999,160.869995,159.229996,160.470001,158.634216,18997300,1
10/18/17,160.419998,160.710007,159.600006,159.759995,157.932343,16374200,0
10/19/17,156.75,157.080002,155.020004,155.979996,154.195572,42584200,0
10/20/17,156.610001,157.75,155.960007,156.25,154.462494,23974100,1
10/23/17,156.889999,157.690002,155.5,156.169998,154.383408,21984300,0
10/24/17,156.289993,157.419998,156.199997,157.100006,155.302765,17757200,1
10/25/17,156.910004,157.550003,155.270004,156.410004,154.620682,21207100,0
10/26/17,157.229996,157.830002,156.779999,157.410004,155.609222,17000500,1
10/27/17,159.289993,163.600006,158.699997,163.050003,161.184708,44454200,1
10/30/17,163.889999,168.070007,163.720001,166.720001,164.812729,44700800,1
10/31/17,167.899994,169.649994,166.940002,169.039993,167.106186,36046800,1
11/1/17,169.869995,169.940002,165.610001,166.889999,164.980774,33637800,0
11/2/17,166.600006,168.5,165.279999,168.110001,166.186829,41393400,1
11/3/17,174,174.259995,171.119995,172.5,170.526596,59398600,1
11/6/17,172.369995,174.990005,171.720001,174.25,172.256577,35026300,1
11/7/17,173.910004,175.25,173.600006,174.809998,172.810165,24361500,1
11/8/17,174.660004,176.240005,174.330002,176.240005,174.223831,24409500,1
11/9/17,175.110001,176.100006,173.139999,175.880005,173.86795,29482600,0
11/10/17,175.110001,175.380005,174.270004,174.669998,173.292511,25145500,0
11/13/17,173.5,174.5,173.399994,173.970001,172.598022,16982100,0
11/14/17,173.039993,173.479996,171.179993,171.339996,169.988754,24782500,0
11/15/17,169.970001,170.320007,168.380005,169.080002,167.746582,29158100,0
11/16/17,171.179993,171.869995,170.300003,171.100006,169.750671,23637500,1
11/17/17,171.039993,171.389999,169.639999,170.149994,168.808151,21899500,0
11/20/17,170.289993,170.559998,169.559998,169.979996,168.639496,16262400,0
11/21/17,170.779999,173.699997,170.779999,173.139999,171.774567,25131300,1
11/22/17,173.360001,175,173.050003,174.960007,173.580231,25588900,1
11/24/17,175.100006,175.5,174.649994,174.970001,173.590149,14026700,1
11/27/17,175.050003,175.080002,173.339996,174.089996,172.717072,20716800,0
11/28/17,174.300003,174.869995,171.860001,173.070007,171.705139,26428800,0
11/29/17,172.630005,172.919998,167.160004,169.479996,168.143433,41666400,0
11/30/17,170.429993,172.139999,168.440002,171.850006,170.494751,41527200,1
12/1/17,169.949997,171.669998,168.5,171.050003,169.70105,39759300,0
12/4/17,172.479996,172.619995,169.630005,169.800003,168.460922,32542400,0
12/5/17,169.059998,171.520004,168.399994,169.639999,168.30217,27350200,0
12/6/17,167.5,170.199997,166.460007,169.009995,167.677139,28560000,0
12/7/17,169.029999,170.440002,168.910004,169.320007,167.984711,25673300,1
12/8/17,170.490005,171,168.820007,169.369995,168.034302,23355200,1
12/11/17,169.199997,172.889999,168.789993,172.669998,171.308289,35273800,1
12/12/17,172.149994,172.389999,171.460007,171.699997,170.345932,19409200,0
12/13/17,172.5,173.539993,172,172.270004,170.911438,23818400,1
12/14/17,172.399994,173.130005,171.649994,172.220001,170.861832,20476500,0
12/15/17,173.630005,174.169998,172.460007,173.970001,172.598022,40169300,1
12/18/17,174.880005,177.199997,174.860001,176.419998,175.028717,29421100,1
12/19/17,175.029999,175.389999,174.089996,174.539993,173.163528,27436400,0
12/20/17,174.869995,175.419998,173.25,174.350006,172.975037,23475600,0
12/21/17,174.169998,176.020004,174.100006,175.009995,173.629822,20949900,1
12/22/17,174.679993,175.419998,174.5,175.009995,173.629822,16349400,0
12/26/17,170.800003,171.470001,169.679993,170.570007,169.224838,33185500,0
12/27/17,170.100006,170.779999,169.710007,170.600006,169.254608,21498200,1
12/28/17,171,171.850006,170.479996,171.080002,169.73082,16480200,1
12/29/17,170.520004,170.589996,169.220001,169.229996,167.895416,25999900,0
1/2/18,170.160004,172.300003,169.259995,172.259995,170.901505,25555900,1
1/3/18,172.529999,174.550003,171.960007,172.229996,170.871735,29517900,0
1/4/18,172.539993,173.470001,172.080002,173.029999,171.665436,22434600,1
1/5/18,173.440002,175.369995,173.050003,175,173.619904,23660000,1
1/8/18,174.350006,175.610001,173.929993,174.350006,172.975037,20567800,0
1/9/18,174.550003,175.059998,173.410004,174.330002,172.9552,21584000,0
1/10/18,173.160004,174.300003,173,174.289993,172.915497,23959900,0
1/11/18,174.589996,175.490005,174.490005,175.279999,173.897705,18667700,1
1/12/18,176.179993,177.360001,175.649994,177.089996,175.69342,25418100,1
1/16/18,177.899994,179.389999,176.139999,176.190002,174.800537,29565900,0
1/17/18,176.149994,179.25,175.070007,179.100006,177.687576,33888500,1
1/18/18,179.369995,180.100006,178.25,179.259995,177.846313,31193400,1
1/19/18,178.610001,179.580002,177.410004,178.460007,177.052628,32425100,0
1/22/18,177.300003,177.779999,176.600006,177,175.604141,27108600,0
1/23/18,177.300003,179.440002,176.820007,177.039993,175.643814,32689100,1
1/24/18,177.25,177.300003,173.199997,174.220001,172.846054,51105100,0
1/25/18,174.509995,174.949997,170.529999,171.110001,169.760574,41529000,0
1/26/18,172,172,170.059998,171.509995,170.157425,39143000,1
1/29/18,170.160004,170.160004,167.070007,167.960007,166.635422,50640400,0
1/30/18,165.529999,167.369995,164.699997,166.970001,165.653244,46048200,0
1/31/18,166.869995,168.440002,166.5,167.429993,166.109604,32478900,1
2/1/18,167.169998,168.619995,166.759995,167.779999,166.456848,47230800,1
2/2/18,166,166.800003,160.100006,160.5,159.234253,86593800,0
2/5/18,159.100006,163.880005,156,156.490005,155.25589,72738500,0
2/6/18,154.830002,163.720001,154,163.029999,161.744293,68243800,1
2/7/18,163.089996,163.399994,159.070007,159.539993,158.281815,51608600,0
2/8/18,160.289993,161,155.029999,155.149994,153.926437,54390500,0
2/9/18,157.070007,157.889999,150.240005,156.410004,155.809189,70672600,1
2/12/18,158.5,163.889999,157.509995,162.710007,162.084991,60819500,1
2/13/18,161.949997,164.75,161.649994,164.339996,163.708725,32549200,1
2/14/18,163.039993,167.539993,162.880005,167.369995,166.727081,40644900,1
2/15/18,169.789993,173.089996,169,172.990005,172.3255,51147200,1
2/16/18,172.360001,174.820007,171.770004,172.429993,171.767639,40176100,0
2/20/18,172.050003,174.259995,171.419998,171.850006,171.18988,33930500,0
2/21/18,172.830002,174.119995,171.009995,171.070007,170.412872,37471600,0
2/22/18,171.800003,173.949997,171.710007,172.5,171.837372,30991900,1
2/23/18,173.669998,175.649994,173.539993,175.5,174.825851,33812400,1
2/26/18,176.350006,179.389999,176.210007,178.970001,178.282532,38162200,1
2/27/18,179.100006,180.479996,178.160004,178.389999,177.704758,38928100,0
2/28/18,179.259995,180.619995,178.050003,178.119995,177.435791,37782100,0
3/1/18,178.539993,179.779999,172.660004,175,174.327774,48802000,0
3/2/18,172.800003,176.300003,172.449997,176.210007,175.533142,38454000,1
3/5/18,175.210007,177.740005,174.520004,176.820007,176.140793,28401400,1
3/6/18,177.910004,178.25,176.130005,176.669998,175.991364,23788500,0
3/7/18,174.940002,175.850006,174.270004,175.029999,174.357666,31703500,0
3/8/18,175.479996,177.119995,175.070007,176.940002,176.26033,23774100,1
3/9/18,177.960007,180,177.389999,179.979996,179.288635,32185200,1
3/12/18,180.289993,182.389999,180.210007,181.720001,181.021957,32207100,1
3/13/18,182.589996,183.5,179.240005,179.970001,179.278687,31693500,0
3/14/18,180.320007,180.520004,177.809998,178.440002,177.754562,29368400,0
3/15/18,178.5,180.240005,178.070007,178.649994,177.963745,22743800,1
3/16/18,178.649994,179.119995,177.619995,178.020004,177.336182,39404700,0
3/19/18,177.320007,177.470001,173.660004,175.300003,174.626633,33446800,0
3/20/18,175.240005,176.800003,174.940002,175.240005,174.566864,19649400,0
3/21/18,175.039993,175.089996,171.259995,171.270004,170.612106,37054900,0
3/22/18,170,172.679993,168.600006,168.850006,168.201401,41490800,0
3/23/18,168.389999,169.919998,164.940002,164.940002,164.306427,41028800,0
3/26/18,168.070007,173.100006,166.440002,172.770004,172.106354,37541200,1
3/27/18,173.679993,175.149994,166.919998,168.339996,167.693359,40922600,0
3/28/18,167.25,170.020004,165.190002,166.479996,165.8405,41668500,0
3/29/18,167.809998,171.75,166.899994,167.779999,167.135513,38398500,1
4/2/18,166.639999,168.940002,164.470001,166.679993,166.039734,37586800,0
4/3/18,167.639999,168.75,164.880005,168.389999,167.743164,30278000,1
4/4/18,164.880005,172.009995,164.770004,171.610001,170.950806,34605500,1
4/5/18,172.580002,174.229996,172.080002,172.800003,172.13623,26933200,1
4/6/18,170.970001,172.479996,168.199997,168.380005,167.733215,35005300,0
4/9/18,169.880005,173.089996,169.850006,170.050003,169.39679,29017700,1
4/10/18,173,174,171.529999,173.25,172.584503,28408600,1
4/11/18,172.229996,173.919998,171.699997,172.440002,171.777618,22431600,0
4/12/18,173.410004,175,173.039993,174.139999,173.471085,22889300,1
4/13/18,174.779999,175.839996,173.850006,174.729996,174.058807,25124300,1
4/16/18,175.029999,176.190002,174.830002,175.820007,175.144638,21578400,1
4/17/18,176.490005,178.940002,176.410004,178.240005,177.555328,26605400,1
4/18/18,177.809998,178.820007,176.880005,177.839996,177.15686,20754500,0
4/19/18,173.759995,175.389999,172.660004,172.800003,172.13623,34808800,0
4/20/18,170.600006,171.220001,165.429993,165.720001,165.08342,65491100,0
4/23/18,166.830002,166.919998,164.089996,165.240005,164.60527,36515500,0
4/24/18,165.669998,166.330002,161.220001,162.940002,162.314102,33692000,0
4/25/18,162.619995,165.419998,162.410004,163.649994,163.021362,28382100,1
4/26/18,164.119995,165.729996,163.369995,164.220001,163.589188,27963000,1
4/27/18,164,164.330002,160.630005,162.320007,161.696487,35655800,0
4/30/18,162.130005,167.259995,161.839996,165.259995,164.625183,42427400,1
5/1/18,166.410004,169.199997,165.270004,169.100006,168.450439,53569400,1
5/2/18,175.229996,177.75,173.800003,176.570007,175.891754,66539400,1
5/3/18,175.880005,177.5,174.440002,176.889999,176.21051,34068200,1
5/4/18,178.25,184.25,178.169998,183.830002,183.123856,56201300,1
5/7/18,185.179993,187.669998,184.75,185.160004,184.448746,42451400,1
5/8/18,184.990005,186.220001,183.669998,186.050003,185.335327,28402800,1
5/9/18,186.550003,187.399994,185.220001,187.360001,186.640305,23211200,1
5/10/18,187.740005,190.369995,187.649994,190.039993,189.309998,27989300,1
5/11/18,189.490005,190.059998,187.449997,188.589996,188.589996,26212200,0
5/14/18,189.009995,189.529999,187.860001,188.149994,188.149994,20778800,0
5/15/18,186.779999,187.070007,185.100006,186.440002,186.440002,23695200,0
5/16/18,186.070007,188.460007,186,188.179993,188.179993,19183100,1
5/17/18,188,188.910004,186.360001,186.990005,186.990005,17294000,0
5/18/18,187.190002,187.809998,186.130005,186.309998,186.309998,18297700,0
5/21/18,188,189.270004,186.910004,187.630005,187.630005,18400800,1
5/22/18,188.380005,188.880005,186.779999,187.160004,187.160004,15240700,0
5/23/18,186.350006,188.5,185.759995,188.360001,188.360001,19467900,1
5/24/18,188.770004,188.839996,186.210007,188.149994,188.149994,20401000,0
5/25/18,188.229996,189.649994,187.649994,188.580002,188.580002,17461000,1
5/29/18,187.600006,188.75,186.869995,187.899994,187.899994,22369000,0
5/30/18,187.720001,188,186.779999,187.5,187.5,18690500,0
5/31/18,187.220001,188.229996,186.139999,186.869995,186.869995,27482800,0
6/1/18,187.990005,190.259995,187.75,190.240005,190.240005,23250400,1
6/4/18,191.639999,193.419998,191.350006,191.830002,191.830002,26132000,1
6/5/18,193.070007,193.940002,192.360001,193.309998,193.309998,21566000,1
6/6/18,193.630005,194.080002,191.919998,193.979996,193.979996,20933600,1
6/7/18,194.139999,194.199997,192.339996,193.460007,193.460007,21347200,0
6/8/18,191.169998,192,189.770004,191.699997,191.699997,26656800,0
6/11/18,191.350006,191.970001,190.210007,191.229996,191.229996,18308500,0
6/12/18,191.389999,192.610001,191.149994,192.279999,192.279999,16911100,1
6/13/18,192.419998,192.880005,190.440002,190.699997,190.699997,21638400,0
6/14/18,191.550003,191.570007,190.220001,190.800003,190.800003,21610100,1
6/15/18,190.029999,190.160004,188.259995,188.839996,188.839996,61719200,0
6/18/18,187.880005,189.220001,187.199997,188.740005,188.740005,18484900,0
6/19/18,185.139999,186.330002,183.449997,185.690002,185.690002,33578500,0
6/20/18,186.350006,187.199997,185.729996,186.5,186.5,20628700,1
6/21/18,187.25,188.350006,184.940002,185.460007,185.460007,25711900,0
6/22/18,186.119995,186.149994,184.699997,184.919998,184.919998,27200400,0
6/25/18,183.399994,184.919998,180.729996,182.169998,182.169998,31663100,0
6/26/18,182.990005,186.529999,182.539993,184.429993,184.429993,24569200,1
6/27/18,185.229996,187.279999,184.029999,184.160004,184.160004,25037500,0