,index,1. open,2. high,3. low,4. close,5. volume,MACD,MACD_Hist,MACD_Signal,RSI,WILLR,ADX,MOM
0,898.0,114.41,114.85,111.54,111.95,44565318.0,1.4069,-0.9281,2.335,47.2179,-75.0,34.4887,-5.65
1,533.0,97.22,98.09,96.84,97.9,35140174.0,-1.8157,0.9119,-2.7275,52.7154,-2.2042,34.4051,4.48
2,670.0,121.85,122.69,120.18,120.92,39552680.0,2.4356,0.742,1.6936,61.3683,-21.1524,25.2167,5.42
3,44.0,175.88,177.5,174.4411,176.89,34068180.0,-0.3228,0.8147,-1.1375,59.8794,-11.1791,18.6655,4.09
4,2512.0,172.3,173.74,166.39,169.64,37144400.0,-1.4869,0.0347,-1.5216,44.4728,-66.64699999999999,16.6697,2.2
5,216.0,159.65,160.56,159.27,159.86,25015218.0,2.2406,-0.2085,2.4492,59.3155,-33.6294,19.1315,2.38
6,172.0,159.29,163.6,158.7,163.05,43904150.0,0.6412,0.4478,0.1934,65.9837,-6.4103,13.555,6.06
7,4330.0,25.55,25.75,23.6,25.72,33458400.0,0.6705,0.2617,0.4088,65.9039,-0.4286,18.145,6.22
8,4039.0,17.17,17.6,16.85,17.11,7082800.0,-1.5052,-0.4517,-1.0534,23.0778,-96.0606,33.3324,-5.05
9,2736.0,133.09,133.34,129.76,131.07,30958500.0,-1.5229,0.0568,-1.5797,52.1625,-24.0827,26.8532,4.68
10,2387.0,90.46,90.99,87.55,88.66,22061300.0,-0.8358,0.4662,-1.3019999999999998,45.9558,-67.4326,15.665,2.85
11,4296.0,20.71,21.7,20.45,21.66,5806800.0,-0.7201,-0.1722,-0.5479,45.8421,-51.1387,17.5984,-1.57
12,1477.0,670.82,674.88,650.33,656.062,29025700.0,14.5724,3.8502,10.7222,70.873,-25.2151,30.5355,35.148
13,3085.0,62.11,62.22,61.05,61.17,33283000.0,-1.7873,0.2619,-2.0492,40.0645,-62.0802,28.0047,-0.64
14,2907.0,89.02,89.22,87.33,87.72,26426400.0,1.2584,-0.6949,1.9534,51.8315,-71.2598,35.9326,-3.6
15,4588.0,131.69,132.75,124.75,125.0,1895200.0,2.0573,-1.6046,3.6618,47.7281,-75.4683,16.6863,-14.56
16,3789.0,18.45,19.48,18.309,19.12,8124700.0,0.3685,0.027000000000000003,0.3416,66.2506,-12.6316,26.5416,1.52
17,293.0,149.03,153.7,149.03,153.01,48339210.0,2.1867,0.6979,1.4888,79.1612,-5.2075,28.2837,9.37
18,880.0,107.2,108.2,106.695,107.75,40105934.0,-1.0487,-0.6677,-0.381,41.1443,-69.2308,26.7567,-5.19
19,3926.0,15.79,15.88,15.42,15.5,2561300.0,0.0953,-0.0863,0.1815,48.5435,-65.7343,14.6594,-0.8
20,3563.0,26.4,27.19,26.4,27.14,5449500.0,-0.1007,-0.0801,-0.0207,52.6244,-38.6617,17.2008,0.2
21,3168.0,72.09,72.74,70.7,72.63,31991500.0,3.6612,0.4436,3.2176,78.5356,-0.9298,39.8482,8.11
22,1110.0,521.38,522.9299,517.38,519.68,13224300.0,-10.0501,-1.2669,-8.7832,44.7115,-59.0053,26.432,-26.39
23,2060.0,269.31,270.57,261.0,261.09,19373700.0,9.7831,0.2951,9.488,63.0519,-36.2679,48.0591,13.69
24,1178.0,519.61,527.52,517.02,524.896,12648700.0,11.4089,1.4678,9.9411,62.6639,-26.5373,23.0712,23.781999999999996
25,3481.0,35.7,36.57,35.68,36.35,6134400.0,1.2454,0.3677,0.8777,69.6757,-3.5427,40.4974,4.4
26,2386.0,88.24,89.7399,86.35,87.71,28514200.0,-0.9778,0.2594,-1.2372,44.6126,-74.9604,14.6927,1.1
27,2050.0,255.165,256.48,249.5,253.82,27120100.0,3.5967,-1.6687,5.2654,51.14,-36.9268,33.3792,-7.27
28,516.0,96.62,96.65,95.3,95.33,61008219.0,-0.252,-0.1631,-0.08900000000000001,39.1495,-99.5448,18.0916,-2.59
29,1179.0,536.27,539.25,514.54,516.678,22707400.0,11.5011,1.9269999999999998,9.5742,58.6897,-41.7304,23.0117,17.998
30,4135.0,24.96,24.96,24.34,24.41,7112600.0,0.6786,0.2139,0.4647,63.5875,-12.3318,24.965999999999998,1.93
31,3881.0,14.71,14.93,14.45,14.45,3957400.0,-0.0549,0.0576,-0.1125,49.3338,-41.0596,11.8963,0.57
32,3225.0,51.02,51.29,50.32,50.82,17603000.0,1.8214,0.3561,1.4653,72.8682,-12.7159,46.2104,4.98
33,653.0,118.75,118.81,116.86,117.34,34852374.0,0.5285,-0.0962,0.6247,50.7078,-28.9238,13.7919,3.165
34,4178.0,20.6,20.7,20.19,20.42,3620800.0,0.6751,0.0782,0.5969,59.1898,-31.4763,16.3531,0.81
35,220.0,157.5,157.89,155.1101,157.21,26145653.0,2.4274,-0.2072,2.6345,54.9339,-67.2589,21.701,-1.6
36,4292.0,21.42,21.73,20.06,20.47,9133700.0,-0.7707,-0.1017,-0.669,40.6791,-70.75,16.3211,0.69
37,1222.0,486.0,495.8,486.0,490.89599999999996,10986000.0,14.4814,-1.5163,15.9976,60.1546,-38.0163,38.6638,-7.604
38,4224.0,16.14,16.22,15.35,15.54,6685800.0,-0.8467,-0.1327,-0.7140000000000001,35.0217,-80.4545,26.5799,-3.01
39,1702.0,401.92,402.21,386.21,390.57,23253100.0,5.6125,-1.0319,6.6443,49.215,-63.3634,12.5066,-2.39
40,1476.0,654.42,669.0,648.11,668.87,20190100.0,16.1135,4.313,11.8005,74.6978,-9.4915,32.4255,49.01
41,3581.0,29.0,29.58,28.16,29.3,31454400.0,0.6939,-0.0285,0.7224,64.3907,-8.5627,31.7193,2.26
42,2509.0,168.21,169.65,165.0,165.15,31014800.0,-1.9795,-0.3895,-1.59,40.9214,-93.1993,16.449,-4.97
43,885.0,113.64,113.92,112.11,112.52,29881477.0,0.2416,0.0385,0.2031,50.9492,-27.1246,22.8612,4.295
44,3426.0,61.69,65.2,61.55,64.05,24835500.0,3.7953,0.3878,3.4075,88.5875,-8.7386,58.466,9.3
45,3286.0,37.19,38.08,36.82,37.98,19559800.0,-0.3737,-0.1044,-0.2693,51.0289,-53.3207,23.1859,-2.06
46,1120.0,554.0,555.62,544.75,546.07,15334100.0,0.3483,0.2191,0.1293,48.8159,-46.6029,16.6686,9.551
47,3511.0,31.75,32.75,31.57,32.43,7589400.0,0.2764,0.004,0.2724,57.5144,-24.5399,23.5127,3.21
48,2475.0,158.59,162.4,157.65,160.18,28103000.0,-1.2156,-1.682,0.4664,36.9532,-87.4504,18.6433,-14.11
49,550.0,93.99,94.72,92.51,93.74,68531478.0,-2.1484,-1.9418,-0.2066,21.5481,-93.8129,34.3362,-16.11
50,641.0,112.02,112.25,108.98,108.98,44772827.0,-1.5197,-0.9402,-0.5795,33.6492,-98.3725,20.7548,-6.22
51,140.0,172.5,173.54,172.0,172.27,23142242.0,0.9406,-0.3578,1.2984,56.4166,-35.7301,16.2351,2.79
52,2657.0,190.37,200.0,189.54,190.39,24082600.0,5.1885,0.9056,4.283,60.1637,-32.044000000000004,22.1045,8.17
53,3585.0,27.9,28.0,27.2,27.53,4302100.0,0.7609,-0.0395,0.8004,58.4553,-26.6667,34.1567,0.66
54,1053.0,592.0,594.8,586.36,591.48,8716000.0,14.9815,7.5437,7.4378,74.7661,-9.0238,28.3899,72.47
55,2049.0,254.7,256.18,247.71,254.22,27244100.0,3.1726,-1.6743,4.8468,51.4173,-36.045,32.8726,-12.13
56,4527.0,52.59,54.81,52.13,54.44,4707200.0,-11.7236,-0.4527,-11.2709,33.5042,-91.1434,37.7194,0.69
57,2521.0,164.05,174.72,164.0,174.68,39688600.0,-2.3728,-1.0247,-1.348,48.0122,-42.5806,25.4513,-6.75
58,225.0,159.32,160.21,158.75,159.85,21754810.0,2.8507,0.47100000000000003,2.3797,63.2521,-13.627,24.266,11.12
59,1463.0,665.11,670.1,656.5,660.59,17999400.0,12.8516,-2.4308,15.2824,54.9635,-64.5253,32.0978,-15.09
60,3658.0,19.94,19.95,19.6,19.81,5508900.0,-0.4867,-0.0473,-0.4394,38.7626,-75.0,18.8402,-0.64
61,408.0,109.72,110.54,109.66,110.06,28428917.0,-1.3757,-0.1214,-1.2543,45.8959,-38.2869,33.6868,1.22
62,2233.0,167.65,169.37,166.8,169.22,14859800.0,4.1891,-0.5792,4.7683,65.5618,-1.5075,35.4745,3.71
63,2861.0,89.84,90.0,87.61,88.65,21994600.0,0.3689,0.5655,-0.1965,56.8999,-27.1698,19.2043,5.38
64,498.0,97.39,98.99,97.32,98.79,38918997.0,0.1123,0.4581,-0.3458,60.2711,-2.6702,14.0842,4.39
65,164.0,174.66,176.24,174.33,176.24,24409527.0,4.6674,1.6693,2.998,78.3279,0.0,28.1775,19.83
66,547.0,95.2,95.9,93.82,94.19,41025475.0,-3.2056,-1.6429,-1.5627,26.2657,-91.005,37.8523,-12.94
67,2127.0,202.51,204.7,200.19,203.075,38060700.0,0.9118,-1.4233,2.3351,46.7678,-67.9056,17.83,-8.905
68,404.0,111.13,111.87,110.95,111.79,11475922.0,-0.6083,0.3804,-0.9887,51.7199,-7.553999999999999,29.4471,4.0
69,1275.0,432.5,437.14,428.75,435.965,10208300.0,-0.5372,-1.7528,1.2156,45.7525,-74.5503,13.7221,-15.615
70,1752.0,396.12,396.27,386.0,386.9,33619300.0,11.0166,3.8673,7.1493,79.2481,-14.7722,28.7121,35.14
71,2143.0,208.83,212.0,208.31,211.64,14717300.0,3.1167,1.8484,1.2683,65.773,-10.0654,18.9959,17.47
72,3769.0,20.19,20.95,20.13,20.9,13414500.0,0.5743,0.0339,0.5404,68.2895,-2.0243,31.6626,1.63
73,2527.0,174.78,175.88,171.56,173.16,23063600.0,-0.7824,-1.4161,0.6337,42.9516,-68.1412,23.5132,-8.45
74,2904.0,86.47,86.67,84.74,84.76,20274700.0,0.41700000000000004,-0.8982,1.3152,43.7328,-86.9116,34.0409,-5.07
75,3723.0,22.18,22.5,21.92,22.08,3211100.0,0.4108,-0.1005,0.5113,51.5239,-84.6416,31.3354,-0.66
76,1414.0,564.25,567.37,556.6,561.7,13321500.0,-21.9062,2.9065,-24.8126,42.6468,-38.6514,48.4306,3.6981
77,1879.0,329.52,344.7625,326.0,340.65,67178500.0,6.9586,1.006,5.9526,63.9829,-28.8185,33.8432,11.08
78,271.0,155.25,155.54,154.4,154.99,20771367.0,1.7709,-0.2445,2.0154,61.0919,-26.3298,22.4125,1.65
79,1525.0,574.52,578.48,570.38,572.16,10485000.0,0.3805,1.9102,-1.5297,50.934,-40.85,13.4492,-7.01
80,621.0,98.41,98.65,95.5,96.66,53087747.0,-4.0986,-0.2576,-3.841,32.0894,-90.7605,42.6755,-8.69
81,4248.0,18.76,18.94,18.2,18.44,5165700.0,-0.7418,0.0333,-0.775,37.6649,-85.8824,23.5822,-0.62
82,4279.0,23.64,24.23,23.14,23.9,4108000.0,0.4314,0.3754,0.055999999999999994,60.9031,-20.8696,19.6873,3.57
83,1751.0,386.95,390.06,383.9,387.29,18804800.0,12.1324,3.9865,8.1459,79.3814,-14.4675,30.822,30.09
84,2613.0,122.2,124.6,121.68,123.82,34551400.0,-10.3147,1.3037,-11.6185,33.5864,-66.2023,54.9077,-5.54
85,1930.0,311.37,312.88,308.53,312.8,18155300.0,6.4513,-1.1443,7.5956,66.2288,-32.666,19.6506,2.27
86,2245.0,165.75,167.39,164.21,165.11,15113700.0,6.6987,0.6986,6.0,77.5984,-12.1535,43.1397,8.37
87,819.0,127.64,128.1218,125.98,126.01,35012268.0,0.2278,-0.0923,0.3201,51.7458,-48.684,14.6732,-1.2
88,3102.0,64.01,64.49,62.45,63.19,37255100.0,-1.9409,-0.4723,-1.4686,34.2083,-92.9858,28.5378,-8.27
89,775.0,126.7,128.08,125.62,127.42,56075420.0,0.1853,-0.4464,0.6317,44.1152,-75.5102,14.0358,-2.2
90,3031.0,57.74,58.71,57.3,57.86,30832000.0,-2.0522,0.0171,-2.0693,39.8764,-81.7473,34.5114,-0.705
91,3417.0,63.15,64.43,62.05,63.28,12355400.0,3.7456,-0.4184,4.1639,60.5372,-41.1649,55.2761,2.01
92,1239.0,464.69,470.67,462.15,469.45,11387700.0,9.942,4.0207,5.9213,74.4674,-2.3480000000000003,22.901,43.14
93,3681.0,20.56,20.65,20.26,20.4199,6153300.0,-0.4922,-0.2881,-0.204,33.8852,-94.8252,18.7263,-2.6101
94,3000.0,67.05,68.61,64.96,68.3,66173800.0,2.9364,1.2123,1.7241,68.2054,-9.3664,36.6556,7.58
95,2554.0,191.29,192.24,185.57,186.26,32743700.0,9.8269,0.0894,9.7375,67.6773,-23.1603,48.9288,12.31
96,2295.0,124.76,130.83,124.55,130.78,22747400.0,1.9503,-0.6429,2.5932,60.7561,-19.2635,25.7049,1.21
97,523.0,99.02,99.56,98.68,98.94,20848131.0,0.1412,0.5235,-0.3823,53.8076,-35.4567,23.5532,1.04
98,3220.0,52.99,53.81,52.92,53.19,29279600.0,1.9978,0.2778,1.7201,74.9855,-8.0311,48.3775,4.39
99,3572.0,26.82,27.01,26.34,26.45,4128000.0,0.2268,-0.2636,0.4904,44.6439,-95.7187,22.9595,-0.19
100,4273.0,21.03,22.55,21.0,22.54,8401900.0,0.1593,-0.0648,0.2241,50.8915,-60.0939,17.1582,-1.21
101,718.0,112.17,113.31,111.54,113.29,53164407.0,-3.3598,0.14800000000000002,-3.5077,46.4529,-18.6784,43.9635,-2.67
102,89.0,179.26,180.615,178.05,178.12,33604574.0,2.1114,1.7846,0.3269,62.8092,-8.214,21.5287,13.78
103,163.0,175.11,176.095,173.14,175.88,28636531.0,4.9076,1.5277,3.3799,77.0776,-1.7167,29.3982,18.47
104,2942.0,81.9,82.6,81.13,82.19,15455600.0,2.2313,0.5848,1.6465,71.6997,-4.1,32.7709,6.93
105,790.0,128.38,130.72,128.36,130.19,50882918.0,0.3883,0.1692,0.2191,57.7164,-17.0109,11.6857,1.49
106,2884.0,85.73,87.51,85.51,85.7,43122300.0,0.8878,-0.4683,1.3561,44.4401,-76.1006,26.0796,0.23
107,669.0,121.11,121.81,120.62,121.06,33042283.0,2.4297,0.5889,1.8408,61.6349,-21.2308,25.3725,1.98
108,1959.0,286.33,292.76,286.0,288.92,28075600.0,8.9003,3.0588,5.8414,80.5512,-10.0366,32.6675,25.85
109,1273.0,431.44,435.7,430.3615,432.0,9264800.0,-1.7443,-1.9639,0.2196,43.3079,-87.7622,14.4525,-18.72
110,4151.0,22.8,22.93,21.28,21.65,5854200.0,0.5426,-0.0334,0.5760000000000001,49.213,-66.5722,33.0428,0.29
111,964.0,99.3,99.31,98.05,98.36,46277800.0,-2.9116,1.2837,-4.1953,34.7844,-90.4202,39.8609,-2.96
112,2401.0,90.13,90.94,88.8,90.0,28640000.0,-1.2990000000000002,-0.1865,-1.1125,44.4834,-79.5322,17.32,-4.0
113,158.0,171.18,171.87,170.3,171.1,23497326.0,3.7671,-0.2219,3.989,59.8773,-41.0543,27.8257,2.99
114,1277.0,435.74,442.7599,433.32,437.6,10218300.0,0.7403,-1.3634,2.1037,46.2381,-80.148,13.2414,-3.839
115,2040.0,259.3881,259.4,253.35,256.88,29129100.0,-0.0654,-0.4523,0.3869,55.3562,-24.1308,30.669,3.06
116,3057.0,67.37,68.38,67.12,67.79,18899200.0,0.7395,-0.3739,1.1133,47.3083,-81.2162,26.185,-1.81
117,2867.0,85.44,85.62,84.78,85.21,12987900.0,-0.7514,-0.0326,-0.7188,47.0401,-37.9947,20.8615,0.47
118,4138.0,23.22,23.54,22.85,23.07,4291500.0,0.4202,0.0989,0.3213,57.3603,-14.5897,22.0548,1.92
119,2879.0,86.43,86.49,85.25,85.55,20641800.0,-0.2861,-0.7459,0.4598,44.6052,-95.6284,22.1349,-11.55
120,4304.0,23.2,23.29,22.5,22.76,2834700.0,-0.048,-0.2278,0.1797,44.4974,-91.3333,14.3539,-0.09
121,1669.0,380.8,389.5,379.45,388.83,15386100.0,-2.4744,-2.47,-0.0045,45.6928,-65.8529,10.242,-7.68
122,4094.0,24.05,24.49,23.6,23.75,3830900.0,0.0266,-0.0872,0.1139,48.0527,-67.3913,10.2984,-1.1
123,801.0,126.1,130.13,125.3,128.95,58512638.0,0.8475,-0.0304,0.8779,53.5646,-55.4563,13.3108,4.2
124,884.0,112.82,113.13,110.21,110.38,41403351.0,0.0554,-0.1182,0.1736,45.13399999999999,-51.5864,22.6904,3.635
125,4560.0,99.25,99.25,93.37,94.0,6613100.0,-6.3443,-1.2561,-5.0882,35.2374,-98.0839,26.891,-19.12
126,2615.0,126.27,127.08,124.06,124.63,32189300.0,-10.9716,1.2726,-12.2442,32.8632,-62.0227,54.2399,-9.12
127,4499.0,46.88,49.0,46.81,48.5,2565600.0,-3.5073,0.8298,-4.3371,41.3882,-48.4848,37.4904,1.25
128,1482.0,631.87,638.61,630.21,631.69,12148900.0,9.2229,2.1266,7.0964,67.0486,-10.1392,22.52,20.93
129,3565.0,26.57,27.57,26.55,26.67,7482800.0,-0.1225,-0.159,0.0366,48.3948,-59.589,19.0526,-1.03
130,3347.0,43.29,43.97,42.86,43.7,19326000.0,-8.3396,0.2829,-8.6225,30.8395,-19.637,54.8763,0.95
131,1205.0,496.1,496.91,482.6,490.64,27218100.0,-1.686,-1.8724,0.1865,56.2013,-28.4679,25.6641,-15.53
132,243.0,150.48,151.42,149.95,151.02,20615419.0,0.4478,0.9420000000000001,-0.4942,63.1226,-4.3764,22.6672,6.93
133,668.0,120.96,121.81,120.05,120.57,33871405.0,2.3584,0.414,1.9443,60.0719,-32.1146,25.1844,5.29
134,875.0,109.04,110.49,108.5,109.8,48956588.0,-0.5868,-0.0401,-0.5467,47.3922,-49.0138,21.2758,-2.72
135,2551.0,187.9,188.69,181.3,183.6,33779300.0,8.6434,-0.8118,9.4552,60.8202,-44.7205,46.1898,-1.13
136,35.0,186.07,188.46,186.0,188.18,19183064.0,4.7681,1.3784,3.3897,66.5678,-7.3638,25.3004,11.61
137,3922.0,15.03,15.08,14.53,14.63,4346400.0,-0.1129,-0.1615,0.0486,40.1181,-93.29899999999999,16.8068,-0.9
138,733.0,114.58,116.25,114.5,115.52,38670405.0,-2.9235,-1.0379,-1.8855,30.2462,-83.5735,32.6714,-8.98
139,1023.0,92.2,92.44,90.88,91.28,54525000.0,-119.6982,-65.5674,-54.1308,8.2478,-99.9286,58.8284,-541.72
140,1425.0,590.23,590.74,580.09,582.8495,13389900.0,-19.3571,-3.6628,-15.6943,33.2522,-89.6213,38.934,-26.9905
141,4475.0,59.41,61.44,58.56,61.05,4060500.0,1.3808,0.0108,1.37,58.1568,-31.1044,17.718,2.61
142,3948.0,15.57,15.88,14.96,15.44,4628200.0,0.1881,0.1487,0.0394,59.8868,-21.519000000000002,16.9068,0.28
143,4016.0,14.33,15.22,14.25,15.2,7260600.0,-1.2733,-0.11,-1.1633,36.223,-79.0749,42.47,-2.12
144,14.0,190.03,190.16,188.26,188.84,61719160.0,2.4424,-0.7021,3.1445,52.8142,-66.5012,24.5576,-1.4
145,2309.0,131.75,132.86,131.12,132.71,14223400.0,5.8254,0.21,5.6154,75.7639,-1.0519,45.6168,10.95
146,4097.0,23.7,23.88,23.46,23.67,1936700.0,0.02,-0.1605,0.1805,47.4984,-70.8696,12.2712,-0.76
147,4207.0,17.29,18.23,17.29,18.0,10938800.0,0.13,0.3153,-0.1853,57.8882,-11.4525,21.9938,2.12
148,4305.0,23.29,23.3,22.62,23.2,4852800.0,0.0206,-0.21600000000000003,0.2367,47.3659,-81.5287,15.3116,0.2
149,1003.0,95.86,96.89,95.65,96.45,42810000.0,-66.5425,18.5283,-85.0708,12.2358,-6.0773,74.7563,4.47
150,1506.0,606.12,607.66,597.22,604.43,16761500.0,9.2763,2.8239,6.4525,60.2377,-28.4556,19.3666,32.405
151,2474.0,164.57,164.89,151.4585,157.92,37356400.0,-1.9421,-1.9268,-0.0153,34.7325,-75.1877,20.9176,-18.87
152,3067.0,70.78,71.54,69.16,69.6,26799300.0,0.9635,0.4227,0.5408,58.36600000000001,-26.9819,24.2016,4.789
153,4242.0,18.2,18.34,17.58,17.81,3876400.0,-0.7473,0.0073,-0.7546,35.9464,-89.1509,28.0656,-1.24
154,3677.0,21.23,21.25,20.614,20.68,4797400.0,-0.5866,-0.1564,-0.4302,39.654,-75.5162,18.9604,-0.86
155,3501.0,30.39,31.54,30.35,31.52,6268500.0,-0.0193,-0.1598,0.1405,51.4191,-44.8485,17.2162,-0.91
156,1682.0,407.56,409.0,401.89,404.69,17666600.0,3.5493,-0.4106,3.9599,54.1732,-45.3908,11.4996,-3.74
157,2653.0,185.43,187.83,183.33,187.21,27644900.0,3.2807,-0.6502,3.9309,55.8156,-55.5845,18.4791,-2.7428
158,692.0,110.63,111.74,109.765,111.31,48856977.0,-0.9197,-0.1999,-0.7199,46.4356,-57.3561,32.3426,-2.09
159,90.0,179.1,180.48,178.16,178.39,38685165.0,1.7659,1.8851,-0.1193,63.3739,-6.9114,21.7335,15.68
160,3875.0,14.41,14.64,14.24,14.54,3723100.0,-0.0398,0.0305,-0.0704,52.0956,-37.3239,9.9939,0.22
161,2370.0,92.77,97.25,92.62,96.46,26758800.0,1.1261,1.0664,0.0597,60.5969,-4.147,15.1853,8.1
162,1499.0,613.03,614.44,603.7,604.3,14195400.0,8.2865,0.1237,8.1628,56.1925,-42.928000000000004,23.3602,-1.58
163,1283.0,450.73,452.36,442.48,450.72,13298300.0,3.4234,0.4254,2.998,56.9258,-16.7016,15.009,17.46
164,3529.0,32.509,32.97,31.89,32.54,6661500.0,1.2717,-0.0515,1.3232,61.8709,-35.1812,37.7289,-0.2
165,2473.0,156.86,159.96,149.79,151.68,44465200.0,-2.9869,-2.3772,-0.6096,29.467,-93.1794,23.1917,-20.87
166,4041.0,20.42,20.59,19.98,20.15,6310000.0,-1.092,-0.2493,-0.8427,33.7646,-67.4641,27.6497,-2.63
167,640.0,108.91,109.52,105.81,106.03,96453327.0,-2.0156,-1.1489,-0.8667,29.1438,-98.4342,22.9658,-13.0
168,1004.0,95.36,95.89,94.8625,95.22,34018000.0,-71.2275,18.4755,-89.7029,11.2568,-22.0979,74.7283,4.32
169,3531.0,33.9,34.19,32.21,32.49,9305300.0,1.4393,0.1073,1.3321,61.6032,-36.2473,40.7939,2.37
170,1492.0,603.23,611.7,602.72,610.76,16511700.0,2.2689,-1.5664,3.8352,58.7016,-10.1213,18.8171,3.82
171,3032.0,57.61,58.35,57.29,57.47,24034800.0,-2.1326,-0.059000000000000004,-2.0736,38.3692,-87.8315,34.4835,-2.253
172,464.0,105.66,106.5699,105.64,106.1,29662406.0,1.0979999999999999,-0.703,1.801,50.3622,-87.315,26.559,-3.12
173,1232.0,497.88,504.25,493.4,498.5,27013300.0,14.1446,3.6796,10.465,76.7698,-8.2249,32.0063,45.97
174,3887.0,14.24,14.69,14.16,14.58,5111700.0,-0.1783,0.0057,-0.184,51.6125,-25.0,12.7436,-0.05
175,4481.0,57.34,60.06,57.0,57.75,3357100.0,1.7898,0.2284,1.5614,52.5687,-48.7749,24.1827,-0.31
176,3860.0,14.47,14.71,14.31,14.53,3589000.0,0.0225,-0.0336,0.0561,47.8922,-51.3333,14.0309,-0.47
177,777.0,129.5,129.69,128.36,128.65,35626800.0,0.588,-0.2457,0.8337,48.0406,-93.7093,10.8676,-2.74
178,288.0,156.01,156.65,155.05,155.7,25700983.0,3.5271,0.8996,2.6275,78.5895,-7.1001,34.0238,9.12
179,3519.0,32.65,33.63,32.11,32.93,31566500.0,0.0948,-0.2472,0.3419,62.6153,-23.1193,31.1023,0.39
180,3425.0,65.35,65.76,64.34,64.55,9824000.0,4.0729,0.5323,3.5406,88.9904,-9.7738,59.7914,9.25
181,624.0,100.32,101.19,97.3,97.39,62439631.0,-4.2011,-0.5902,-3.6109,30.0234,-92.6154,40.3468,-11.35
182,1305.0,444.46,444.93,434.39,439.29,18103900.0,-2.7952,4.5884,-7.3836,57.6909,-9.9086,25.8215,36.49
183,737.0,121.5,122.57,117.52,118.44,69975968.0,-1.5230000000000001,-0.7273,-0.7957,32.0809,-94.0453,24.9811,-13.63
184,3212.0,52.33,53.65,51.88,53.61,18986900.0,1.7434,-0.0951,1.8385,64.0791,-18.1644,41.3898,2.4
185,808.0,126.99,128.87,126.32,128.62,37654505.0,0.5243,0.1464,0.3778,57.6738,-5.3419,10.2569,3.02
186,2445.0,99.6,102.04,85.885,97.4,62936700.0,-12.0545,1.719,-13.7735,37.6714,-60.5096,53.5934,0.33
187,2142.0,213.13,213.35,210.56,210.732,12586100.0,3.4462,1.7423,1.7039,64.1314,-14.0218,20.0641,15.702
188,2472.0,152.32,154.99,148.8,151.61,34755100.0,-3.7769999999999997,-2.5339,-1.2431,29.4131,-90.2091,25.3994,-22.03
189,4329.0,24.93,25.63,24.6,25.04,12382200.0,0.8529,0.3553,0.4976,62.7453,-10.1429,19.4949,4.17
190,2447.0,103.84,107.0,97.89,97.95,56577700.0,-13.3685,1.2579,-14.6264,36.8294,-71.0938,55.8942,-11.17
191,1274.0,435.4,436.29,428.5,430.05,9709500.0,-1.3096,-2.0202,0.7106,41.3878,-94.5804,14.1009,-19.685
192,1668.0,389.25,391.14,384.32,384.77,12471800.0,-2.9355,-2.3448,-0.5907,43.356,-78.895,10.2821,-12.64
193,4472.0,52.75,55.5,52.06,53.5,7777700.0,0.1638,-0.7961,0.9599,43.8988,-72.1338,17.8627,-4.94
194,944.0,99.95,100.65,99.42,99.62,37051182.0,-0.7644,0.1002,-0.8646,44.5945,-63.6015,21.8596,-1.44
195,4259.0,19.27,19.42,18.51,18.79,4196900.0,-1.0248,-0.3719,-0.6529,37.8123,-87.2456,22.8274,-6.31
196,3623.0,23.85,24.1,22.83,23.0,5642500.0,0.2894,0.0448,0.2446,53.9801,-45.8333,17.3428,0.44
197,1111.0,510.06,513.5,507.81,512.51,9205900.0,-11.008,-2.5416,-8.4665,40.008,-70.2542,27.4149,-43.67
198,1473.0,679.99,680.87,673.54,675.68,15250300.0,17.9216,3.4601,14.4615,73.9435,-8.1386,36.4506,45.68
199,753.0,121.94,123.85,121.21,123.28,61354474.0,-1.4042,-0.4728,-0.9315,41.1336,-61.6257,25.2985,-4.22
200,4280.0,23.66,25.1,23.2,23.25,9203400.0,0.3481,0.3859,-0.0378,57.3875,-32.1739,18.6327,2.81
201,967.0,103.1,103.2,98.58,98.94,125233100.0,-3.1447,2.1967,-5.3413,34.426,-69.1643,41.3994,-1.59
202,1172.0,519.58,523.19,512.38,512.492,9379300.0,8.0107,-1.6068,9.6175,51.2879,-85.7079,19.4015,-19.418
203,3580.0,29.07,29.31,28.5,29.18,7195200.0,0.7739,0.0412,0.7327,63.5174,-12.2324,32.1225,2.07
204,255.0,144.45,144.96,143.78,144.02,22328979.0,-1.6669999999999998,-0.2525,-1.4145,41.2213,-70.0658,24.6537,1.75
205,2868.0,84.63,85.64,84.57,85.3,18142200.0,-0.8045,-0.0939,-0.7107,47.3159,-45.898,20.9804,-0.43
206,2665.0,177.15,180.9,176.99,179.81,27635700.0,2.2223,0.8904,1.3319,55.8906,-27.8111,19.3927,15.86
207,522.0,98.5,99.99,98.46,99.65,26601354.0,0.2482,0.5044,-0.2562,56.5298,-30.3935,23.4163,0.03
208,229.0,158.6,161.83,158.27,160.08,35775675.0,2.6736,0.9366,1.7371,70.9095,-12.044,24.8119,7.34
209,2669.0,176.82,180.6,175.35,180.22,41104000.0,0.5498,0.1699,0.3799,58.0135,-18.4174,21.2603,10.26
210,2844.0,91.99,94.0,91.65,93.87,24532000.0,1.3792,0.5539,0.8253,67.3977,-1.479,19.9552,6.15
211,3756.0,21.35,21.4,20.1,20.38,4454300.0,0.4566,-0.0883,0.5449,51.7613,-80.9524,31.6405,-0.42
212,2831.0,93.67,94.258,93.41,94.25,12588100.0,1.5497,-0.1252,1.6749,59.2646,-49.8069,29.4069,-1.6
213,1093.0,530.92,534.75,529.13,532.36,7145100.0,-1.0685,0.691,-1.7595,51.8639,-52.9081,13.6492,-5.01
214,3530.0,32.1,32.99,31.41,32.5,10545600.0,1.3522,0.0161,1.3361,61.6539,-36.0341,39.2046,1.81
215,2357.0,89.86,92.92,89.25,91.16,29751900.0,-0.0372,-0.9527,0.9155,47.6664,-71.8011,16.6038,-6.67
216,1694.0,392.57,403.18,391.5,400.29,21631700.0,-0.46299999999999997,-0.9607,0.4977,57.9466,-17.1465,17.4303,1.03
217,2274.0,135.42,137.5,134.86,136.22,17340200.0,1.7613,-1.0607,2.8219,52.5105,-75.2959,22.7989,-4.03
218,3265.0,41.41,42.1,41.37,41.49,20939200.0,0.7158,0.4848,0.231,67.9085,-10.2007,17.7156,4.99
219,2036.0,258.21,261.9,254.63,255.965,27082300.0,2.1996,0.9359,1.2637,52.5699,-28.8378,24.4778,18.205
220,2726.0,132.01,132.3,130.0,131.77,51092000.0,1.4923,0.6139,0.8784,49.3192,-55.5249,16.4707,0.7
221,223.0,161.94,162.51,160.15,160.95,27321761.0,3.1291,0.4914,2.6377,63.9994,-10.8484,24.8641,3.81
222,4078.0,23.56,24.34,23.55,24.12,3467900.0,0.0716,-0.1441,0.2157,46.4571,-78.2443,11.6888,-0.74
223,1521.0,583.4,590.0,583.1,587.41,12907300.0,2.7261,2.4014,0.3247,58.6564,-6.2410000000000005,12.7485,24.58
224,1071.0,539.81,540.0,530.58,531.82,9830400.0,1.9342,-0.0114,1.9456,46.9415,-72.1852,13.9482,-1.05
225,1724.0,388.18,391.5,388.0,389.97,14473900.0,2.2277,0.6829,1.5448,58.7611,-4.2021,17.6456,6.56
226,900.0,114.1,114.648,111.62,112.4,57664850.0,1.9865,-0.7799,2.7664,48.513999999999996,-86.6745,37.1272,-4.07
227,2945.0,79.99,81.9,79.75,81.46,29732400.0,1.6592,0.4269,1.2323,71.2618,-4.7312,27.914,6.83
228,417.0,110.08,110.51,109.46,110.41,32560000.0,-0.8413,-0.9945,0.1531,38.0102,-77.561,26.4992,-7.24
229,184.0,155.97,156.98,155.75,156.55,16607693.0,-0.628,0.3303,-0.9584,52.0064,-16.4027,14.8161,2.32
230,4479.0,58.56,59.63,56.81,56.86,7617000.0,1.3840000000000001,-0.1519,1.5359,50.3404,-93.7984,21.3474,-2.64
231,1174.0,524.58,528.885,523.0,525.4490000000001,9471900.0,10.033999999999999,-0.156,10.19,61.2926,-34.8774,21.6342,5.5815
232,1954.0,289.0,290.0,281.25,283.75,24049700.0,8.9541,0.6756,8.2784,64.9951,-37.5899,31.0211,7.18
233,4256.0,19.89,19.9,19.0,19.5,3322400.0,-0.8918,-0.0989,-0.7929,42.9517,-77.6119,22.1807,-0.48
234,2558.0,183.75,186.5,183.07,185.06,32110200.0,10.2768,0.938,9.3388,72.1366,-10.4284,47.1901,16.12
235,454.0,113.86,115.73,113.49,115.57,90613177.0,1.3079,0.4579,0.85,71.6023,-1.2121,22.5181,9.47
236,519.0,97.32,98.475,96.75,97.46,31931944.0,0.0759,0.1335,-0.0576,47.0023,-84.2205,21.0617,-2.4
237,3659.0,19.65,19.89,19.25,19.85,6733300.0,-0.4832,-0.0556,-0.4276,39.1127,-76.834,17.8999,-1.2
238,459.0,107.25,107.27,105.24,105.52,53002026.0,0.7034,-0.47,1.1733,45.7028,-93.7079,21.615,-2.51
239,665.0,116.26,116.82,115.65,115.72,32525579.0,1.25,-0.5032,1.7532,47.0557,-82.4008,21.5435,-4.81
240,4469.0,49.31,53.81,48.13,53.5,17492600.0,-0.887,-1.0316,0.1446,46.3093,-59.6544,18.7009,-3.36
241,3078.0,66.3,67.44,65.81,66.469,26238500.0,0.4563,0.7374,-0.2811,51.973,-38.8108,25.6,3.719
242,1735.0,378.07,379.64,374.23,376.99,18892000.0,3.303,-3.5773,6.8803,52.412,-53.4382,26.2157,-13.49
243,3611.0,23.6,24.19,23.6,23.92,4020200.0,0.3217,0.1033,0.2185,61.3415,-15.767000000000001,15.1538,0.66
244,2762.0,138.19,138.44,136.04,138.12,27030600.0,5.2855,0.7586,4.527,72.2214,-8.9942,34.3025,10.95
245,1328.0,449.82,451.819,441.62,442.66,15815700.0,0.0237,2.436,-2.4123,45.0779,-60.9016,23.9633,10.16
246,3229.0,49.05,49.4,47.92,48.68,34395500.0,1.2293,0.0723,1.1569,69.8192,-17.3913,39.5822,2.94
247,4079.0,24.3,24.5,23.68,23.77,2508000.0,0.1254,-0.1264,0.2517,43.0823,-96.3855,11.3723,-0.89
248,2202.0,187.74,190.01,187.3,190.01,21610200.0,4.6828,-0.1285,4.8113,69.5185,0.0,25.1733,5.53
249,4112.0,24.06,24.53,23.61,24.38,4611600.0,0.1297,0.0606,0.0691,54.9459,-14.8515,15.8686,2.88
250,2792.0,121.41,122.69,120.5,122.67,32885200.0,5.5821,0.6357,4.9463,77.1511,-0.1038,46.2809,10.69
251,3211.0,54.16,54.54,53.68,54.44,18126900.0,1.7986,-0.0319,1.8305,66.4251,-2.2945,40.4328,1.8
252,2841.0,93.99,95.9,93.3,95.85,30892400.0,1.9661,0.6728,1.2934,70.5811,-0.5882,25.6783,5.98
253,2608.0,118.23,123.05,118.09,122.96,52683500.0,-8.7289,1.3852,-10.1141,36.8914,-51.67100000000001,54.9665,-1.9
254,2780.0,121.7,124.29,120.72,123.9,30965900.0,3.8448,-0.4844,4.3292,63.486999999999995,-30.3849,36.9721,-0.16899999999999998
255,3610.0,23.96,25.22,23.91,25.16,11789700.0,0.4446,0.1809,0.2637,70.248,-1.8017,16.4644,2.69
256,2763.0,138.3,139.6,137.5,138.9099,25355700.0,5.2268,0.8895,4.3373,74.572,-5.1646,33.6521,17.6499
257,4326.0,24.21,24.86,23.57,24.72,5906800.0,1.0154,0.2874,0.728,60.4374,-16.748,20.8691,2.68
258,3894.0,14.21,14.76,14.21,14.62,9983400.0,-0.1028,0.0321,-0.1348,47.8807,-49.3506,12.2767,-0.18
259,548.0,94.2,95.74,93.68,95.18,56831277.0,-2.9513,-1.7993,-1.1520000000000001,27.7204,-86.09299999999999,37.181999999999995,-11.73
260,469.0,108.565,108.75,107.68,108.03,23675081.0,2.2183,-0.3089,2.5272,61.7361,-54.321000000000005,36.2663,0.03
261,278.0,153.42,154.43,153.33,153.67,20034934.0,2.2726,-0.3333,2.6059,61.7652,-42.9395,23.8457,-2.03
262,2411.0,90.35,94.49,88.86,94.0,37278400.0,-2.3876,1.2231,-3.6107,49.1096,-13.0486,27.482,13.51
263,3949.0,15.55,15.95,15.25,15.61,6237500.0,0.1501,0.1478,0.0023,62.638000000000005,-13.3858,16.2984,0.84
264,3230.0,46.69,48.88,46.55,48.8,29236400.0,1.1358,-0.0031,1.1389,70.7971,-2.2099,38.1537,2.93
265,2174.0,202.87,204.83,202.07,204.45,12258600.0,3.6663,0.5083,3.158,64.7831,-2.8307,22.9157,15.95
266,4615.0,127.0,127.94,120.69,122.0,2779100.0,4.0165,0.647,3.3695,56.6941,-39.6531,11.585999999999999,7.88
267,2878.0,84.86,86.0,84.35,85.73,30573900.0,-0.3999,-0.6878,0.2878,45.1046,-89.5849,21.8933,-9.22
268,1654.0,389.93,390.94,386.7625,389.09,10883800.0,-1.1476,2.3478,-3.4954,52.18600000000001,-22.1215,13.1034,12.58
269,4387.0,19.5,19.81,19.06,19.56,8621800.0,0.9620000000000001,0.3725,0.5895,61.0776,-27.6,33.6041,1.56
270,2507.0,148.9,162.76,146.53,162.02,67128300.0,-2.832,-0.883,-1.949,38.696,-54.9447,19.7033,-17.53
271,694.0,108.01,111.0136,107.55,110.38,58019758.0,-0.9347,-0.3363,-0.5984,43.9737,-67.2708,32.6446,-3.07
272,3628.0,22.45,22.89,22.4,22.71,3452500.0,0.1314,-0.1076,0.2389,54.153,-39.881,16.5505,0.15
273,1279.0,436.5,443.24,432.77,441.811,14447700.0,1.886,-0.8423,2.7283,49.5519,-56.6259,13.834000000000001,-0.32899999999999996
274,3953.0,14.47,14.88,14.26,14.7,3895500.0,-0.0366,0.0674,-0.10400000000000001,52.8325,-29.1005,13.6364,1.01
275,4139.0,23.4,23.55,22.72,23.27,3329400.0,0.4057,0.1091,0.2966,59.114,-8.5106,21.9908,2.22
276,4480.0,56.75,59.5,56.75,58.0,5464000.0,1.6236,0.0498,1.5738,53.0977,-56.9832,22.6822,-1.19
277,4508.0,45.56,48.06,44.25,48.0,6069600.0,-5.2684,0.6671,-5.9355,36.6633,-74.3677,38.9023,-7.13
